S_No,Location,Zone_Type,Year,Month,Month_Name,Noise_Day_dB,Noise_Night_dB,Base_2008_Day_dB,Base_2008_Night_dB,Zone_Category
1,Adarsh Nagar,Residential,2020,1,Jan,68.39,58.37,61.71,52.39,High
1,Adarsh Nagar,Residential,2020,2,Feb,68.65,58.97,61.71,52.39,High
1,Adarsh Nagar,Residential,2020,3,Mar,68.8,58.74,61.71,52.39,High
1,Adarsh Nagar,Residential,2020,4,Apr,69.82,59.24,61.71,52.39,High
1,Adarsh Nagar,Residential,2020,5,May,69.3,59.37,61.71,52.39,High
1,Adarsh Nagar,Residential,2020,6,Jun,69.5,59.27,61.71,52.39,High
1,Adarsh Nagar,Residential,2020,7,Jul,69.59,58.74,61.71,52.39,High
1,Adarsh Nagar,Residential,2020,8,Aug,68.5,58.94,61.71,52.39,High
1,Adarsh Nagar,Residential,2020,9,Sep,68.58,59.0,61.71,52.39,High
1,Adarsh Nagar,Residential,2020,10,Oct,68.83,58.69,61.71,52.39,High
1,Adarsh Nagar,Residential,2020,11,Nov,69.48,58.74,61.71,52.39,High
1,Adarsh Nagar,Residential,2020,12,Dec,68.42,58.08,61.71,52.39,High
1,Adarsh Nagar,Residential,2021,1,Jan,69.97,59.94,61.71,52.39,High
1,Adarsh Nagar,Residential,2021,2,Feb,69.93,60.12,61.71,52.39,High
1,Adarsh Nagar,Residential,2021,3,Mar,70.65,60.22,61.71,52.39,High
1,Adarsh Nagar,Residential,2021,4,Apr,70.95,61.07,61.71,52.39,Critical
1,Adarsh Nagar,Residential,2021,5,May,71.48,60.39,61.71,52.39,High
1,Adarsh Nagar,Residential,2021,6,Jun,72.02,60.54,61.71,52.39,Critical
1,Adarsh Nagar,Residential,2021,7,Jul,71.57,60.22,61.71,52.39,High
1,Adarsh Nagar,Residential,2021,8,Aug,70.66,60.67,61.71,52.39,High
1,Adarsh Nagar,Residential,2021,9,Sep,71.29,60.46,61.71,52.39,High
1,Adarsh Nagar,Residential,2021,10,Oct,71.14,60.52,61.71,52.39,High
1,Adarsh Nagar,Residential,2021,11,Nov,70.3,60.09,61.71,52.39,High
1,Adarsh Nagar,Residential,2021,12,Dec,70.21,60.33,61.71,52.39,High
1,Adarsh Nagar,Residential,2022,1,Jan,72.53,60.98,61.71,52.39,Critical
1,Adarsh Nagar,Residential,2022,2,Feb,72.72,61.49,61.71,52.39,Critical
1,Adarsh Nagar,Residential,2022,3,Mar,72.82,62.09,61.71,52.39,Critical
1,Adarsh Nagar,Residential,2022,4,Apr,73.8,62.39,61.71,52.39,Critical
1,Adarsh Nagar,Residential,2022,5,May,73.35,62.22,61.71,52.39,Critical
1,Adarsh Nagar,Residential,2022,6,Jun,74.02,62.8,61.71,52.39,Critical
1,Adarsh Nagar,Residential,2022,7,Jul,73.5,62.35,61.71,52.39,Critical
1,Adarsh Nagar,Residential,2022,8,Aug,72.95,61.85,61.71,52.39,Critical
1,Adarsh Nagar,Residential,2022,9,Sep,73.52,62.42,61.71,52.39,Critical
1,Adarsh Nagar,Residential,2022,10,Oct,73.36,62.51,61.71,52.39,Critical
1,Adarsh Nagar,Residential,2022,11,Nov,73.23,61.72,61.71,52.39,Critical
1,Adarsh Nagar,Residential,2022,12,Dec,72.73,62.07,61.71,52.39,Critical
1,Adarsh Nagar,Residential,2023,1,Jan,72.98,62.48,61.71,52.39,Critical
1,Adarsh Nagar,Residential,2023,2,Feb,72.14,62.36,61.71,52.39,Critical
1,Adarsh Nagar,Residential,2023,3,Mar,73.72,62.32,61.71,52.39,Critical
1,Adarsh Nagar,Residential,2023,4,Apr,74.03,62.01,61.71,52.39,Critical
1,Adarsh Nagar,Residential,2023,5,May,74.2,62.92,61.71,52.39,Critical
1,Adarsh Nagar,Residential,2023,6,Jun,75.08,62.85,61.71,52.39,Critical
1,Adarsh Nagar,Residential,2023,7,Jul,73.97,62.76,61.71,52.39,Critical
1,Adarsh Nagar,Residential,2023,8,Aug,74.36,62.81,61.71,52.39,Critical
1,Adarsh Nagar,Residential,2023,9,Sep,73.58,62.66,61.71,52.39,Critical
1,Adarsh Nagar,Residential,2023,10,Oct,74.03,63.0,61.71,52.39,Critical
1,Adarsh Nagar,Residential,2023,11,Nov,73.41,62.31,61.71,52.39,Critical
1,Adarsh Nagar,Residential,2023,12,Dec,73.03,61.67,61.71,52.39,Critical
1,Adarsh Nagar,Residential,2024,1,Jan,73.81,62.49,61.71,52.39,Critical
1,Adarsh Nagar,Residential,2024,2,Feb,73.89,62.44,61.71,52.39,Critical
1,Adarsh Nagar,Residential,2024,3,Mar,73.82,62.68,61.71,52.39,Critical
1,Adarsh Nagar,Residential,2024,4,Apr,74.55,62.77,61.71,52.39,Critical
1,Adarsh Nagar,Residential,2024,5,May,74.93,63.33,61.71,52.39,Critical
1,Adarsh Nagar,Residential,2024,6,Jun,75.94,63.46,61.71,52.39,Critical
1,Adarsh Nagar,Residential,2024,7,Jul,75.09,63.29,61.71,52.39,Critical
1,Adarsh Nagar,Residential,2024,8,Aug,73.92,63.1,61.71,52.39,Critical
1,Adarsh Nagar,Residential,2024,9,Sep,74.51,63.65,61.71,52.39,Critical
1,Adarsh Nagar,Residential,2024,10,Oct,74.61,63.2,61.71,52.39,Critical
1,Adarsh Nagar,Residential,2024,11,Nov,74.38,62.46,61.71,52.39,Critical
1,Adarsh Nagar,Residential,2024,12,Dec,74.35,62.74,61.71,52.39,Critical
2,Anand Vihar,Commercial,2020,1,Jan,66.38,59.17,62.45,54.96,High
2,Anand Vihar,Commercial,2020,2,Feb,66.82,59.12,62.45,54.96,High
2,Anand Vihar,Commercial,2020,3,Mar,66.99,60.5,62.45,54.96,High
2,Anand Vihar,Commercial,2020,4,Apr,66.66,59.87,62.45,54.96,High
2,Anand Vihar,Commercial,2020,5,May,67.4,60.09,62.45,54.96,High
2,Anand Vihar,Commercial,2020,6,Jun,66.94,60.46,62.45,54.96,High
2,Anand Vihar,Commercial,2020,7,Jul,66.94,60.48,62.45,54.96,High
2,Anand Vihar,Commercial,2020,8,Aug,66.69,60.6,62.45,54.96,High
2,Anand Vihar,Commercial,2020,9,Sep,66.55,59.84,62.45,54.96,High
2,Anand Vihar,Commercial,2020,10,Oct,67.39,59.77,62.45,54.96,High
2,Anand Vihar,Commercial,2020,11,Nov,66.85,60.23,62.45,54.96,High
2,Anand Vihar,Commercial,2020,12,Dec,65.62,59.6,62.45,54.96,High
2,Anand Vihar,Commercial,2021,1,Jan,69.66,62.17,62.45,54.96,High
2,Anand Vihar,Commercial,2021,2,Feb,69.27,61.64,62.45,54.96,High
2,Anand Vihar,Commercial,2021,3,Mar,70.47,62.43,62.45,54.96,Critical
2,Anand Vihar,Commercial,2021,4,Apr,70.66,62.64,62.45,54.96,Critical
2,Anand Vihar,Commercial,2021,5,May,70.59,62.81,62.45,54.96,Critical
2,Anand Vihar,Commercial,2021,6,Jun,71.18,62.73,62.45,54.96,Critical
2,Anand Vihar,Commercial,2021,7,Jul,71.61,62.98,62.45,54.96,Critical
2,Anand Vihar,Commercial,2021,8,Aug,70.08,62.84,62.45,54.96,Critical
2,Anand Vihar,Commercial,2021,9,Sep,69.97,62.68,62.45,54.96,Critical
2,Anand Vihar,Commercial,2021,10,Oct,71.02,62.39,62.45,54.96,Critical
2,Anand Vihar,Commercial,2021,11,Nov,70.65,62.46,62.45,54.96,Critical
2,Anand Vihar,Commercial,2021,12,Dec,70.09,62.61,62.45,54.96,Critical
2,Anand Vihar,Commercial,2022,1,Jan,73.46,64.51,62.45,54.96,Critical
2,Anand Vihar,Commercial,2022,2,Feb,73.4,64.6,62.45,54.96,Critical
2,Anand Vihar,Commercial,2022,3,Mar,74.23,65.24,62.45,54.96,Critical
2,Anand Vihar,Commercial,2022,4,Apr,74.67,65.59,62.45,54.96,Critical
2,Anand Vihar,Commercial,2022,5,May,74.87,65.98,62.45,54.96,Critical
2,Anand Vihar,Commercial,2022,6,Jun,74.95,66.56,62.45,54.96,Critical
2,Anand Vihar,Commercial,2022,7,Jul,75.11,65.38,62.45,54.96,Critical
2,Anand Vihar,Commercial,2022,8,Aug,74.13,65.58,62.45,54.96,Critical
2,Anand Vihar,Commercial,2022,9,Sep,74.27,65.45,62.45,54.96,Critical
2,Anand Vihar,Commercial,2022,10,Oct,74.75,65.42,62.45,54.96,Critical
2,Anand Vihar,Commercial,2022,11,Nov,73.92,64.69,62.45,54.96,Critical
2,Anand Vihar,Commercial,2022,12,Dec,73.58,65.1,62.45,54.96,Critical
2,Anand Vihar,Commercial,2023,1,Jan,74.65,65.07,62.45,54.96,Critical
2,Anand Vihar,Commercial,2023,2,Feb,74.83,65.66,62.45,54.96,Critical
2,Anand Vihar,Commercial,2023,3,Mar,74.91,65.89,62.45,54.96,Critical
2,Anand Vihar,Commercial,2023,4,Apr,75.58,65.7,62.45,54.96,Critical
2,Anand Vihar,Commercial,2023,5,May,76.0,66.41,62.45,54.96,Critical
2,Anand Vihar,Commercial,2023,6,Jun,76.49,66.76,62.45,54.96,Critical
2,Anand Vihar,Commercial,2023,7,Jul,75.31,66.06,62.45,54.96,Critical
2,Anand Vihar,Commercial,2023,8,Aug,75.77,66.29,62.45,54.96,Critical
2,Anand Vihar,Commercial,2023,9,Sep,75.57,67.1,62.45,54.96,Critical
2,Anand Vihar,Commercial,2023,10,Oct,75.79,66.48,62.45,54.96,Critical
2,Anand Vihar,Commercial,2023,11,Nov,75.64,66.04,62.45,54.96,Critical
2,Anand Vihar,Commercial,2023,12,Dec,74.63,65.77,62.45,54.96,Critical
2,Anand Vihar,Commercial,2024,1,Jan,75.25,66.17,62.45,54.96,Critical
2,Anand Vihar,Commercial,2024,2,Feb,75.57,66.36,62.45,54.96,Critical
2,Anand Vihar,Commercial,2024,3,Mar,77.19,66.08,62.45,54.96,Critical
2,Anand Vihar,Commercial,2024,4,Apr,76.83,66.36,62.45,54.96,Critical
2,Anand Vihar,Commercial,2024,5,May,76.67,67.37,62.45,54.96,Critical
2,Anand Vihar,Commercial,2024,6,Jun,77.09,66.92,62.45,54.96,Critical
2,Anand Vihar,Commercial,2024,7,Jul,76.57,67.34,62.45,54.96,Critical
2,Anand Vihar,Commercial,2024,8,Aug,76.27,67.0,62.45,54.96,Critical
2,Anand Vihar,Commercial,2024,9,Sep,76.38,66.54,62.45,54.96,Critical
2,Anand Vihar,Commercial,2024,10,Oct,77.42,67.13,62.45,54.96,Critical
2,Anand Vihar,Commercial,2024,11,Nov,75.45,66.7,62.45,54.96,Critical
2,Anand Vihar,Commercial,2024,12,Dec,75.5,66.6,62.45,54.96,Critical
3,Ashok Vihar,Residential,2020,1,Jan,66.93,59.66,60.91,53.47,High
3,Ashok Vihar,Residential,2020,2,Feb,67.65,60.05,60.91,53.47,High
3,Ashok Vihar,Residential,2020,3,Mar,67.47,59.99,60.91,53.47,High
3,Ashok Vihar,Residential,2020,4,Apr,68.06,60.09,60.91,53.47,High
3,Ashok Vihar,Residential,2020,5,May,69.26,60.61,60.91,53.47,High
3,Ashok Vihar,Residential,2020,6,Jun,68.25,60.97,60.91,53.47,High
3,Ashok Vihar,Residential,2020,7,Jul,69.4,60.9,60.91,53.47,High
3,Ashok Vihar,Residential,2020,8,Aug,67.64,60.24,60.91,53.47,High
3,Ashok Vihar,Residential,2020,9,Sep,68.56,59.98,60.91,53.47,High
3,Ashok Vihar,Residential,2020,10,Oct,68.43,60.62,60.91,53.47,High
3,Ashok Vihar,Residential,2020,11,Nov,67.58,60.07,60.91,53.47,High
3,Ashok Vihar,Residential,2020,12,Dec,66.15,59.48,60.91,53.47,High
3,Ashok Vihar,Residential,2021,1,Jan,69.15,60.82,60.91,53.47,High
3,Ashok Vihar,Residential,2021,2,Feb,70.1,60.86,60.91,53.47,High
3,Ashok Vihar,Residential,2021,3,Mar,69.77,61.63,60.91,53.47,High
3,Ashok Vihar,Residential,2021,4,Apr,70.83,61.36,60.91,53.47,Critical
3,Ashok Vihar,Residential,2021,5,May,71.02,61.99,60.91,53.47,Critical
3,Ashok Vihar,Residential,2021,6,Jun,70.36,62.33,60.91,53.47,Critical
3,Ashok Vihar,Residential,2021,7,Jul,70.63,61.91,60.91,53.47,Critical
3,Ashok Vihar,Residential,2021,8,Aug,70.28,61.77,60.91,53.47,Critical
3,Ashok Vihar,Residential,2021,9,Sep,70.1,61.89,60.91,53.47,High
3,Ashok Vihar,Residential,2021,10,Oct,70.88,61.52,60.91,53.47,Critical
3,Ashok Vihar,Residential,2021,11,Nov,70.8,61.0,60.91,53.47,High
3,Ashok Vihar,Residential,2021,12,Dec,69.39,61.47,60.91,53.47,High
3,Ashok Vihar,Residential,2022,1,Jan,71.56,62.6,60.91,53.47,Critical
3,Ashok Vihar,Residential,2022,2,Feb,71.57,62.74,60.91,53.47,Critical
3,Ashok Vihar,Residential,2022,3,Mar,71.91,63.44,60.91,53.47,Critical
3,Ashok Vihar,Residential,2022,4,Apr,72.59,63.18,60.91,53.47,Critical
3,Ashok Vihar,Residential,2022,5,May,73.11,63.68,60.91,53.47,Critical
3,Ashok Vihar,Residential,2022,6,Jun,73.28,63.98,60.91,53.47,Critical
3,Ashok Vihar,Residential,2022,7,Jul,72.42,63.52,60.91,53.47,Critical
3,Ashok Vihar,Residential,2022,8,Aug,72.75,63.67,60.91,53.47,Critical
3,Ashok Vihar,Residential,2022,9,Sep,72.24,63.33,60.91,53.47,Critical
3,Ashok Vihar,Residential,2022,10,Oct,72.96,63.31,60.91,53.47,Critical
3,Ashok Vihar,Residential,2022,11,Nov,72.37,63.13,60.91,53.47,Critical
3,Ashok Vihar,Residential,2022,12,Dec,71.56,63.22,60.91,53.47,Critical
3,Ashok Vihar,Residential,2023,1,Jan,72.38,63.53,60.91,53.47,Critical
3,Ashok Vihar,Residential,2023,2,Feb,72.77,63.4,60.91,53.47,Critical
3,Ashok Vihar,Residential,2023,3,Mar,73.02,63.6,60.91,53.47,Critical
3,Ashok Vihar,Residential,2023,4,Apr,73.18,63.85,60.91,53.47,Critical
3,Ashok Vihar,Residential,2023,5,May,73.39,64.27,60.91,53.47,Critical
3,Ashok Vihar,Residential,2023,6,Jun,73.22,64.92,60.91,53.47,Critical
3,Ashok Vihar,Residential,2023,7,Jul,72.95,63.83,60.91,53.47,Critical
3,Ashok Vihar,Residential,2023,8,Aug,73.51,64.23,60.91,53.47,Critical
3,Ashok Vihar,Residential,2023,9,Sep,73.1,63.98,60.91,53.47,Critical
3,Ashok Vihar,Residential,2023,10,Oct,73.05,63.72,60.91,53.47,Critical
3,Ashok Vihar,Residential,2023,11,Nov,72.78,63.49,60.91,53.47,Critical
3,Ashok Vihar,Residential,2023,12,Dec,72.64,63.35,60.91,53.47,Critical
3,Ashok Vihar,Residential,2024,1,Jan,72.42,63.59,60.91,53.47,Critical
3,Ashok Vihar,Residential,2024,2,Feb,73.12,63.62,60.91,53.47,Critical
3,Ashok Vihar,Residential,2024,3,Mar,73.12,64.16,60.91,53.47,Critical
3,Ashok Vihar,Residential,2024,4,Apr,73.85,64.14,60.91,53.47,Critical
3,Ashok Vihar,Residential,2024,5,May,73.86,64.56,60.91,53.47,Critical
3,Ashok Vihar,Residential,2024,6,Jun,73.67,64.27,60.91,53.47,Critical
3,Ashok Vihar,Residential,2024,7,Jul,73.76,64.53,60.91,53.47,Critical
3,Ashok Vihar,Residential,2024,8,Aug,73.87,64.83,60.91,53.47,Critical
3,Ashok Vihar,Residential,2024,9,Sep,73.89,64.14,60.91,53.47,Critical
3,Ashok Vihar,Residential,2024,10,Oct,73.74,64.09,60.91,53.47,Critical
3,Ashok Vihar,Residential,2024,11,Nov,73.44,64.0,60.91,53.47,Critical
3,Ashok Vihar,Residential,2024,12,Dec,73.08,63.54,60.91,53.47,Critical
4,Badli,Industrial,2020,1,Jan,64.52,58.19,59.69,52.66,High
4,Badli,Industrial,2020,2,Feb,64.47,57.95,59.69,52.66,High
4,Badli,Industrial,2020,3,Mar,65.29,58.01,59.69,52.66,High
4,Badli,Industrial,2020,4,Apr,65.4,58.33,59.69,52.66,High
4,Badli,Industrial,2020,5,May,65.65,58.3,59.69,52.66,High
4,Badli,Industrial,2020,6,Jun,65.82,58.88,59.69,52.66,High
4,Badli,Industrial,2020,7,Jul,66.19,58.92,59.69,52.66,High
4,Badli,Industrial,2020,8,Aug,66.17,58.2,59.69,52.66,High
4,Badli,Industrial,2020,9,Sep,65.46,58.29,59.69,52.66,High
4,Badli,Industrial,2020,10,Oct,66.19,58.19,59.69,52.66,High
4,Badli,Industrial,2020,11,Nov,64.67,57.95,59.69,52.66,High
4,Badli,Industrial,2020,12,Dec,63.66,57.67,59.69,52.66,High
4,Badli,Industrial,2021,1,Jan,66.51,59.78,59.69,52.66,High
4,Badli,Industrial,2021,2,Feb,67.15,60.39,59.69,52.66,High
4,Badli,Industrial,2021,3,Mar,67.89,59.96,59.69,52.66,High
4,Badli,Industrial,2021,4,Apr,67.45,60.48,59.69,52.66,High
4,Badli,Industrial,2021,5,May,67.58,61.08,59.69,52.66,High
4,Badli,Industrial,2021,6,Jun,68.78,60.59,59.69,52.66,High
4,Badli,Industrial,2021,7,Jul,67.42,61.04,59.69,52.66,High
4,Badli,Industrial,2021,8,Aug,67.76,60.8,59.69,52.66,High
4,Badli,Industrial,2021,9,Sep,66.97,60.05,59.69,52.66,High
4,Badli,Industrial,2021,10,Oct,67.81,60.44,59.69,52.66,High
4,Badli,Industrial,2021,11,Nov,67.33,60.32,59.69,52.66,High
4,Badli,Industrial,2021,12,Dec,66.58,59.79,59.69,52.66,High
4,Badli,Industrial,2022,1,Jan,70.16,62.08,59.69,52.66,Critical
4,Badli,Industrial,2022,2,Feb,70.59,61.69,59.69,52.66,Critical
4,Badli,Industrial,2022,3,Mar,70.2,62.71,59.69,52.66,Critical
4,Badli,Industrial,2022,4,Apr,71.24,62.31,59.69,52.66,Critical
4,Badli,Industrial,2022,5,May,72.03,62.76,59.69,52.66,Critical
4,Badli,Industrial,2022,6,Jun,72.08,62.95,59.69,52.66,Critical
4,Badli,Industrial,2022,7,Jul,72.23,63.36,59.69,52.66,Critical
4,Badli,Industrial,2022,8,Aug,71.01,62.92,59.69,52.66,Critical
4,Badli,Industrial,2022,9,Sep,71.17,62.84,59.69,52.66,Critical
4,Badli,Industrial,2022,10,Oct,70.72,62.84,59.69,52.66,Critical
4,Badli,Industrial,2022,11,Nov,71.23,61.8,59.69,52.66,Critical
4,Badli,Industrial,2022,12,Dec,69.84,61.42,59.69,52.66,High
4,Badli,Industrial,2023,1,Jan,70.7,62.75,59.69,52.66,Critical
4,Badli,Industrial,2023,2,Feb,71.61,62.65,59.69,52.66,Critical
4,Badli,Industrial,2023,3,Mar,72.16,62.52,59.69,52.66,Critical
4,Badli,Industrial,2023,4,Apr,71.13,63.11,59.69,52.66,Critical
4,Badli,Industrial,2023,5,May,72.26,63.32,59.69,52.66,Critical
4,Badli,Industrial,2023,6,Jun,71.48,63.5,59.69,52.66,Critical
4,Badli,Industrial,2023,7,Jul,71.59,63.63,59.69,52.66,Critical
4,Badli,Industrial,2023,8,Aug,71.96,62.95,59.69,52.66,Critical
4,Badli,Industrial,2023,9,Sep,71.4,62.71,59.69,52.66,Critical
4,Badli,Industrial,2023,10,Oct,71.78,63.52,59.69,52.66,Critical
4,Badli,Industrial,2023,11,Nov,71.12,63.08,59.69,52.66,Critical
4,Badli,Industrial,2023,12,Dec,70.8,62.39,59.69,52.66,Critical
4,Badli,Industrial,2024,1,Jan,71.57,62.62,59.69,52.66,Critical
4,Badli,Industrial,2024,2,Feb,71.59,62.67,59.69,52.66,Critical
4,Badli,Industrial,2024,3,Mar,73.1,63.34,59.69,52.66,Critical
4,Badli,Industrial,2024,4,Apr,72.33,63.59,59.69,52.66,Critical
4,Badli,Industrial,2024,5,May,72.87,63.66,59.69,52.66,Critical
4,Badli,Industrial,2024,6,Jun,73.36,64.16,59.69,52.66,Critical
4,Badli,Industrial,2024,7,Jul,72.7,63.66,59.69,52.66,Critical
4,Badli,Industrial,2024,8,Aug,72.5,62.94,59.69,52.66,Critical
4,Badli,Industrial,2024,9,Sep,71.8,63.84,59.69,52.66,Critical
4,Badli,Industrial,2024,10,Oct,73.27,63.56,59.69,52.66,Critical
4,Badli,Industrial,2024,11,Nov,72.54,63.42,59.69,52.66,Critical
4,Badli,Industrial,2024,12,Dec,73.04,63.37,59.69,52.66,Critical
5,Braham Puri,Industrial,2020,1,Jan,63.42,58.31,58.97,53.4,High
5,Braham Puri,Industrial,2020,2,Feb,63.03,58.76,58.97,53.4,High
5,Braham Puri,Industrial,2020,3,Mar,63.87,58.57,58.97,53.4,High
5,Braham Puri,Industrial,2020,4,Apr,64.21,58.88,58.97,53.4,High
5,Braham Puri,Industrial,2020,5,May,65.44,59.66,58.97,53.4,High
5,Braham Puri,Industrial,2020,6,Jun,64.97,60.04,58.97,53.4,High
5,Braham Puri,Industrial,2020,7,Jul,64.8,59.24,58.97,53.4,High
5,Braham Puri,Industrial,2020,8,Aug,65.08,59.46,58.97,53.4,High
5,Braham Puri,Industrial,2020,9,Sep,63.86,59.04,58.97,53.4,High
5,Braham Puri,Industrial,2020,10,Oct,64.12,58.89,58.97,53.4,High
5,Braham Puri,Industrial,2020,11,Nov,64.54,59.57,58.97,53.4,High
5,Braham Puri,Industrial,2020,12,Dec,63.11,58.87,58.97,53.4,High
5,Braham Puri,Industrial,2021,1,Jan,65.71,60.45,58.97,53.4,High
5,Braham Puri,Industrial,2021,2,Feb,65.93,60.44,58.97,53.4,High
5,Braham Puri,Industrial,2021,3,Mar,66.69,60.75,58.97,53.4,High
5,Braham Puri,Industrial,2021,4,Apr,67.08,61.18,58.97,53.4,High
5,Braham Puri,Industrial,2021,5,May,67.17,61.13,58.97,53.4,High
5,Braham Puri,Industrial,2021,6,Jun,67.24,61.83,58.97,53.4,High
5,Braham Puri,Industrial,2021,7,Jul,67.47,61.21,58.97,53.4,High
5,Braham Puri,Industrial,2021,8,Aug,67.01,61.53,58.97,53.4,High
5,Braham Puri,Industrial,2021,9,Sep,66.1,61.26,58.97,53.4,High
5,Braham Puri,Industrial,2021,10,Oct,66.7,61.47,58.97,53.4,High
5,Braham Puri,Industrial,2021,11,Nov,66.36,60.46,58.97,53.4,High
5,Braham Puri,Industrial,2021,12,Dec,65.52,60.71,58.97,53.4,High
5,Braham Puri,Industrial,2022,1,Jan,69.37,62.53,58.97,53.4,High
5,Braham Puri,Industrial,2022,2,Feb,69.73,62.4,58.97,53.4,Critical
5,Braham Puri,Industrial,2022,3,Mar,69.94,62.84,58.97,53.4,Critical
5,Braham Puri,Industrial,2022,4,Apr,70.01,63.41,58.97,53.4,Critical
5,Braham Puri,Industrial,2022,5,May,70.23,63.48,58.97,53.4,Critical
5,Braham Puri,Industrial,2022,6,Jun,71.17,63.63,58.97,53.4,Critical
5,Braham Puri,Industrial,2022,7,Jul,70.9,63.36,58.97,53.4,Critical
5,Braham Puri,Industrial,2022,8,Aug,70.48,63.93,58.97,53.4,Critical
5,Braham Puri,Industrial,2022,9,Sep,69.08,63.06,58.97,53.4,Critical
5,Braham Puri,Industrial,2022,10,Oct,70.5,63.44,58.97,53.4,Critical
5,Braham Puri,Industrial,2022,11,Nov,70.12,63.02,58.97,53.4,Critical
5,Braham Puri,Industrial,2022,12,Dec,69.5,62.85,58.97,53.4,Critical
5,Braham Puri,Industrial,2023,1,Jan,70.44,63.48,58.97,53.4,Critical
5,Braham Puri,Industrial,2023,2,Feb,70.31,63.38,58.97,53.4,Critical
5,Braham Puri,Industrial,2023,3,Mar,70.47,63.67,58.97,53.4,Critical
5,Braham Puri,Industrial,2023,4,Apr,71.13,63.87,58.97,53.4,Critical
5,Braham Puri,Industrial,2023,5,May,71.39,64.82,58.97,53.4,Critical
5,Braham Puri,Industrial,2023,6,Jun,71.82,64.3,58.97,53.4,Critical
5,Braham Puri,Industrial,2023,7,Jul,71.75,64.18,58.97,53.4,Critical
5,Braham Puri,Industrial,2023,8,Aug,70.15,63.8,58.97,53.4,Critical
5,Braham Puri,Industrial,2023,9,Sep,70.02,63.79,58.97,53.4,Critical
5,Braham Puri,Industrial,2023,10,Oct,70.98,64.6,58.97,53.4,Critical
5,Braham Puri,Industrial,2023,11,Nov,70.8,63.73,58.97,53.4,Critical
5,Braham Puri,Industrial,2023,12,Dec,70.5,62.84,58.97,53.4,Critical
5,Braham Puri,Industrial,2024,1,Jan,70.86,64.03,58.97,53.4,Critical
5,Braham Puri,Industrial,2024,2,Feb,70.38,64.24,58.97,53.4,Critical
5,Braham Puri,Industrial,2024,3,Mar,71.61,64.08,58.97,53.4,Critical
5,Braham Puri,Industrial,2024,4,Apr,72.02,65.08,58.97,53.4,Critical
5,Braham Puri,Industrial,2024,5,May,72.14,64.67,58.97,53.4,Critical
5,Braham Puri,Industrial,2024,6,Jun,72.09,64.55,58.97,53.4,Critical
5,Braham Puri,Industrial,2024,7,Jul,72.4,64.44,58.97,53.4,Critical
5,Braham Puri,Industrial,2024,8,Aug,71.8,64.36,58.97,53.4,Critical
5,Braham Puri,Industrial,2024,9,Sep,71.76,64.4,58.97,53.4,Critical
5,Braham Puri,Industrial,2024,10,Oct,72.19,64.35,58.97,53.4,Critical
5,Braham Puri,Industrial,2024,11,Nov,71.36,63.91,58.97,53.4,Critical
5,Braham Puri,Industrial,2024,12,Dec,70.79,64.01,58.97,53.4,Critical
6,Daryaganj,Commercial,2020,1,Jan,66.46,59.14,62.53,54.94,High
6,Daryaganj,Commercial,2020,2,Feb,66.71,59.93,62.53,54.94,High
6,Daryaganj,Commercial,2020,3,Mar,67.03,60.38,62.53,54.94,High
6,Daryaganj,Commercial,2020,4,Apr,66.85,59.65,62.53,54.94,High
6,Daryaganj,Commercial,2020,5,May,66.75,60.67,62.53,54.94,High
6,Daryaganj,Commercial,2020,6,Jun,67.92,60.4,62.53,54.94,High
6,Daryaganj,Commercial,2020,7,Jul,67.57,59.98,62.53,54.94,High
6,Daryaganj,Commercial,2020,8,Aug,68.14,60.16,62.53,54.94,High
6,Daryaganj,Commercial,2020,9,Sep,67.0,60.14,62.53,54.94,High
6,Daryaganj,Commercial,2020,10,Oct,67.35,60.19,62.53,54.94,High
6,Daryaganj,Commercial,2020,11,Nov,66.54,59.96,62.53,54.94,High
6,Daryaganj,Commercial,2020,12,Dec,67.11,59.92,62.53,54.94,High
6,Daryaganj,Commercial,2021,1,Jan,70.3,61.77,62.53,54.94,Critical
6,Daryaganj,Commercial,2021,2,Feb,69.46,61.98,62.53,54.94,High
6,Daryaganj,Commercial,2021,3,Mar,70.38,62.65,62.53,54.94,Critical
6,Daryaganj,Commercial,2021,4,Apr,69.98,62.98,62.53,54.94,Critical
6,Daryaganj,Commercial,2021,5,May,70.9,62.59,62.53,54.94,Critical
6,Daryaganj,Commercial,2021,6,Jun,70.76,62.42,62.53,54.94,Critical
6,Daryaganj,Commercial,2021,7,Jul,71.29,62.84,62.53,54.94,Critical
6,Daryaganj,Commercial,2021,8,Aug,70.14,62.23,62.53,54.94,Critical
6,Daryaganj,Commercial,2021,9,Sep,70.33,62.92,62.53,54.94,Critical
6,Daryaganj,Commercial,2021,10,Oct,70.56,62.17,62.53,54.94,Critical
6,Daryaganj,Commercial,2021,11,Nov,70.26,62.24,62.53,54.94,Critical
6,Daryaganj,Commercial,2021,12,Dec,68.78,62.0,62.53,54.94,High
6,Daryaganj,Commercial,2022,1,Jan,73.57,64.93,62.53,54.94,Critical
6,Daryaganj,Commercial,2022,2,Feb,74.6,65.16,62.53,54.94,Critical
6,Daryaganj,Commercial,2022,3,Mar,74.25,64.79,62.53,54.94,Critical
6,Daryaganj,Commercial,2022,4,Apr,75.69,65.34,62.53,54.94,Critical
6,Daryaganj,Commercial,2022,5,May,74.97,65.51,62.53,54.94,Critical
6,Daryaganj,Commercial,2022,6,Jun,75.24,65.68,62.53,54.94,Critical
6,Daryaganj,Commercial,2022,7,Jul,74.73,65.46,62.53,54.94,Critical
6,Daryaganj,Commercial,2022,8,Aug,74.65,65.26,62.53,54.94,Critical
6,Daryaganj,Commercial,2022,9,Sep,74.17,65.25,62.53,54.94,Critical
6,Daryaganj,Commercial,2022,10,Oct,74.56,65.87,62.53,54.94,Critical
6,Daryaganj,Commercial,2022,11,Nov,73.3,65.45,62.53,54.94,Critical
6,Daryaganj,Commercial,2022,12,Dec,74.36,64.2,62.53,54.94,Critical
6,Daryaganj,Commercial,2023,1,Jan,74.52,65.31,62.53,54.94,Critical
6,Daryaganj,Commercial,2023,2,Feb,74.3,65.29,62.53,54.94,Critical
6,Daryaganj,Commercial,2023,3,Mar,74.92,66.35,62.53,54.94,Critical
6,Daryaganj,Commercial,2023,4,Apr,76.03,66.4,62.53,54.94,Critical
6,Daryaganj,Commercial,2023,5,May,76.25,65.88,62.53,54.94,Critical
6,Daryaganj,Commercial,2023,6,Jun,75.95,66.57,62.53,54.94,Critical
6,Daryaganj,Commercial,2023,7,Jul,75.47,66.53,62.53,54.94,Critical
6,Daryaganj,Commercial,2023,8,Aug,75.56,66.01,62.53,54.94,Critical
6,Daryaganj,Commercial,2023,9,Sep,75.74,66.05,62.53,54.94,Critical
6,Daryaganj,Commercial,2023,10,Oct,75.52,66.47,62.53,54.94,Critical
6,Daryaganj,Commercial,2023,11,Nov,74.93,66.0,62.53,54.94,Critical
6,Daryaganj,Commercial,2023,12,Dec,75.1,65.43,62.53,54.94,Critical
6,Daryaganj,Commercial,2024,1,Jan,75.79,65.84,62.53,54.94,Critical
6,Daryaganj,Commercial,2024,2,Feb,76.23,66.26,62.53,54.94,Critical
6,Daryaganj,Commercial,2024,3,Mar,76.15,66.93,62.53,54.94,Critical
6,Daryaganj,Commercial,2024,4,Apr,76.38,66.4,62.53,54.94,Critical
6,Daryaganj,Commercial,2024,5,May,76.34,67.2,62.53,54.94,Critical
6,Daryaganj,Commercial,2024,6,Jun,76.65,67.75,62.53,54.94,Critical
6,Daryaganj,Commercial,2024,7,Jul,76.13,67.63,62.53,54.94,Critical
6,Daryaganj,Commercial,2024,8,Aug,76.74,66.89,62.53,54.94,Critical
6,Daryaganj,Commercial,2024,9,Sep,76.24,66.84,62.53,54.94,Critical
6,Daryaganj,Commercial,2024,10,Oct,76.64,67.25,62.53,54.94,Critical
6,Daryaganj,Commercial,2024,11,Nov,76.41,66.67,62.53,54.94,Critical
6,Daryaganj,Commercial,2024,12,Dec,75.71,66.3,62.53,54.94,Critical
7,Defence Colony,Residential,2020,1,Jan,67.73,61.18,61.21,55.17,High
7,Defence Colony,Residential,2020,2,Feb,67.27,62.01,61.21,55.17,High
7,Defence Colony,Residential,2020,3,Mar,68.38,62.03,61.21,55.17,High
7,Defence Colony,Residential,2020,4,Apr,68.62,62.39,61.21,55.17,High
7,Defence Colony,Residential,2020,5,May,68.69,62.26,61.21,55.17,High
7,Defence Colony,Residential,2020,6,Jun,69.19,62.4,61.21,55.17,High
7,Defence Colony,Residential,2020,7,Jul,69.07,62.08,61.21,55.17,High
7,Defence Colony,Residential,2020,8,Aug,69.02,62.53,61.21,55.17,High
7,Defence Colony,Residential,2020,9,Sep,68.51,62.48,61.21,55.17,High
7,Defence Colony,Residential,2020,10,Oct,69.28,62.69,61.21,55.17,High
7,Defence Colony,Residential,2020,11,Nov,67.57,61.71,61.21,55.17,High
7,Defence Colony,Residential,2020,12,Dec,67.56,61.8,61.21,55.17,High
7,Defence Colony,Residential,2021,1,Jan,69.82,62.97,61.21,55.17,Critical
7,Defence Colony,Residential,2021,2,Feb,69.88,63.06,61.21,55.17,Critical
7,Defence Colony,Residential,2021,3,Mar,70.07,63.17,61.21,55.17,Critical
7,Defence Colony,Residential,2021,4,Apr,70.24,63.38,61.21,55.17,Critical
7,Defence Colony,Residential,2021,5,May,70.52,64.31,61.21,55.17,Critical
7,Defence Colony,Residential,2021,6,Jun,70.73,64.98,61.21,55.17,Critical
7,Defence Colony,Residential,2021,7,Jul,71.11,64.15,61.21,55.17,Critical
7,Defence Colony,Residential,2021,8,Aug,70.27,64.1,61.21,55.17,Critical
7,Defence Colony,Residential,2021,9,Sep,70.18,63.73,61.21,55.17,Critical
7,Defence Colony,Residential,2021,10,Oct,71.63,63.86,61.21,55.17,Critical
7,Defence Colony,Residential,2021,11,Nov,70.77,63.38,61.21,55.17,Critical
7,Defence Colony,Residential,2021,12,Dec,69.8,63.82,61.21,55.17,Critical
7,Defence Colony,Residential,2022,1,Jan,71.56,65.33,61.21,55.17,Critical
7,Defence Colony,Residential,2022,2,Feb,72.29,64.72,61.21,55.17,Critical
7,Defence Colony,Residential,2022,3,Mar,72.76,65.48,61.21,55.17,Critical
7,Defence Colony,Residential,2022,4,Apr,73.06,64.92,61.21,55.17,Critical
7,Defence Colony,Residential,2022,5,May,72.82,65.52,61.21,55.17,Critical
7,Defence Colony,Residential,2022,6,Jun,73.28,65.98,61.21,55.17,Critical
7,Defence Colony,Residential,2022,7,Jul,73.18,65.29,61.21,55.17,Critical
7,Defence Colony,Residential,2022,8,Aug,72.96,65.67,61.21,55.17,Critical
7,Defence Colony,Residential,2022,9,Sep,72.83,65.61,61.21,55.17,Critical
7,Defence Colony,Residential,2022,10,Oct,73.14,65.63,61.21,55.17,Critical
7,Defence Colony,Residential,2022,11,Nov,72.48,64.69,61.21,55.17,Critical
7,Defence Colony,Residential,2022,12,Dec,72.18,64.95,61.21,55.17,Critical
7,Defence Colony,Residential,2023,1,Jan,72.52,64.91,61.21,55.17,Critical
7,Defence Colony,Residential,2023,2,Feb,72.18,65.71,61.21,55.17,Critical
7,Defence Colony,Residential,2023,3,Mar,73.09,65.89,61.21,55.17,Critical
7,Defence Colony,Residential,2023,4,Apr,73.42,65.9,61.21,55.17,Critical
7,Defence Colony,Residential,2023,5,May,74.09,65.94,61.21,55.17,Critical
7,Defence Colony,Residential,2023,6,Jun,73.95,66.15,61.21,55.17,Critical
7,Defence Colony,Residential,2023,7,Jul,73.54,66.1,61.21,55.17,Critical
7,Defence Colony,Residential,2023,8,Aug,73.5,65.85,61.21,55.17,Critical
7,Defence Colony,Residential,2023,9,Sep,73.71,65.52,61.21,55.17,Critical
7,Defence Colony,Residential,2023,10,Oct,73.34,65.86,61.21,55.17,Critical
7,Defence Colony,Residential,2023,11,Nov,73.69,65.75,61.21,55.17,Critical
7,Defence Colony,Residential,2023,12,Dec,73.02,64.94,61.21,55.17,Critical
7,Defence Colony,Residential,2024,1,Jan,73.22,65.96,61.21,55.17,Critical
7,Defence Colony,Residential,2024,2,Feb,73.34,66.11,61.21,55.17,Critical
7,Defence Colony,Residential,2024,3,Mar,73.6,66.51,61.21,55.17,Critical
7,Defence Colony,Residential,2024,4,Apr,75.03,66.18,61.21,55.17,Critical
7,Defence Colony,Residential,2024,5,May,74.23,66.93,61.21,55.17,Critical
7,Defence Colony,Residential,2024,6,Jun,75.24,66.53,61.21,55.17,Critical
7,Defence Colony,Residential,2024,7,Jul,74.24,66.51,61.21,55.17,Critical
7,Defence Colony,Residential,2024,8,Aug,73.57,66.11,61.21,55.17,Critical
7,Defence Colony,Residential,2024,9,Sep,73.51,65.96,61.21,55.17,Critical
7,Defence Colony,Residential,2024,10,Oct,74.1,66.46,61.21,55.17,Critical
7,Defence Colony,Residential,2024,11,Nov,74.43,65.79,61.21,55.17,Critical
7,Defence Colony,Residential,2024,12,Dec,73.7,65.73,61.21,55.17,Critical
8,Dwaraka,Residential,2020,1,Jan,66.26,59.67,60.09,53.29,High
8,Dwaraka,Residential,2020,2,Feb,66.03,59.68,60.09,53.29,High
8,Dwaraka,Residential,2020,3,Mar,67.05,60.02,60.09,53.29,High
8,Dwaraka,Residential,2020,4,Apr,67.4,60.81,60.09,53.29,High
8,Dwaraka,Residential,2020,5,May,67.32,60.11,60.09,53.29,High
8,Dwaraka,Residential,2020,6,Jun,67.53,60.3,60.09,53.29,High
8,Dwaraka,Residential,2020,7,Jul,67.33,60.73,60.09,53.29,High
8,Dwaraka,Residential,2020,8,Aug,67.85,60.0,60.09,53.29,High
8,Dwaraka,Residential,2020,9,Sep,66.75,60.11,60.09,53.29,High
8,Dwaraka,Residential,2020,10,Oct,67.06,60.36,60.09,53.29,High
8,Dwaraka,Residential,2020,11,Nov,67.06,59.42,60.09,53.29,High
8,Dwaraka,Residential,2020,12,Dec,67.1,60.11,60.09,53.29,High
8,Dwaraka,Residential,2021,1,Jan,68.03,60.85,60.09,53.29,High
8,Dwaraka,Residential,2021,2,Feb,68.59,61.17,60.09,53.29,High
8,Dwaraka,Residential,2021,3,Mar,69.24,61.97,60.09,53.29,High
8,Dwaraka,Residential,2021,4,Apr,69.21,61.33,60.09,53.29,High
8,Dwaraka,Residential,2021,5,May,69.03,61.55,60.09,53.29,High
8,Dwaraka,Residential,2021,6,Jun,69.77,62.51,60.09,53.29,Critical
8,Dwaraka,Residential,2021,7,Jul,69.37,61.94,60.09,53.29,High
8,Dwaraka,Residential,2021,8,Aug,69.27,62.03,60.09,53.29,High
8,Dwaraka,Residential,2021,9,Sep,70.09,61.31,60.09,53.29,High
8,Dwaraka,Residential,2021,10,Oct,69.08,61.98,60.09,53.29,High
8,Dwaraka,Residential,2021,11,Nov,69.25,61.92,60.09,53.29,High
8,Dwaraka,Residential,2021,12,Dec,68.71,60.96,60.09,53.29,High
8,Dwaraka,Residential,2022,1,Jan,70.72,62.9,60.09,53.29,Critical
8,Dwaraka,Residential,2022,2,Feb,71.01,62.82,60.09,53.29,Critical
8,Dwaraka,Residential,2022,3,Mar,71.61,63.32,60.09,53.29,Critical
8,Dwaraka,Residential,2022,4,Apr,72.03,63.36,60.09,53.29,Critical
8,Dwaraka,Residential,2022,5,May,71.71,63.41,60.09,53.29,Critical
8,Dwaraka,Residential,2022,6,Jun,72.46,63.32,60.09,53.29,Critical
8,Dwaraka,Residential,2022,7,Jul,71.93,63.35,60.09,53.29,Critical
8,Dwaraka,Residential,2022,8,Aug,71.49,63.65,60.09,53.29,Critical
8,Dwaraka,Residential,2022,9,Sep,71.36,63.08,60.09,53.29,Critical
8,Dwaraka,Residential,2022,10,Oct,70.94,63.49,60.09,53.29,Critical
8,Dwaraka,Residential,2022,11,Nov,71.44,63.62,60.09,53.29,Critical
8,Dwaraka,Residential,2022,12,Dec,70.56,62.74,60.09,53.29,Critical
8,Dwaraka,Residential,2023,1,Jan,71.18,63.54,60.09,53.29,Critical
8,Dwaraka,Residential,2023,2,Feb,71.24,63.25,60.09,53.29,Critical
8,Dwaraka,Residential,2023,3,Mar,72.02,63.53,60.09,53.29,Critical
8,Dwaraka,Residential,2023,4,Apr,71.9,63.73,60.09,53.29,Critical
8,Dwaraka,Residential,2023,5,May,72.81,63.56,60.09,53.29,Critical
8,Dwaraka,Residential,2023,6,Jun,72.63,63.86,60.09,53.29,Critical
8,Dwaraka,Residential,2023,7,Jul,72.86,63.51,60.09,53.29,Critical
8,Dwaraka,Residential,2023,8,Aug,71.86,63.88,60.09,53.29,Critical
8,Dwaraka,Residential,2023,9,Sep,72.51,63.55,60.09,53.29,Critical
8,Dwaraka,Residential,2023,10,Oct,71.86,64.33,60.09,53.29,Critical
8,Dwaraka,Residential,2023,11,Nov,71.2,62.81,60.09,53.29,Critical
8,Dwaraka,Residential,2023,12,Dec,71.46,63.02,60.09,53.29,Critical
8,Dwaraka,Residential,2024,1,Jan,71.37,63.68,60.09,53.29,Critical
8,Dwaraka,Residential,2024,2,Feb,72.08,63.4,60.09,53.29,Critical
8,Dwaraka,Residential,2024,3,Mar,71.97,64.13,60.09,53.29,Critical
8,Dwaraka,Residential,2024,4,Apr,73.04,64.04,60.09,53.29,Critical
8,Dwaraka,Residential,2024,5,May,73.82,63.95,60.09,53.29,Critical
8,Dwaraka,Residential,2024,6,Jun,72.67,64.26,60.09,53.29,Critical
8,Dwaraka,Residential,2024,7,Jul,73.06,64.44,60.09,53.29,Critical
8,Dwaraka,Residential,2024,8,Aug,72.68,64.28,60.09,53.29,Critical
8,Dwaraka,Residential,2024,9,Sep,72.08,64.4,60.09,53.29,Critical
8,Dwaraka,Residential,2024,10,Oct,72.75,64.51,60.09,53.29,Critical
8,Dwaraka,Residential,2024,11,Nov,72.62,64.01,60.09,53.29,Critical
8,Dwaraka,Residential,2024,12,Dec,72.21,63.7,60.09,53.29,Critical
9,Greater Kailash,Residential,2020,1,Jan,68.9,63.65,62.09,56.5,Critical
9,Greater Kailash,Residential,2020,2,Feb,68.92,63.56,62.09,56.5,Critical
9,Greater Kailash,Residential,2020,3,Mar,69.3,64.08,62.09,56.5,Critical
9,Greater Kailash,Residential,2020,4,Apr,69.37,64.39,62.09,56.5,Critical
9,Greater Kailash,Residential,2020,5,May,69.92,63.62,62.09,56.5,Critical
9,Greater Kailash,Residential,2020,6,Jun,70.19,64.05,62.09,56.5,Critical
9,Greater Kailash,Residential,2020,7,Jul,70.28,63.95,62.09,56.5,Critical
9,Greater Kailash,Residential,2020,8,Aug,69.46,63.38,62.09,56.5,Critical
9,Greater Kailash,Residential,2020,9,Sep,69.26,63.02,62.09,56.5,Critical
9,Greater Kailash,Residential,2020,10,Oct,69.01,64.18,62.09,56.5,Critical
9,Greater Kailash,Residential,2020,11,Nov,69.65,63.78,62.09,56.5,Critical
9,Greater Kailash,Residential,2020,12,Dec,68.45,63.34,62.09,56.5,High
9,Greater Kailash,Residential,2021,1,Jan,70.64,64.4,62.09,56.5,Critical
9,Greater Kailash,Residential,2021,2,Feb,71.44,65.11,62.09,56.5,Critical
9,Greater Kailash,Residential,2021,3,Mar,71.25,65.16,62.09,56.5,Critical
9,Greater Kailash,Residential,2021,4,Apr,71.72,64.74,62.09,56.5,Critical
9,Greater Kailash,Residential,2021,5,May,71.84,65.35,62.09,56.5,Critical
9,Greater Kailash,Residential,2021,6,Jun,71.74,65.67,62.09,56.5,Critical
9,Greater Kailash,Residential,2021,7,Jul,72.66,65.84,62.09,56.5,Critical
9,Greater Kailash,Residential,2021,8,Aug,71.41,65.62,62.09,56.5,Critical
9,Greater Kailash,Residential,2021,9,Sep,72.0,65.53,62.09,56.5,Critical
9,Greater Kailash,Residential,2021,10,Oct,71.66,65.26,62.09,56.5,Critical
9,Greater Kailash,Residential,2021,11,Nov,71.62,65.27,62.09,56.5,Critical
9,Greater Kailash,Residential,2021,12,Dec,71.2,65.04,62.09,56.5,Critical
9,Greater Kailash,Residential,2022,1,Jan,73.26,66.19,62.09,56.5,Critical
9,Greater Kailash,Residential,2022,2,Feb,73.57,66.51,62.09,56.5,Critical
9,Greater Kailash,Residential,2022,3,Mar,74.37,66.54,62.09,56.5,Critical
9,Greater Kailash,Residential,2022,4,Apr,74.53,67.01,62.09,56.5,Critical
9,Greater Kailash,Residential,2022,5,May,73.88,67.0,62.09,56.5,Critical
9,Greater Kailash,Residential,2022,6,Jun,74.21,67.48,62.09,56.5,Critical
9,Greater Kailash,Residential,2022,7,Jul,74.35,67.08,62.09,56.5,Critical
9,Greater Kailash,Residential,2022,8,Aug,73.83,67.69,62.09,56.5,Critical
9,Greater Kailash,Residential,2022,9,Sep,74.33,66.98,62.09,56.5,Critical
9,Greater Kailash,Residential,2022,10,Oct,73.86,67.09,62.09,56.5,Critical
9,Greater Kailash,Residential,2022,11,Nov,73.79,66.44,62.09,56.5,Critical
9,Greater Kailash,Residential,2022,12,Dec,72.94,65.95,62.09,56.5,Critical
9,Greater Kailash,Residential,2023,1,Jan,73.6,67.04,62.09,56.5,Critical
9,Greater Kailash,Residential,2023,2,Feb,73.45,67.42,62.09,56.5,Critical
9,Greater Kailash,Residential,2023,3,Mar,73.65,66.81,62.09,56.5,Critical
9,Greater Kailash,Residential,2023,4,Apr,74.53,67.76,62.09,56.5,Critical
9,Greater Kailash,Residential,2023,5,May,75.41,67.51,62.09,56.5,Critical
9,Greater Kailash,Residential,2023,6,Jun,75.37,67.84,62.09,56.5,Critical
9,Greater Kailash,Residential,2023,7,Jul,74.67,68.02,62.09,56.5,Critical
9,Greater Kailash,Residential,2023,8,Aug,74.7,67.08,62.09,56.5,Critical
9,Greater Kailash,Residential,2023,9,Sep,74.83,67.76,62.09,56.5,Critical
9,Greater Kailash,Residential,2023,10,Oct,74.19,67.67,62.09,56.5,Critical
9,Greater Kailash,Residential,2023,11,Nov,74.34,67.33,62.09,56.5,Critical
9,Greater Kailash,Residential,2023,12,Dec,73.42,66.75,62.09,56.5,Critical
9,Greater Kailash,Residential,2024,1,Jan,74.13,67.6,62.09,56.5,Critical
9,Greater Kailash,Residential,2024,2,Feb,74.56,67.24,62.09,56.5,Critical
9,Greater Kailash,Residential,2024,3,Mar,75.15,66.8,62.09,56.5,Critical
9,Greater Kailash,Residential,2024,4,Apr,75.6,67.33,62.09,56.5,Critical
9,Greater Kailash,Residential,2024,5,May,75.3,67.71,62.09,56.5,Critical
9,Greater Kailash,Residential,2024,6,Jun,75.12,68.6,62.09,56.5,Critical
9,Greater Kailash,Residential,2024,7,Jul,75.25,68.25,62.09,56.5,Critical
9,Greater Kailash,Residential,2024,8,Aug,75.12,68.09,62.09,56.5,Critical
9,Greater Kailash,Residential,2024,9,Sep,74.97,67.37,62.09,56.5,Critical
9,Greater Kailash,Residential,2024,10,Oct,75.54,67.8,62.09,56.5,Critical
9,Greater Kailash,Residential,2024,11,Nov,74.22,67.52,62.09,56.5,Critical
9,Greater Kailash,Residential,2024,12,Dec,74.94,67.61,62.09,56.5,Critical
10,Inder Puri,Residential,2020,1,Jan,66.47,61.19,60.37,54.83,High
10,Inder Puri,Residential,2020,2,Feb,66.68,62.01,60.37,54.83,High
10,Inder Puri,Residential,2020,3,Mar,67.46,61.82,60.37,54.83,High
10,Inder Puri,Residential,2020,4,Apr,68.02,61.96,60.37,54.83,High
10,Inder Puri,Residential,2020,5,May,67.81,62.03,60.37,54.83,High
10,Inder Puri,Residential,2020,6,Jun,68.08,62.28,60.37,54.83,High
10,Inder Puri,Residential,2020,7,Jul,68.2,62.21,60.37,54.83,High
10,Inder Puri,Residential,2020,8,Aug,67.9,61.97,60.37,54.83,High
10,Inder Puri,Residential,2020,9,Sep,67.44,61.19,60.37,54.83,High
10,Inder Puri,Residential,2020,10,Oct,67.98,62.09,60.37,54.83,High
10,Inder Puri,Residential,2020,11,Nov,67.71,60.82,60.37,54.83,High
10,Inder Puri,Residential,2020,12,Dec,67.65,61.35,60.37,54.83,High
10,Inder Puri,Residential,2021,1,Jan,69.05,62.48,60.37,54.83,High
10,Inder Puri,Residential,2021,2,Feb,69.06,62.57,60.37,54.83,High
10,Inder Puri,Residential,2021,3,Mar,69.06,63.76,60.37,54.83,Critical
10,Inder Puri,Residential,2021,4,Apr,69.53,63.46,60.37,54.83,Critical
10,Inder Puri,Residential,2021,5,May,70.26,63.74,60.37,54.83,Critical
10,Inder Puri,Residential,2021,6,Jun,70.17,63.9,60.37,54.83,Critical
10,Inder Puri,Residential,2021,7,Jul,70.87,63.67,60.37,54.83,Critical
10,Inder Puri,Residential,2021,8,Aug,69.69,63.81,60.37,54.83,Critical
10,Inder Puri,Residential,2021,9,Sep,69.85,63.65,60.37,54.83,Critical
10,Inder Puri,Residential,2021,10,Oct,69.87,63.15,60.37,54.83,Critical
10,Inder Puri,Residential,2021,11,Nov,69.96,62.85,60.37,54.83,Critical
10,Inder Puri,Residential,2021,12,Dec,68.93,62.66,60.37,54.83,High
10,Inder Puri,Residential,2022,1,Jan,70.78,64.49,60.37,54.83,Critical
10,Inder Puri,Residential,2022,2,Feb,71.14,64.62,60.37,54.83,Critical
10,Inder Puri,Residential,2022,3,Mar,72.16,64.93,60.37,54.83,Critical
10,Inder Puri,Residential,2022,4,Apr,71.71,65.28,60.37,54.83,Critical
10,Inder Puri,Residential,2022,5,May,72.59,64.82,60.37,54.83,Critical
10,Inder Puri,Residential,2022,6,Jun,72.55,65.6,60.37,54.83,Critical
10,Inder Puri,Residential,2022,7,Jul,71.99,65.7,60.37,54.83,Critical
10,Inder Puri,Residential,2022,8,Aug,71.75,65.13,60.37,54.83,Critical
10,Inder Puri,Residential,2022,9,Sep,71.54,64.89,60.37,54.83,Critical
10,Inder Puri,Residential,2022,10,Oct,71.37,64.66,60.37,54.83,Critical
10,Inder Puri,Residential,2022,11,Nov,72.15,64.54,60.37,54.83,Critical
10,Inder Puri,Residential,2022,12,Dec,70.61,63.84,60.37,54.83,Critical
10,Inder Puri,Residential,2023,1,Jan,71.15,64.49,60.37,54.83,Critical
10,Inder Puri,Residential,2023,2,Feb,72.27,65.29,60.37,54.83,Critical
10,Inder Puri,Residential,2023,3,Mar,71.83,65.97,60.37,54.83,Critical
10,Inder Puri,Residential,2023,4,Apr,72.8,65.39,60.37,54.83,Critical
10,Inder Puri,Residential,2023,5,May,71.71,66.38,60.37,54.83,Critical
10,Inder Puri,Residential,2023,6,Jun,72.35,65.4,60.37,54.83,Critical
10,Inder Puri,Residential,2023,7,Jul,73.12,66.52,60.37,54.83,Critical
10,Inder Puri,Residential,2023,8,Aug,72.96,65.76,60.37,54.83,Critical
10,Inder Puri,Residential,2023,9,Sep,72.45,65.65,60.37,54.83,Critical
10,Inder Puri,Residential,2023,10,Oct,72.71,65.67,60.37,54.83,Critical
10,Inder Puri,Residential,2023,11,Nov,72.15,65.27,60.37,54.83,Critical
10,Inder Puri,Residential,2023,12,Dec,71.31,64.91,60.37,54.83,Critical
10,Inder Puri,Residential,2024,1,Jan,71.43,65.26,60.37,54.83,Critical
10,Inder Puri,Residential,2024,2,Feb,71.91,65.06,60.37,54.83,Critical
10,Inder Puri,Residential,2024,3,Mar,72.88,66.11,60.37,54.83,Critical
10,Inder Puri,Residential,2024,4,Apr,73.48,65.42,60.37,54.83,Critical
10,Inder Puri,Residential,2024,5,May,73.01,66.37,60.37,54.83,Critical
10,Inder Puri,Residential,2024,6,Jun,73.22,66.22,60.37,54.83,Critical
10,Inder Puri,Residential,2024,7,Jul,73.63,65.9,60.37,54.83,Critical
10,Inder Puri,Residential,2024,8,Aug,73.15,65.59,60.37,54.83,Critical
10,Inder Puri,Residential,2024,9,Sep,72.67,65.89,60.37,54.83,Critical
10,Inder Puri,Residential,2024,10,Oct,72.47,66.12,60.37,54.83,Critical
10,Inder Puri,Residential,2024,11,Nov,72.8,65.86,60.37,54.83,Critical
10,Inder Puri,Residential,2024,12,Dec,72.4,65.8,60.37,54.83,Critical
11,Janak Puri,Residential,2020,1,Jan,68.48,62.52,61.91,55.99,High
11,Janak Puri,Residential,2020,2,Feb,68.68,62.91,61.91,55.99,High
11,Janak Puri,Residential,2020,3,Mar,69.15,63.06,61.91,55.99,Critical
11,Janak Puri,Residential,2020,4,Apr,69.15,63.05,61.91,55.99,Critical
11,Janak Puri,Residential,2020,5,May,69.17,63.97,61.91,55.99,Critical
11,Janak Puri,Residential,2020,6,Jun,69.43,63.44,61.91,55.99,Critical
11,Janak Puri,Residential,2020,7,Jul,69.44,63.82,61.91,55.99,Critical
11,Janak Puri,Residential,2020,8,Aug,69.31,63.72,61.91,55.99,Critical
11,Janak Puri,Residential,2020,9,Sep,68.96,63.23,61.91,55.99,Critical
11,Janak Puri,Residential,2020,10,Oct,69.1,63.99,61.91,55.99,Critical
11,Janak Puri,Residential,2020,11,Nov,68.65,63.14,61.91,55.99,High
11,Janak Puri,Residential,2020,12,Dec,68.88,62.87,61.91,55.99,High
11,Janak Puri,Residential,2021,1,Jan,70.36,64.11,61.91,55.99,Critical
11,Janak Puri,Residential,2021,2,Feb,70.65,64.21,61.91,55.99,Critical
11,Janak Puri,Residential,2021,3,Mar,71.52,65.21,61.91,55.99,Critical
11,Janak Puri,Residential,2021,4,Apr,71.21,64.34,61.91,55.99,Critical
11,Janak Puri,Residential,2021,5,May,71.69,65.72,61.91,55.99,Critical
11,Janak Puri,Residential,2021,6,Jun,71.61,65.64,61.91,55.99,Critical
11,Janak Puri,Residential,2021,7,Jul,72.4,64.88,61.91,55.99,Critical
11,Janak Puri,Residential,2021,8,Aug,71.66,65.34,61.91,55.99,Critical
11,Janak Puri,Residential,2021,9,Sep,71.08,64.59,61.91,55.99,Critical
11,Janak Puri,Residential,2021,10,Oct,71.2,64.55,61.91,55.99,Critical
11,Janak Puri,Residential,2021,11,Nov,70.87,64.18,61.91,55.99,Critical
11,Janak Puri,Residential,2021,12,Dec,70.64,64.02,61.91,55.99,Critical
11,Janak Puri,Residential,2022,1,Jan,72.72,65.28,61.91,55.99,Critical
11,Janak Puri,Residential,2022,2,Feb,72.96,66.1,61.91,55.99,Critical
11,Janak Puri,Residential,2022,3,Mar,72.53,66.26,61.91,55.99,Critical
11,Janak Puri,Residential,2022,4,Apr,74.12,65.99,61.91,55.99,Critical
11,Janak Puri,Residential,2022,5,May,74.6,66.68,61.91,55.99,Critical
11,Janak Puri,Residential,2022,6,Jun,73.85,66.73,61.91,55.99,Critical
11,Janak Puri,Residential,2022,7,Jul,74.15,66.67,61.91,55.99,Critical
11,Janak Puri,Residential,2022,8,Aug,73.85,66.17,61.91,55.99,Critical
11,Janak Puri,Residential,2022,9,Sep,73.5,65.83,61.91,55.99,Critical
11,Janak Puri,Residential,2022,10,Oct,73.59,66.18,61.91,55.99,Critical
11,Janak Puri,Residential,2022,11,Nov,73.04,66.52,61.91,55.99,Critical
11,Janak Puri,Residential,2022,12,Dec,73.27,66.03,61.91,55.99,Critical
11,Janak Puri,Residential,2023,1,Jan,72.79,66.16,61.91,55.99,Critical
11,Janak Puri,Residential,2023,2,Feb,73.92,66.39,61.91,55.99,Critical
11,Janak Puri,Residential,2023,3,Mar,74.86,66.77,61.91,55.99,Critical
11,Janak Puri,Residential,2023,4,Apr,74.31,66.76,61.91,55.99,Critical
11,Janak Puri,Residential,2023,5,May,74.58,67.0,61.91,55.99,Critical
11,Janak Puri,Residential,2023,6,Jun,75.01,67.54,61.91,55.99,Critical
11,Janak Puri,Residential,2023,7,Jul,74.22,66.75,61.91,55.99,Critical
11,Janak Puri,Residential,2023,8,Aug,73.5,67.1,61.91,55.99,Critical
11,Janak Puri,Residential,2023,9,Sep,73.59,66.1,61.91,55.99,Critical
11,Janak Puri,Residential,2023,10,Oct,74.39,67.7,61.91,55.99,Critical
11,Janak Puri,Residential,2023,11,Nov,73.93,66.9,61.91,55.99,Critical
11,Janak Puri,Residential,2023,12,Dec,73.46,66.32,61.91,55.99,Critical
11,Janak Puri,Residential,2024,1,Jan,74.3,66.56,61.91,55.99,Critical
11,Janak Puri,Residential,2024,2,Feb,74.24,66.85,61.91,55.99,Critical
11,Janak Puri,Residential,2024,3,Mar,74.36,67.35,61.91,55.99,Critical
11,Janak Puri,Residential,2024,4,Apr,74.86,67.02,61.91,55.99,Critical
11,Janak Puri,Residential,2024,5,May,75.44,67.18,61.91,55.99,Critical
11,Janak Puri,Residential,2024,6,Jun,75.44,67.65,61.91,55.99,Critical
11,Janak Puri,Residential,2024,7,Jul,75.66,67.69,61.91,55.99,Critical
11,Janak Puri,Residential,2024,8,Aug,74.92,67.6,61.91,55.99,Critical
11,Janak Puri,Residential,2024,9,Sep,75.29,67.32,61.91,55.99,Critical
11,Janak Puri,Residential,2024,10,Oct,74.93,66.96,61.91,55.99,Critical
11,Janak Puri,Residential,2024,11,Nov,74.2,66.96,61.91,55.99,Critical
11,Janak Puri,Residential,2024,12,Dec,73.89,66.69,61.91,55.99,Critical
12,Karawal Nagar,Commercial,2020,1,Jan,65.77,61.02,62.19,56.16,High
12,Karawal Nagar,Commercial,2020,2,Feb,65.92,61.11,62.19,56.16,High
12,Karawal Nagar,Commercial,2020,3,Mar,66.48,60.67,62.19,56.16,High
12,Karawal Nagar,Commercial,2020,4,Apr,66.37,61.42,62.19,56.16,High
12,Karawal Nagar,Commercial,2020,5,May,66.57,61.84,62.19,56.16,High
12,Karawal Nagar,Commercial,2020,6,Jun,67.86,62.23,62.19,56.16,High
12,Karawal Nagar,Commercial,2020,7,Jul,66.96,62.21,62.19,56.16,High
12,Karawal Nagar,Commercial,2020,8,Aug,66.81,61.46,62.19,56.16,High
12,Karawal Nagar,Commercial,2020,9,Sep,66.3,61.27,62.19,56.16,High
12,Karawal Nagar,Commercial,2020,10,Oct,66.59,61.61,62.19,56.16,High
12,Karawal Nagar,Commercial,2020,11,Nov,66.51,61.26,62.19,56.16,High
12,Karawal Nagar,Commercial,2020,12,Dec,66.12,61.32,62.19,56.16,High
12,Karawal Nagar,Commercial,2021,1,Jan,69.63,62.91,62.19,56.16,Critical
12,Karawal Nagar,Commercial,2021,2,Feb,68.43,63.74,62.19,56.16,Critical
12,Karawal Nagar,Commercial,2021,3,Mar,69.4,63.69,62.19,56.16,Critical
12,Karawal Nagar,Commercial,2021,4,Apr,69.78,63.42,62.19,56.16,Critical
12,Karawal Nagar,Commercial,2021,5,May,70.77,64.39,62.19,56.16,Critical
12,Karawal Nagar,Commercial,2021,6,Jun,70.52,63.58,62.19,56.16,Critical
12,Karawal Nagar,Commercial,2021,7,Jul,70.33,64.38,62.19,56.16,Critical
12,Karawal Nagar,Commercial,2021,8,Aug,69.66,64.12,62.19,56.16,Critical
12,Karawal Nagar,Commercial,2021,9,Sep,70.04,64.03,62.19,56.16,Critical
12,Karawal Nagar,Commercial,2021,10,Oct,70.3,63.77,62.19,56.16,Critical
12,Karawal Nagar,Commercial,2021,11,Nov,70.43,63.71,62.19,56.16,Critical
12,Karawal Nagar,Commercial,2021,12,Dec,69.44,63.18,62.19,56.16,Critical
12,Karawal Nagar,Commercial,2022,1,Jan,73.07,65.89,62.19,56.16,Critical
12,Karawal Nagar,Commercial,2022,2,Feb,73.38,66.77,62.19,56.16,Critical
12,Karawal Nagar,Commercial,2022,3,Mar,73.4,66.08,62.19,56.16,Critical
12,Karawal Nagar,Commercial,2022,4,Apr,74.84,66.7,62.19,56.16,Critical
12,Karawal Nagar,Commercial,2022,5,May,74.28,67.27,62.19,56.16,Critical
12,Karawal Nagar,Commercial,2022,6,Jun,74.51,67.71,62.19,56.16,Critical
12,Karawal Nagar,Commercial,2022,7,Jul,74.82,66.91,62.19,56.16,Critical
12,Karawal Nagar,Commercial,2022,8,Aug,75.11,66.68,62.19,56.16,Critical
12,Karawal Nagar,Commercial,2022,9,Sep,74.35,66.75,62.19,56.16,Critical
12,Karawal Nagar,Commercial,2022,10,Oct,74.77,67.33,62.19,56.16,Critical
12,Karawal Nagar,Commercial,2022,11,Nov,73.96,66.33,62.19,56.16,Critical
12,Karawal Nagar,Commercial,2022,12,Dec,73.63,66.06,62.19,56.16,Critical
12,Karawal Nagar,Commercial,2023,1,Jan,75.06,66.9,62.19,56.16,Critical
12,Karawal Nagar,Commercial,2023,2,Feb,74.3,67.02,62.19,56.16,Critical
12,Karawal Nagar,Commercial,2023,3,Mar,74.41,66.97,62.19,56.16,Critical
12,Karawal Nagar,Commercial,2023,4,Apr,75.73,67.26,62.19,56.16,Critical
12,Karawal Nagar,Commercial,2023,5,May,75.13,67.82,62.19,56.16,Critical
12,Karawal Nagar,Commercial,2023,6,Jun,76.22,68.08,62.19,56.16,Critical
12,Karawal Nagar,Commercial,2023,7,Jul,75.95,67.53,62.19,56.16,Critical
12,Karawal Nagar,Commercial,2023,8,Aug,74.68,68.01,62.19,56.16,Critical
12,Karawal Nagar,Commercial,2023,9,Sep,74.92,67.28,62.19,56.16,Critical
12,Karawal Nagar,Commercial,2023,10,Oct,75.78,67.73,62.19,56.16,Critical
12,Karawal Nagar,Commercial,2023,11,Nov,75.13,67.91,62.19,56.16,Critical
12,Karawal Nagar,Commercial,2023,12,Dec,74.19,67.24,62.19,56.16,Critical
12,Karawal Nagar,Commercial,2024,1,Jan,75.27,67.74,62.19,56.16,Critical
12,Karawal Nagar,Commercial,2024,2,Feb,76.06,67.91,62.19,56.16,Critical
12,Karawal Nagar,Commercial,2024,3,Mar,76.17,68.38,62.19,56.16,Critical
12,Karawal Nagar,Commercial,2024,4,Apr,76.1,68.01,62.19,56.16,Critical
12,Karawal Nagar,Commercial,2024,5,May,76.13,67.87,62.19,56.16,Critical
12,Karawal Nagar,Commercial,2024,6,Jun,77.57,68.33,62.19,56.16,Critical
12,Karawal Nagar,Commercial,2024,7,Jul,76.46,68.48,62.19,56.16,Critical
12,Karawal Nagar,Commercial,2024,8,Aug,76.37,68.6,62.19,56.16,Critical
12,Karawal Nagar,Commercial,2024,9,Sep,76.39,67.99,62.19,56.16,Critical
12,Karawal Nagar,Commercial,2024,10,Oct,76.18,68.44,62.19,56.16,Critical
12,Karawal Nagar,Commercial,2024,11,Nov,75.85,68.54,62.19,56.16,Critical
12,Karawal Nagar,Commercial,2024,12,Dec,75.65,67.98,62.19,56.16,Critical
13,Karol Bagh,Commercial,2020,1,Jan,66.61,63.37,62.69,58.0,High
13,Karol Bagh,Commercial,2020,2,Feb,66.61,62.73,62.69,58.0,High
13,Karol Bagh,Commercial,2020,3,Mar,67.2,63.22,62.69,58.0,High
13,Karol Bagh,Commercial,2020,4,Apr,67.13,63.8,62.69,58.0,High
13,Karol Bagh,Commercial,2020,5,May,68.14,63.83,62.69,58.0,High
13,Karol Bagh,Commercial,2020,6,Jun,67.96,64.53,62.69,58.0,Critical
13,Karol Bagh,Commercial,2020,7,Jul,67.74,64.7,62.69,58.0,Critical
13,Karol Bagh,Commercial,2020,8,Aug,67.57,63.19,62.69,58.0,High
13,Karol Bagh,Commercial,2020,9,Sep,67.44,63.63,62.69,58.0,High
13,Karol Bagh,Commercial,2020,10,Oct,67.86,63.92,62.69,58.0,High
13,Karol Bagh,Commercial,2020,11,Nov,66.98,63.05,62.69,58.0,High
13,Karol Bagh,Commercial,2020,12,Dec,66.46,62.86,62.69,58.0,High
13,Karol Bagh,Commercial,2021,1,Jan,69.61,65.7,62.69,58.0,Critical
13,Karol Bagh,Commercial,2021,2,Feb,70.71,65.74,62.69,58.0,Critical
13,Karol Bagh,Commercial,2021,3,Mar,70.06,66.05,62.69,58.0,Critical
13,Karol Bagh,Commercial,2021,4,Apr,71.32,65.94,62.69,58.0,Critical
13,Karol Bagh,Commercial,2021,5,May,71.09,66.32,62.69,58.0,Critical
13,Karol Bagh,Commercial,2021,6,Jun,71.03,66.71,62.69,58.0,Critical
13,Karol Bagh,Commercial,2021,7,Jul,71.09,66.55,62.69,58.0,Critical
13,Karol Bagh,Commercial,2021,8,Aug,70.49,66.09,62.69,58.0,Critical
13,Karol Bagh,Commercial,2021,9,Sep,70.93,65.91,62.69,58.0,Critical
13,Karol Bagh,Commercial,2021,10,Oct,71.53,66.1,62.69,58.0,Critical
13,Karol Bagh,Commercial,2021,11,Nov,70.63,66.2,62.69,58.0,Critical
13,Karol Bagh,Commercial,2021,12,Dec,69.47,65.09,62.69,58.0,Critical
13,Karol Bagh,Commercial,2022,1,Jan,73.23,68.7,62.69,58.0,Critical
13,Karol Bagh,Commercial,2022,2,Feb,73.82,69.19,62.69,58.0,Critical
13,Karol Bagh,Commercial,2022,3,Mar,74.31,68.78,62.69,58.0,Critical
13,Karol Bagh,Commercial,2022,4,Apr,75.46,69.52,62.69,58.0,Critical
13,Karol Bagh,Commercial,2022,5,May,75.96,69.48,62.69,58.0,Critical
13,Karol Bagh,Commercial,2022,6,Jun,75.75,69.5,62.69,58.0,Critical
13,Karol Bagh,Commercial,2022,7,Jul,75.45,69.05,62.69,58.0,Critical
13,Karol Bagh,Commercial,2022,8,Aug,74.51,69.02,62.69,58.0,Critical
13,Karol Bagh,Commercial,2022,9,Sep,74.57,68.68,62.69,58.0,Critical
13,Karol Bagh,Commercial,2022,10,Oct,75.12,69.31,62.69,58.0,Critical
13,Karol Bagh,Commercial,2022,11,Nov,74.58,69.16,62.69,58.0,Critical
13,Karol Bagh,Commercial,2022,12,Dec,73.58,68.36,62.69,58.0,Critical
13,Karol Bagh,Commercial,2023,1,Jan,74.55,68.46,62.69,58.0,Critical
13,Karol Bagh,Commercial,2023,2,Feb,75.01,69.08,62.69,58.0,Critical
13,Karol Bagh,Commercial,2023,3,Mar,76.15,69.61,62.69,58.0,Critical
13,Karol Bagh,Commercial,2023,4,Apr,75.43,70.18,62.69,58.0,Critical
13,Karol Bagh,Commercial,2023,5,May,76.63,69.99,62.69,58.0,Critical
13,Karol Bagh,Commercial,2023,6,Jun,76.25,69.73,62.69,58.0,Critical
13,Karol Bagh,Commercial,2023,7,Jul,75.99,70.25,62.69,58.0,Critical
13,Karol Bagh,Commercial,2023,8,Aug,76.59,70.18,62.69,58.0,Critical
13,Karol Bagh,Commercial,2023,9,Sep,75.44,69.18,62.69,58.0,Critical
13,Karol Bagh,Commercial,2023,10,Oct,75.9,69.19,62.69,58.0,Critical
13,Karol Bagh,Commercial,2023,11,Nov,75.67,69.38,62.69,58.0,Critical
13,Karol Bagh,Commercial,2023,12,Dec,74.85,68.64,62.69,58.0,Critical
13,Karol Bagh,Commercial,2024,1,Jan,76.05,69.66,62.69,58.0,Critical
13,Karol Bagh,Commercial,2024,2,Feb,75.57,69.06,62.69,58.0,Critical
13,Karol Bagh,Commercial,2024,3,Mar,76.53,70.75,62.69,58.0,Critical
13,Karol Bagh,Commercial,2024,4,Apr,77.5,70.28,62.69,58.0,Critical
13,Karol Bagh,Commercial,2024,5,May,76.9,70.76,62.69,58.0,Critical
13,Karol Bagh,Commercial,2024,6,Jun,76.94,70.91,62.69,58.0,Critical
13,Karol Bagh,Commercial,2024,7,Jul,77.45,71.09,62.69,58.0,Critical
13,Karol Bagh,Commercial,2024,8,Aug,76.8,70.46,62.69,58.0,Critical
13,Karol Bagh,Commercial,2024,9,Sep,76.29,70.07,62.69,58.0,Critical
13,Karol Bagh,Commercial,2024,10,Oct,76.75,70.63,62.69,58.0,Critical
13,Karol Bagh,Commercial,2024,11,Nov,76.91,69.98,62.69,58.0,Critical
13,Karol Bagh,Commercial,2024,12,Dec,76.64,69.84,62.69,58.0,Critical
14,Kondli,Residential,2020,1,Jan,68.01,58.82,61.56,52.92,High
14,Kondli,Residential,2020,2,Feb,67.25,59.41,61.56,52.92,High
14,Kondli,Residential,2020,3,Mar,69.01,59.36,61.56,52.92,High
14,Kondli,Residential,2020,4,Apr,69.05,59.79,61.56,52.92,High
14,Kondli,Residential,2020,5,May,68.69,59.68,61.56,52.92,High
14,Kondli,Residential,2020,6,Jun,69.84,59.66,61.56,52.92,High
14,Kondli,Residential,2020,7,Jul,69.44,59.53,61.56,52.92,High
14,Kondli,Residential,2020,8,Aug,69.21,59.73,61.56,52.92,High
14,Kondli,Residential,2020,9,Sep,68.17,59.89,61.56,52.92,High
14,Kondli,Residential,2020,10,Oct,68.73,59.5,61.56,52.92,High
14,Kondli,Residential,2020,11,Nov,68.8,59.78,61.56,52.92,High
14,Kondli,Residential,2020,12,Dec,67.81,59.16,61.56,52.92,High
14,Kondli,Residential,2021,1,Jan,70.19,60.75,61.56,52.92,High
14,Kondli,Residential,2021,2,Feb,70.29,60.53,61.56,52.92,High
14,Kondli,Residential,2021,3,Mar,70.39,60.97,61.56,52.92,High
14,Kondli,Residential,2021,4,Apr,70.59,60.26,61.56,52.92,High
14,Kondli,Residential,2021,5,May,71.49,61.61,61.56,52.92,Critical
14,Kondli,Residential,2021,6,Jun,70.57,61.24,61.56,52.92,High
14,Kondli,Residential,2021,7,Jul,71.57,62.06,61.56,52.92,Critical
14,Kondli,Residential,2021,8,Aug,71.03,61.02,61.56,52.92,Critical
14,Kondli,Residential,2021,9,Sep,70.75,61.45,61.56,52.92,Critical
14,Kondli,Residential,2021,10,Oct,70.76,61.0,61.56,52.92,High
14,Kondli,Residential,2021,11,Nov,70.53,60.65,61.56,52.92,High
14,Kondli,Residential,2021,12,Dec,70.27,61.13,61.56,52.92,High
14,Kondli,Residential,2022,1,Jan,72.35,62.06,61.56,52.92,Critical
14,Kondli,Residential,2022,2,Feb,72.3,61.77,61.56,52.92,Critical
14,Kondli,Residential,2022,3,Mar,73.27,62.52,61.56,52.92,Critical
14,Kondli,Residential,2022,4,Apr,73.15,63.7,61.56,52.92,Critical
14,Kondli,Residential,2022,5,May,73.64,62.71,61.56,52.92,Critical
14,Kondli,Residential,2022,6,Jun,73.55,63.48,61.56,52.92,Critical
14,Kondli,Residential,2022,7,Jul,73.57,62.61,61.56,52.92,Critical
14,Kondli,Residential,2022,8,Aug,73.59,62.64,61.56,52.92,Critical
14,Kondli,Residential,2022,9,Sep,73.77,62.96,61.56,52.92,Critical
14,Kondli,Residential,2022,10,Oct,73.04,63.22,61.56,52.92,Critical
14,Kondli,Residential,2022,11,Nov,72.95,62.8,61.56,52.92,Critical
14,Kondli,Residential,2022,12,Dec,72.61,61.99,61.56,52.92,Critical
14,Kondli,Residential,2023,1,Jan,72.56,62.95,61.56,52.92,Critical
14,Kondli,Residential,2023,2,Feb,72.89,62.62,61.56,52.92,Critical
14,Kondli,Residential,2023,3,Mar,73.14,63.17,61.56,52.92,Critical
14,Kondli,Residential,2023,4,Apr,74.65,62.92,61.56,52.92,Critical
14,Kondli,Residential,2023,5,May,74.13,63.86,61.56,52.92,Critical
14,Kondli,Residential,2023,6,Jun,74.29,63.78,61.56,52.92,Critical
14,Kondli,Residential,2023,7,Jul,73.7,63.67,61.56,52.92,Critical
14,Kondli,Residential,2023,8,Aug,73.75,63.64,61.56,52.92,Critical
14,Kondli,Residential,2023,9,Sep,74.09,63.92,61.56,52.92,Critical
14,Kondli,Residential,2023,10,Oct,74.05,63.44,61.56,52.92,Critical
14,Kondli,Residential,2023,11,Nov,73.6,62.93,61.56,52.92,Critical
14,Kondli,Residential,2023,12,Dec,73.16,62.65,61.56,52.92,Critical
14,Kondli,Residential,2024,1,Jan,73.59,63.44,61.56,52.92,Critical
14,Kondli,Residential,2024,2,Feb,73.32,63.48,61.56,52.92,Critical
14,Kondli,Residential,2024,3,Mar,74.75,63.4,61.56,52.92,Critical
14,Kondli,Residential,2024,4,Apr,73.67,63.46,61.56,52.92,Critical
14,Kondli,Residential,2024,5,May,75.34,63.83,61.56,52.92,Critical
14,Kondli,Residential,2024,6,Jun,74.62,63.89,61.56,52.92,Critical
14,Kondli,Residential,2024,7,Jul,75.16,64.1,61.56,52.92,Critical
14,Kondli,Residential,2024,8,Aug,74.42,63.63,61.56,52.92,Critical
14,Kondli,Residential,2024,9,Sep,74.16,63.26,61.56,52.92,Critical
14,Kondli,Residential,2024,10,Oct,75.17,63.64,61.56,52.92,Critical
14,Kondli,Residential,2024,11,Nov,74.71,63.9,61.56,52.92,Critical
14,Kondli,Residential,2024,12,Dec,74.12,63.01,61.56,52.92,Critical
15,Lajpat Nagar,Commercial,2020,1,Jan,66.55,62.0,62.72,57.14,High
15,Lajpat Nagar,Commercial,2020,2,Feb,66.23,62.21,62.72,57.14,High
15,Lajpat Nagar,Commercial,2020,3,Mar,66.62,62.77,62.72,57.14,High
15,Lajpat Nagar,Commercial,2020,4,Apr,67.2,62.67,62.72,57.14,High
15,Lajpat Nagar,Commercial,2020,5,May,67.8,62.73,62.72,57.14,High
15,Lajpat Nagar,Commercial,2020,6,Jun,68.12,62.87,62.72,57.14,High
15,Lajpat Nagar,Commercial,2020,7,Jul,68.04,62.51,62.72,57.14,High
15,Lajpat Nagar,Commercial,2020,8,Aug,67.44,63.29,62.72,57.14,High
15,Lajpat Nagar,Commercial,2020,9,Sep,66.79,62.31,62.72,57.14,High
15,Lajpat Nagar,Commercial,2020,10,Oct,67.6,62.76,62.72,57.14,High
15,Lajpat Nagar,Commercial,2020,11,Nov,67.23,62.56,62.72,57.14,High
15,Lajpat Nagar,Commercial,2020,12,Dec,66.84,62.44,62.72,57.14,High
15,Lajpat Nagar,Commercial,2021,1,Jan,70.05,64.44,62.72,57.14,Critical
15,Lajpat Nagar,Commercial,2021,2,Feb,70.36,65.18,62.72,57.14,Critical
15,Lajpat Nagar,Commercial,2021,3,Mar,70.54,64.62,62.72,57.14,Critical
15,Lajpat Nagar,Commercial,2021,4,Apr,71.33,65.07,62.72,57.14,Critical
15,Lajpat Nagar,Commercial,2021,5,May,70.32,65.56,62.72,57.14,Critical
15,Lajpat Nagar,Commercial,2021,6,Jun,71.18,65.48,62.72,57.14,Critical
15,Lajpat Nagar,Commercial,2021,7,Jul,71.32,65.47,62.72,57.14,Critical
15,Lajpat Nagar,Commercial,2021,8,Aug,71.17,65.08,62.72,57.14,Critical
15,Lajpat Nagar,Commercial,2021,9,Sep,70.9,64.93,62.72,57.14,Critical
15,Lajpat Nagar,Commercial,2021,10,Oct,71.19,65.39,62.72,57.14,Critical
15,Lajpat Nagar,Commercial,2021,11,Nov,70.22,65.24,62.72,57.14,Critical
15,Lajpat Nagar,Commercial,2021,12,Dec,69.88,64.85,62.72,57.14,Critical
15,Lajpat Nagar,Commercial,2022,1,Jan,74.04,67.86,62.72,57.14,Critical
15,Lajpat Nagar,Commercial,2022,2,Feb,74.0,67.31,62.72,57.14,Critical
15,Lajpat Nagar,Commercial,2022,3,Mar,74.58,67.62,62.72,57.14,Critical
15,Lajpat Nagar,Commercial,2022,4,Apr,75.21,67.43,62.72,57.14,Critical
15,Lajpat Nagar,Commercial,2022,5,May,74.77,67.79,62.72,57.14,Critical
15,Lajpat Nagar,Commercial,2022,6,Jun,75.77,68.82,62.72,57.14,Critical
15,Lajpat Nagar,Commercial,2022,7,Jul,75.15,68.16,62.72,57.14,Critical
15,Lajpat Nagar,Commercial,2022,8,Aug,74.92,68.36,62.72,57.14,Critical
15,Lajpat Nagar,Commercial,2022,9,Sep,74.32,67.88,62.72,57.14,Critical
15,Lajpat Nagar,Commercial,2022,10,Oct,75.28,68.16,62.72,57.14,Critical
15,Lajpat Nagar,Commercial,2022,11,Nov,74.67,68.01,62.72,57.14,Critical
15,Lajpat Nagar,Commercial,2022,12,Dec,73.01,67.61,62.72,57.14,Critical
15,Lajpat Nagar,Commercial,2023,1,Jan,74.63,67.46,62.72,57.14,Critical
15,Lajpat Nagar,Commercial,2023,2,Feb,75.29,68.52,62.72,57.14,Critical
15,Lajpat Nagar,Commercial,2023,3,Mar,75.54,68.7,62.72,57.14,Critical
15,Lajpat Nagar,Commercial,2023,4,Apr,76.53,69.0,62.72,57.14,Critical
15,Lajpat Nagar,Commercial,2023,5,May,76.85,69.03,62.72,57.14,Critical
15,Lajpat Nagar,Commercial,2023,6,Jun,76.42,68.53,62.72,57.14,Critical
15,Lajpat Nagar,Commercial,2023,7,Jul,76.09,68.66,62.72,57.14,Critical
15,Lajpat Nagar,Commercial,2023,8,Aug,76.76,68.66,62.72,57.14,Critical
15,Lajpat Nagar,Commercial,2023,9,Sep,75.74,68.68,62.72,57.14,Critical
15,Lajpat Nagar,Commercial,2023,10,Oct,75.91,69.22,62.72,57.14,Critical
15,Lajpat Nagar,Commercial,2023,11,Nov,75.34,68.47,62.72,57.14,Critical
15,Lajpat Nagar,Commercial,2023,12,Dec,74.79,67.71,62.72,57.14,Critical
15,Lajpat Nagar,Commercial,2024,1,Jan,75.65,68.8,62.72,57.14,Critical
15,Lajpat Nagar,Commercial,2024,2,Feb,75.92,68.7,62.72,57.14,Critical
15,Lajpat Nagar,Commercial,2024,3,Mar,76.03,69.19,62.72,57.14,Critical
15,Lajpat Nagar,Commercial,2024,4,Apr,76.29,69.64,62.72,57.14,Critical
15,Lajpat Nagar,Commercial,2024,5,May,77.22,69.17,62.72,57.14,Critical
15,Lajpat Nagar,Commercial,2024,6,Jun,77.27,69.58,62.72,57.14,Critical
15,Lajpat Nagar,Commercial,2024,7,Jul,77.32,70.11,62.72,57.14,Critical
15,Lajpat Nagar,Commercial,2024,8,Aug,76.14,69.54,62.72,57.14,Critical
15,Lajpat Nagar,Commercial,2024,9,Sep,76.63,69.51,62.72,57.14,Critical
15,Lajpat Nagar,Commercial,2024,10,Oct,76.98,69.28,62.72,57.14,Critical
15,Lajpat Nagar,Commercial,2024,11,Nov,76.46,68.97,62.72,57.14,Critical
15,Lajpat Nagar,Commercial,2024,12,Dec,76.52,68.92,62.72,57.14,Critical
16,Lawrence Road,Industrial,2020,1,Jan,66.5,58.14,60.9,53.03,High
16,Lawrence Road,Industrial,2020,2,Feb,65.66,57.81,60.9,53.03,High
16,Lawrence Road,Industrial,2020,3,Mar,65.72,58.08,60.9,53.03,High
16,Lawrence Road,Industrial,2020,4,Apr,66.85,58.91,60.9,53.03,High
16,Lawrence Road,Industrial,2020,5,May,66.41,59.23,60.9,53.03,High
16,Lawrence Road,Industrial,2020,6,Jun,67.05,59.2,60.9,53.03,High
16,Lawrence Road,Industrial,2020,7,Jul,67.68,59.33,60.9,53.03,High
16,Lawrence Road,Industrial,2020,8,Aug,66.63,58.59,60.9,53.03,High
16,Lawrence Road,Industrial,2020,9,Sep,65.68,58.44,60.9,53.03,High
16,Lawrence Road,Industrial,2020,10,Oct,66.66,58.56,60.9,53.03,High
16,Lawrence Road,Industrial,2020,11,Nov,66.39,58.58,60.9,53.03,High
16,Lawrence Road,Industrial,2020,12,Dec,65.85,58.06,60.9,53.03,High
16,Lawrence Road,Industrial,2021,1,Jan,68.31,60.29,60.9,53.03,High
16,Lawrence Road,Industrial,2021,2,Feb,68.0,60.68,60.9,53.03,High
16,Lawrence Road,Industrial,2021,3,Mar,68.9,60.57,60.9,53.03,High
16,Lawrence Road,Industrial,2021,4,Apr,69.52,60.83,60.9,53.03,High
16,Lawrence Road,Industrial,2021,5,May,69.92,61.05,60.9,53.03,High
16,Lawrence Road,Industrial,2021,6,Jun,69.5,61.27,60.9,53.03,High
16,Lawrence Road,Industrial,2021,7,Jul,69.08,61.09,60.9,53.03,High
16,Lawrence Road,Industrial,2021,8,Aug,69.23,60.8,60.9,53.03,High
16,Lawrence Road,Industrial,2021,9,Sep,68.99,60.1,60.9,53.03,High
16,Lawrence Road,Industrial,2021,10,Oct,69.02,60.89,60.9,53.03,High
16,Lawrence Road,Industrial,2021,11,Nov,69.0,60.25,60.9,53.03,High
16,Lawrence Road,Industrial,2021,12,Dec,68.95,60.0,60.9,53.03,High
16,Lawrence Road,Industrial,2022,1,Jan,71.93,62.49,60.9,53.03,Critical
16,Lawrence Road,Industrial,2022,2,Feb,71.48,62.99,60.9,53.03,Critical
16,Lawrence Road,Industrial,2022,3,Mar,71.76,63.04,60.9,53.03,Critical
16,Lawrence Road,Industrial,2022,4,Apr,72.94,62.76,60.9,53.03,Critical
16,Lawrence Road,Industrial,2022,5,May,73.4,63.08,60.9,53.03,Critical
16,Lawrence Road,Industrial,2022,6,Jun,73.16,63.44,60.9,53.03,Critical
16,Lawrence Road,Industrial,2022,7,Jul,72.79,63.5,60.9,53.03,Critical
16,Lawrence Road,Industrial,2022,8,Aug,72.86,62.54,60.9,53.03,Critical
16,Lawrence Road,Industrial,2022,9,Sep,72.86,62.36,60.9,53.03,Critical
16,Lawrence Road,Industrial,2022,10,Oct,72.95,63.4,60.9,53.03,Critical
16,Lawrence Road,Industrial,2022,11,Nov,71.8,62.64,60.9,53.03,Critical
16,Lawrence Road,Industrial,2022,12,Dec,71.3,62.4,60.9,53.03,Critical
16,Lawrence Road,Industrial,2023,1,Jan,72.12,63.19,60.9,53.03,Critical
16,Lawrence Road,Industrial,2023,2,Feb,72.96,63.48,60.9,53.03,Critical
16,Lawrence Road,Industrial,2023,3,Mar,72.72,63.3,60.9,53.03,Critical
16,Lawrence Road,Industrial,2023,4,Apr,72.57,63.32,60.9,53.03,Critical
16,Lawrence Road,Industrial,2023,5,May,73.93,64.24,60.9,53.03,Critical
16,Lawrence Road,Industrial,2023,6,Jun,73.25,63.78,60.9,53.03,Critical
16,Lawrence Road,Industrial,2023,7,Jul,73.53,63.94,60.9,53.03,Critical
16,Lawrence Road,Industrial,2023,8,Aug,72.92,63.79,60.9,53.03,Critical
16,Lawrence Road,Industrial,2023,9,Sep,72.85,63.46,60.9,53.03,Critical
16,Lawrence Road,Industrial,2023,10,Oct,73.46,63.66,60.9,53.03,Critical
16,Lawrence Road,Industrial,2023,11,Nov,72.77,63.33,60.9,53.03,Critical
16,Lawrence Road,Industrial,2023,12,Dec,72.4,62.95,60.9,53.03,Critical
16,Lawrence Road,Industrial,2024,1,Jan,72.94,63.84,60.9,53.03,Critical
16,Lawrence Road,Industrial,2024,2,Feb,73.46,63.37,60.9,53.03,Critical
16,Lawrence Road,Industrial,2024,3,Mar,74.02,63.66,60.9,53.03,Critical
16,Lawrence Road,Industrial,2024,4,Apr,74.51,64.07,60.9,53.03,Critical
16,Lawrence Road,Industrial,2024,5,May,74.3,64.29,60.9,53.03,Critical
16,Lawrence Road,Industrial,2024,6,Jun,73.91,64.02,60.9,53.03,Critical
16,Lawrence Road,Industrial,2024,7,Jul,73.86,64.3,60.9,53.03,Critical
16,Lawrence Road,Industrial,2024,8,Aug,74.73,64.73,60.9,53.03,Critical
16,Lawrence Road,Industrial,2024,9,Sep,74.1,64.01,60.9,53.03,Critical
16,Lawrence Road,Industrial,2024,10,Oct,73.32,63.9,60.9,53.03,Critical
16,Lawrence Road,Industrial,2024,11,Nov,73.42,63.57,60.9,53.03,Critical
16,Lawrence Road,Industrial,2024,12,Dec,73.17,63.32,60.9,53.03,Critical
17,Mandavali,Residential,2020,1,Jan,67.46,61.78,61.76,55.06,High
17,Mandavali,Residential,2020,2,Feb,68.02,61.73,61.76,55.06,High
17,Mandavali,Residential,2020,3,Mar,69.78,61.68,61.76,55.06,High
17,Mandavali,Residential,2020,4,Apr,68.24,62.07,61.76,55.06,High
17,Mandavali,Residential,2020,5,May,69.99,62.95,61.76,55.06,Critical
17,Mandavali,Residential,2020,6,Jun,69.26,62.71,61.76,55.06,High
17,Mandavali,Residential,2020,7,Jul,69.36,62.43,61.76,55.06,High
17,Mandavali,Residential,2020,8,Aug,70.31,61.81,61.76,55.06,Critical
17,Mandavali,Residential,2020,9,Sep,69.15,62.2,61.76,55.06,High
17,Mandavali,Residential,2020,10,Oct,69.68,62.29,61.76,55.06,High
17,Mandavali,Residential,2020,11,Nov,69.07,61.84,61.76,55.06,High
17,Mandavali,Residential,2020,12,Dec,68.56,61.56,61.76,55.06,High
17,Mandavali,Residential,2021,1,Jan,70.5,62.95,61.76,55.06,Critical
17,Mandavali,Residential,2021,2,Feb,70.6,63.15,61.76,55.06,Critical
17,Mandavali,Residential,2021,3,Mar,71.4,63.44,61.76,55.06,Critical
17,Mandavali,Residential,2021,4,Apr,70.54,64.04,61.76,55.06,Critical
17,Mandavali,Residential,2021,5,May,71.19,63.66,61.76,55.06,Critical
17,Mandavali,Residential,2021,6,Jun,71.51,64.47,61.76,55.06,Critical
17,Mandavali,Residential,2021,7,Jul,70.7,64.9,61.76,55.06,Critical
17,Mandavali,Residential,2021,8,Aug,71.67,63.83,61.76,55.06,Critical
17,Mandavali,Residential,2021,9,Sep,71.03,63.65,61.76,55.06,Critical
17,Mandavali,Residential,2021,10,Oct,71.46,63.95,61.76,55.06,Critical
17,Mandavali,Residential,2021,11,Nov,71.17,63.49,61.76,55.06,Critical
17,Mandavali,Residential,2021,12,Dec,70.37,63.11,61.76,55.06,Critical
17,Mandavali,Residential,2022,1,Jan,72.37,65.0,61.76,55.06,Critical
17,Mandavali,Residential,2022,2,Feb,72.89,63.88,61.76,55.06,Critical
17,Mandavali,Residential,2022,3,Mar,73.41,65.12,61.76,55.06,Critical
17,Mandavali,Residential,2022,4,Apr,73.44,65.14,61.76,55.06,Critical
17,Mandavali,Residential,2022,5,May,74.2,65.74,61.76,55.06,Critical
17,Mandavali,Residential,2022,6,Jun,73.64,65.78,61.76,55.06,Critical
17,Mandavali,Residential,2022,7,Jul,73.36,65.15,61.76,55.06,Critical
17,Mandavali,Residential,2022,8,Aug,73.2,65.62,61.76,55.06,Critical
17,Mandavali,Residential,2022,9,Sep,73.63,65.31,61.76,55.06,Critical
17,Mandavali,Residential,2022,10,Oct,73.74,65.51,61.76,55.06,Critical
17,Mandavali,Residential,2022,11,Nov,72.89,65.19,61.76,55.06,Critical
17,Mandavali,Residential,2022,12,Dec,72.97,64.99,61.76,55.06,Critical
17,Mandavali,Residential,2023,1,Jan,73.53,65.37,61.76,55.06,Critical
17,Mandavali,Residential,2023,2,Feb,73.39,65.58,61.76,55.06,Critical
17,Mandavali,Residential,2023,3,Mar,73.74,65.3,61.76,55.06,Critical
17,Mandavali,Residential,2023,4,Apr,73.98,65.54,61.76,55.06,Critical
17,Mandavali,Residential,2023,5,May,74.08,65.92,61.76,55.06,Critical
17,Mandavali,Residential,2023,6,Jun,74.23,66.07,61.76,55.06,Critical
17,Mandavali,Residential,2023,7,Jul,73.59,66.12,61.76,55.06,Critical
17,Mandavali,Residential,2023,8,Aug,74.05,65.61,61.76,55.06,Critical
17,Mandavali,Residential,2023,9,Sep,74.11,65.94,61.76,55.06,Critical
17,Mandavali,Residential,2023,10,Oct,73.41,65.63,61.76,55.06,Critical
17,Mandavali,Residential,2023,11,Nov,73.44,65.28,61.76,55.06,Critical
17,Mandavali,Residential,2023,12,Dec,73.58,65.2,61.76,55.06,Critical
17,Mandavali,Residential,2024,1,Jan,73.64,64.96,61.76,55.06,Critical
17,Mandavali,Residential,2024,2,Feb,74.2,65.29,61.76,55.06,Critical
17,Mandavali,Residential,2024,3,Mar,74.47,66.04,61.76,55.06,Critical
17,Mandavali,Residential,2024,4,Apr,75.29,65.77,61.76,55.06,Critical
17,Mandavali,Residential,2024,5,May,73.84,66.42,61.76,55.06,Critical
17,Mandavali,Residential,2024,6,Jun,75.97,66.93,61.76,55.06,Critical
17,Mandavali,Residential,2024,7,Jul,75.13,66.31,61.76,55.06,Critical
17,Mandavali,Residential,2024,8,Aug,75.07,65.97,61.76,55.06,Critical
17,Mandavali,Residential,2024,9,Sep,74.74,66.21,61.76,55.06,Critical
17,Mandavali,Residential,2024,10,Oct,75.17,67.09,61.76,55.06,Critical
17,Mandavali,Residential,2024,11,Nov,74.61,65.81,61.76,55.06,Critical
17,Mandavali,Residential,2024,12,Dec,73.94,65.13,61.76,55.06,Critical
18,Mangol Puri,Commercial,2020,1,Jan,65.56,60.8,62.26,56.21,High
18,Mangol Puri,Commercial,2020,2,Feb,65.83,61.07,62.26,56.21,High
18,Mangol Puri,Commercial,2020,3,Mar,66.21,61.66,62.26,56.21,High
18,Mangol Puri,Commercial,2020,4,Apr,66.84,61.52,62.26,56.21,High
18,Mangol Puri,Commercial,2020,5,May,67.01,61.77,62.26,56.21,High
18,Mangol Puri,Commercial,2020,6,Jun,67.67,61.66,62.26,56.21,High
18,Mangol Puri,Commercial,2020,7,Jul,66.88,61.73,62.26,56.21,High
18,Mangol Puri,Commercial,2020,8,Aug,66.3,61.37,62.26,56.21,High
18,Mangol Puri,Commercial,2020,9,Sep,66.45,61.68,62.26,56.21,High
18,Mangol Puri,Commercial,2020,10,Oct,66.95,61.68,62.26,56.21,High
18,Mangol Puri,Commercial,2020,11,Nov,66.88,61.28,62.26,56.21,High
18,Mangol Puri,Commercial,2020,12,Dec,66.2,60.99,62.26,56.21,High
18,Mangol Puri,Commercial,2021,1,Jan,69.45,63.25,62.26,56.21,Critical
18,Mangol Puri,Commercial,2021,2,Feb,68.56,63.48,62.26,56.21,Critical
18,Mangol Puri,Commercial,2021,3,Mar,70.61,64.1,62.26,56.21,Critical
18,Mangol Puri,Commercial,2021,4,Apr,70.73,64.39,62.26,56.21,Critical
18,Mangol Puri,Commercial,2021,5,May,70.68,64.28,62.26,56.21,Critical
18,Mangol Puri,Commercial,2021,6,Jun,70.59,64.33,62.26,56.21,Critical
18,Mangol Puri,Commercial,2021,7,Jul,70.89,64.68,62.26,56.21,Critical
18,Mangol Puri,Commercial,2021,8,Aug,70.28,63.98,62.26,56.21,Critical
18,Mangol Puri,Commercial,2021,9,Sep,70.14,64.1,62.26,56.21,Critical
18,Mangol Puri,Commercial,2021,10,Oct,69.76,63.43,62.26,56.21,Critical
18,Mangol Puri,Commercial,2021,11,Nov,69.82,63.45,62.26,56.21,Critical
18,Mangol Puri,Commercial,2021,12,Dec,69.34,63.48,62.26,56.21,Critical
18,Mangol Puri,Commercial,2022,1,Jan,73.16,66.66,62.26,56.21,Critical
18,Mangol Puri,Commercial,2022,2,Feb,73.67,66.41,62.26,56.21,Critical
18,Mangol Puri,Commercial,2022,3,Mar,74.29,66.28,62.26,56.21,Critical
18,Mangol Puri,Commercial,2022,4,Apr,74.76,66.8,62.26,56.21,Critical
18,Mangol Puri,Commercial,2022,5,May,74.91,66.7,62.26,56.21,Critical
18,Mangol Puri,Commercial,2022,6,Jun,74.22,67.47,62.26,56.21,Critical
18,Mangol Puri,Commercial,2022,7,Jul,74.79,66.85,62.26,56.21,Critical
18,Mangol Puri,Commercial,2022,8,Aug,73.99,67.26,62.26,56.21,Critical
18,Mangol Puri,Commercial,2022,9,Sep,73.66,67.21,62.26,56.21,Critical
18,Mangol Puri,Commercial,2022,10,Oct,73.98,67.11,62.26,56.21,Critical
18,Mangol Puri,Commercial,2022,11,Nov,73.91,66.8,62.26,56.21,Critical
18,Mangol Puri,Commercial,2022,12,Dec,73.32,66.27,62.26,56.21,Critical
18,Mangol Puri,Commercial,2023,1,Jan,74.36,66.62,62.26,56.21,Critical
18,Mangol Puri,Commercial,2023,2,Feb,74.84,66.87,62.26,56.21,Critical
18,Mangol Puri,Commercial,2023,3,Mar,74.95,67.02,62.26,56.21,Critical
18,Mangol Puri,Commercial,2023,4,Apr,74.32,67.46,62.26,56.21,Critical
18,Mangol Puri,Commercial,2023,5,May,76.61,67.96,62.26,56.21,Critical
18,Mangol Puri,Commercial,2023,6,Jun,75.83,67.84,62.26,56.21,Critical
18,Mangol Puri,Commercial,2023,7,Jul,75.65,67.98,62.26,56.21,Critical
18,Mangol Puri,Commercial,2023,8,Aug,74.87,67.95,62.26,56.21,Critical
18,Mangol Puri,Commercial,2023,9,Sep,75.43,67.64,62.26,56.21,Critical
18,Mangol Puri,Commercial,2023,10,Oct,75.52,67.63,62.26,56.21,Critical
18,Mangol Puri,Commercial,2023,11,Nov,75.31,67.5,62.26,56.21,Critical
18,Mangol Puri,Commercial,2023,12,Dec,74.4,66.85,62.26,56.21,Critical
18,Mangol Puri,Commercial,2024,1,Jan,75.38,68.18,62.26,56.21,Critical
18,Mangol Puri,Commercial,2024,2,Feb,75.04,67.38,62.26,56.21,Critical
18,Mangol Puri,Commercial,2024,3,Mar,76.11,68.14,62.26,56.21,Critical
18,Mangol Puri,Commercial,2024,4,Apr,76.41,68.39,62.26,56.21,Critical
18,Mangol Puri,Commercial,2024,5,May,76.55,68.97,62.26,56.21,Critical
18,Mangol Puri,Commercial,2024,6,Jun,76.2,68.47,62.26,56.21,Critical
18,Mangol Puri,Commercial,2024,7,Jul,76.6,68.13,62.26,56.21,Critical
18,Mangol Puri,Commercial,2024,8,Aug,76.27,68.92,62.26,56.21,Critical
18,Mangol Puri,Commercial,2024,9,Sep,76.15,68.29,62.26,56.21,Critical
18,Mangol Puri,Commercial,2024,10,Oct,75.84,68.24,62.26,56.21,Critical
18,Mangol Puri,Commercial,2024,11,Nov,75.89,68.02,62.26,56.21,Critical
18,Mangol Puri,Commercial,2024,12,Dec,76.05,67.99,62.26,56.21,Critical
19,Meera Bagh,Residential,2020,1,Jan,66.63,60.04,60.76,53.71,High
19,Meera Bagh,Residential,2020,2,Feb,67.47,60.41,60.76,53.71,High
19,Meera Bagh,Residential,2020,3,Mar,68.4,60.07,60.76,53.71,High
19,Meera Bagh,Residential,2020,4,Apr,67.75,60.19,60.76,53.71,High
19,Meera Bagh,Residential,2020,5,May,68.28,60.91,60.76,53.71,High
19,Meera Bagh,Residential,2020,6,Jun,68.96,60.95,60.76,53.71,High
19,Meera Bagh,Residential,2020,7,Jul,68.24,60.92,60.76,53.71,High
19,Meera Bagh,Residential,2020,8,Aug,67.74,61.3,60.76,53.71,High
19,Meera Bagh,Residential,2020,9,Sep,67.23,60.53,60.76,53.71,High
19,Meera Bagh,Residential,2020,10,Oct,68.88,60.67,60.76,53.71,High
19,Meera Bagh,Residential,2020,11,Nov,67.69,60.26,60.76,53.71,High
19,Meera Bagh,Residential,2020,12,Dec,67.2,60.48,60.76,53.71,High
19,Meera Bagh,Residential,2021,1,Jan,68.19,61.93,60.76,53.71,High
19,Meera Bagh,Residential,2021,2,Feb,68.7,61.49,60.76,53.71,High
19,Meera Bagh,Residential,2021,3,Mar,69.6,62.05,60.76,53.71,High
19,Meera Bagh,Residential,2021,4,Apr,69.43,62.21,60.76,53.71,High
19,Meera Bagh,Residential,2021,5,May,71.18,61.86,60.76,53.71,Critical
19,Meera Bagh,Residential,2021,6,Jun,70.65,62.27,60.76,53.71,Critical
19,Meera Bagh,Residential,2021,7,Jul,70.54,62.38,60.76,53.71,Critical
19,Meera Bagh,Residential,2021,8,Aug,69.81,62.32,60.76,53.71,Critical
19,Meera Bagh,Residential,2021,9,Sep,70.59,61.91,60.76,53.71,Critical
19,Meera Bagh,Residential,2021,10,Oct,70.36,61.78,60.76,53.71,Critical
19,Meera Bagh,Residential,2021,11,Nov,69.39,62.01,60.76,53.71,High
19,Meera Bagh,Residential,2021,12,Dec,69.86,61.68,60.76,53.71,High
19,Meera Bagh,Residential,2022,1,Jan,71.14,63.07,60.76,53.71,Critical
19,Meera Bagh,Residential,2022,2,Feb,70.97,63.35,60.76,53.71,Critical
19,Meera Bagh,Residential,2022,3,Mar,72.32,63.33,60.76,53.71,Critical
19,Meera Bagh,Residential,2022,4,Apr,72.08,63.75,60.76,53.71,Critical
19,Meera Bagh,Residential,2022,5,May,72.4,63.85,60.76,53.71,Critical
19,Meera Bagh,Residential,2022,6,Jun,73.61,64.0,60.76,53.71,Critical
19,Meera Bagh,Residential,2022,7,Jul,72.43,63.78,60.76,53.71,Critical
19,Meera Bagh,Residential,2022,8,Aug,72.57,63.72,60.76,53.71,Critical
19,Meera Bagh,Residential,2022,9,Sep,71.81,63.97,60.76,53.71,Critical
19,Meera Bagh,Residential,2022,10,Oct,72.84,63.59,60.76,53.71,Critical
19,Meera Bagh,Residential,2022,11,Nov,71.22,63.77,60.76,53.71,Critical
19,Meera Bagh,Residential,2022,12,Dec,71.2,63.41,60.76,53.71,Critical
19,Meera Bagh,Residential,2023,1,Jan,71.08,63.84,60.76,53.71,Critical
19,Meera Bagh,Residential,2023,2,Feb,71.59,63.89,60.76,53.71,Critical
19,Meera Bagh,Residential,2023,3,Mar,72.58,63.68,60.76,53.71,Critical
19,Meera Bagh,Residential,2023,4,Apr,72.71,64.38,60.76,53.71,Critical
19,Meera Bagh,Residential,2023,5,May,73.21,64.55,60.76,53.71,Critical
19,Meera Bagh,Residential,2023,6,Jun,74.16,64.1,60.76,53.71,Critical
19,Meera Bagh,Residential,2023,7,Jul,73.82,64.5,60.76,53.71,Critical
19,Meera Bagh,Residential,2023,8,Aug,72.51,63.87,60.76,53.71,Critical
19,Meera Bagh,Residential,2023,9,Sep,72.59,64.35,60.76,53.71,Critical
19,Meera Bagh,Residential,2023,10,Oct,72.82,64.72,60.76,53.71,Critical
19,Meera Bagh,Residential,2023,11,Nov,71.99,63.97,60.76,53.71,Critical
19,Meera Bagh,Residential,2023,12,Dec,71.57,63.78,60.76,53.71,Critical
19,Meera Bagh,Residential,2024,1,Jan,72.92,63.84,60.76,53.71,Critical
19,Meera Bagh,Residential,2024,2,Feb,71.73,64.13,60.76,53.71,Critical
19,Meera Bagh,Residential,2024,3,Mar,73.44,64.49,60.76,53.71,Critical
19,Meera Bagh,Residential,2024,4,Apr,74.06,64.25,60.76,53.71,Critical
19,Meera Bagh,Residential,2024,5,May,74.14,65.13,60.76,53.71,Critical
19,Meera Bagh,Residential,2024,6,Jun,73.36,65.07,60.76,53.71,Critical
19,Meera Bagh,Residential,2024,7,Jul,73.67,64.85,60.76,53.71,Critical
19,Meera Bagh,Residential,2024,8,Aug,73.71,64.52,60.76,53.71,Critical
19,Meera Bagh,Residential,2024,9,Sep,73.1,64.48,60.76,53.71,Critical
19,Meera Bagh,Residential,2024,10,Oct,73.14,64.34,60.76,53.71,Critical
19,Meera Bagh,Residential,2024,11,Nov,73.54,64.03,60.76,53.71,Critical
19,Meera Bagh,Residential,2024,12,Dec,73.04,64.21,60.76,53.71,Critical
20,Mehrauli,Residential,2020,1,Jan,67.75,61.58,61.92,55.25,High
20,Mehrauli,Residential,2020,2,Feb,69.12,61.59,61.92,55.25,High
20,Mehrauli,Residential,2020,3,Mar,68.95,62.32,61.92,55.25,High
20,Mehrauli,Residential,2020,4,Apr,69.75,62.3,61.92,55.25,Critical
20,Mehrauli,Residential,2020,5,May,69.5,63.01,61.92,55.25,Critical
20,Mehrauli,Residential,2020,6,Jun,70.64,63.07,61.92,55.25,Critical
20,Mehrauli,Residential,2020,7,Jul,69.77,62.44,61.92,55.25,Critical
20,Mehrauli,Residential,2020,8,Aug,69.11,62.64,61.92,55.25,High
20,Mehrauli,Residential,2020,9,Sep,69.41,62.7,61.92,55.25,Critical
20,Mehrauli,Residential,2020,10,Oct,69.7,62.03,61.92,55.25,High
20,Mehrauli,Residential,2020,11,Nov,69.56,61.88,61.92,55.25,High
20,Mehrauli,Residential,2020,12,Dec,68.49,61.96,61.92,55.25,High
20,Mehrauli,Residential,2021,1,Jan,71.24,64.21,61.92,55.25,Critical
20,Mehrauli,Residential,2021,2,Feb,70.88,63.33,61.92,55.25,Critical
20,Mehrauli,Residential,2021,3,Mar,71.35,63.95,61.92,55.25,Critical
20,Mehrauli,Residential,2021,4,Apr,71.31,64.42,61.92,55.25,Critical
20,Mehrauli,Residential,2021,5,May,71.83,64.23,61.92,55.25,Critical
20,Mehrauli,Residential,2021,6,Jun,72.21,64.41,61.92,55.25,Critical
20,Mehrauli,Residential,2021,7,Jul,72.08,63.99,61.92,55.25,Critical
20,Mehrauli,Residential,2021,8,Aug,71.22,63.65,61.92,55.25,Critical
20,Mehrauli,Residential,2021,9,Sep,71.42,64.01,61.92,55.25,Critical
20,Mehrauli,Residential,2021,10,Oct,71.62,64.48,61.92,55.25,Critical
20,Mehrauli,Residential,2021,11,Nov,71.14,63.88,61.92,55.25,Critical
20,Mehrauli,Residential,2021,12,Dec,70.2,63.26,61.92,55.25,Critical
20,Mehrauli,Residential,2022,1,Jan,72.92,65.13,61.92,55.25,Critical
20,Mehrauli,Residential,2022,2,Feb,72.72,64.96,61.92,55.25,Critical
20,Mehrauli,Residential,2022,3,Mar,72.73,65.17,61.92,55.25,Critical
20,Mehrauli,Residential,2022,4,Apr,74.0,65.65,61.92,55.25,Critical
20,Mehrauli,Residential,2022,5,May,74.14,65.69,61.92,55.25,Critical
20,Mehrauli,Residential,2022,6,Jun,74.14,65.68,61.92,55.25,Critical
20,Mehrauli,Residential,2022,7,Jul,74.22,65.91,61.92,55.25,Critical
20,Mehrauli,Residential,2022,8,Aug,73.84,65.42,61.92,55.25,Critical
20,Mehrauli,Residential,2022,9,Sep,72.58,65.71,61.92,55.25,Critical
20,Mehrauli,Residential,2022,10,Oct,73.45,65.32,61.92,55.25,Critical
20,Mehrauli,Residential,2022,11,Nov,73.62,65.16,61.92,55.25,Critical
20,Mehrauli,Residential,2022,12,Dec,73.26,65.17,61.92,55.25,Critical
20,Mehrauli,Residential,2023,1,Jan,73.51,64.97,61.92,55.25,Critical
20,Mehrauli,Residential,2023,2,Feb,73.92,65.56,61.92,55.25,Critical
20,Mehrauli,Residential,2023,3,Mar,73.79,65.82,61.92,55.25,Critical
20,Mehrauli,Residential,2023,4,Apr,73.53,66.1,61.92,55.25,Critical
20,Mehrauli,Residential,2023,5,May,74.13,65.77,61.92,55.25,Critical
20,Mehrauli,Residential,2023,6,Jun,74.13,66.71,61.92,55.25,Critical
20,Mehrauli,Residential,2023,7,Jul,74.29,66.74,61.92,55.25,Critical
20,Mehrauli,Residential,2023,8,Aug,74.03,65.57,61.92,55.25,Critical
20,Mehrauli,Residential,2023,9,Sep,73.59,66.25,61.92,55.25,Critical
20,Mehrauli,Residential,2023,10,Oct,74.18,65.92,61.92,55.25,Critical
20,Mehrauli,Residential,2023,11,Nov,74.0,65.93,61.92,55.25,Critical
20,Mehrauli,Residential,2023,12,Dec,73.89,65.91,61.92,55.25,Critical
20,Mehrauli,Residential,2024,1,Jan,73.8,65.38,61.92,55.25,Critical
20,Mehrauli,Residential,2024,2,Feb,73.97,65.96,61.92,55.25,Critical
20,Mehrauli,Residential,2024,3,Mar,74.25,65.89,61.92,55.25,Critical
20,Mehrauli,Residential,2024,4,Apr,75.08,66.37,61.92,55.25,Critical
20,Mehrauli,Residential,2024,5,May,75.25,66.35,61.92,55.25,Critical
20,Mehrauli,Residential,2024,6,Jun,75.35,66.5,61.92,55.25,Critical
20,Mehrauli,Residential,2024,7,Jul,75.6,66.99,61.92,55.25,Critical
20,Mehrauli,Residential,2024,8,Aug,74.2,66.2,61.92,55.25,Critical
20,Mehrauli,Residential,2024,9,Sep,74.14,66.08,61.92,55.25,Critical
20,Mehrauli,Residential,2024,10,Oct,74.91,66.05,61.92,55.25,Critical
20,Mehrauli,Residential,2024,11,Nov,74.27,65.88,61.92,55.25,Critical
20,Mehrauli,Residential,2024,12,Dec,74.22,65.9,61.92,55.25,Critical
21,Moti Bagh,Residential,2020,1,Jan,65.83,57.64,59.95,51.69,High
21,Moti Bagh,Residential,2020,2,Feb,66.1,57.61,59.95,51.69,High
21,Moti Bagh,Residential,2020,3,Mar,67.49,58.39,59.95,51.69,High
21,Moti Bagh,Residential,2020,4,Apr,66.6,58.44,59.95,51.69,High
21,Moti Bagh,Residential,2020,5,May,67.74,58.05,59.95,51.69,High
21,Moti Bagh,Residential,2020,6,Jun,67.95,59.05,59.95,51.69,High
21,Moti Bagh,Residential,2020,7,Jul,66.97,58.21,59.95,51.69,High
21,Moti Bagh,Residential,2020,8,Aug,67.53,58.37,59.95,51.69,High
21,Moti Bagh,Residential,2020,9,Sep,67.14,58.19,59.95,51.69,High
21,Moti Bagh,Residential,2020,10,Oct,67.28,57.89,59.95,51.69,High
21,Moti Bagh,Residential,2020,11,Nov,67.24,58.34,59.95,51.69,High
21,Moti Bagh,Residential,2020,12,Dec,66.23,57.68,59.95,51.69,High
21,Moti Bagh,Residential,2021,1,Jan,67.51,59.24,59.95,51.69,High
21,Moti Bagh,Residential,2021,2,Feb,68.55,59.17,59.95,51.69,High
21,Moti Bagh,Residential,2021,3,Mar,69.27,59.39,59.95,51.69,High
21,Moti Bagh,Residential,2021,4,Apr,69.35,59.38,59.95,51.69,High
21,Moti Bagh,Residential,2021,5,May,69.41,59.84,59.95,51.69,High
21,Moti Bagh,Residential,2021,6,Jun,69.71,59.98,59.95,51.69,High
21,Moti Bagh,Residential,2021,7,Jul,69.37,60.24,59.95,51.69,High
21,Moti Bagh,Residential,2021,8,Aug,68.95,59.31,59.95,51.69,High
21,Moti Bagh,Residential,2021,9,Sep,69.62,60.0,59.95,51.69,High
21,Moti Bagh,Residential,2021,10,Oct,68.6,60.0,59.95,51.69,High
21,Moti Bagh,Residential,2021,11,Nov,68.62,59.57,59.95,51.69,High
21,Moti Bagh,Residential,2021,12,Dec,68.44,59.12,59.95,51.69,High
21,Moti Bagh,Residential,2022,1,Jan,70.01,60.48,59.95,51.69,High
21,Moti Bagh,Residential,2022,2,Feb,70.15,60.54,59.95,51.69,High
21,Moti Bagh,Residential,2022,3,Mar,70.99,60.88,59.95,51.69,High
21,Moti Bagh,Residential,2022,4,Apr,71.59,61.74,59.95,51.69,Critical
21,Moti Bagh,Residential,2022,5,May,71.39,61.56,59.95,51.69,Critical
21,Moti Bagh,Residential,2022,6,Jun,72.02,61.83,59.95,51.69,Critical
21,Moti Bagh,Residential,2022,7,Jul,71.65,61.81,59.95,51.69,Critical
21,Moti Bagh,Residential,2022,8,Aug,71.51,61.02,59.95,51.69,Critical
21,Moti Bagh,Residential,2022,9,Sep,71.47,61.46,59.95,51.69,Critical
21,Moti Bagh,Residential,2022,10,Oct,71.01,61.4,59.95,51.69,Critical
21,Moti Bagh,Residential,2022,11,Nov,71.29,61.03,59.95,51.69,Critical
21,Moti Bagh,Residential,2022,12,Dec,70.95,61.5,59.95,51.69,Critical
21,Moti Bagh,Residential,2023,1,Jan,70.61,60.78,59.95,51.69,High
21,Moti Bagh,Residential,2023,2,Feb,71.24,61.51,59.95,51.69,Critical
21,Moti Bagh,Residential,2023,3,Mar,71.53,62.03,59.95,51.69,Critical
21,Moti Bagh,Residential,2023,4,Apr,71.38,62.0,59.95,51.69,Critical
21,Moti Bagh,Residential,2023,5,May,71.98,62.51,59.95,51.69,Critical
21,Moti Bagh,Residential,2023,6,Jun,73.22,61.96,59.95,51.69,Critical
21,Moti Bagh,Residential,2023,7,Jul,72.0,62.35,59.95,51.69,Critical
21,Moti Bagh,Residential,2023,8,Aug,71.77,61.88,59.95,51.69,Critical
21,Moti Bagh,Residential,2023,9,Sep,71.73,61.11,59.95,51.69,Critical
21,Moti Bagh,Residential,2023,10,Oct,71.91,61.68,59.95,51.69,Critical
21,Moti Bagh,Residential,2023,11,Nov,71.42,62.02,59.95,51.69,Critical
21,Moti Bagh,Residential,2023,12,Dec,70.62,61.53,59.95,51.69,Critical
21,Moti Bagh,Residential,2024,1,Jan,71.51,61.51,59.95,51.69,Critical
21,Moti Bagh,Residential,2024,2,Feb,72.14,61.79,59.95,51.69,Critical
21,Moti Bagh,Residential,2024,3,Mar,72.55,62.28,59.95,51.69,Critical
21,Moti Bagh,Residential,2024,4,Apr,72.49,62.01,59.95,51.69,Critical
21,Moti Bagh,Residential,2024,5,May,72.49,62.14,59.95,51.69,Critical
21,Moti Bagh,Residential,2024,6,Jun,74.3,62.96,59.95,51.69,Critical
21,Moti Bagh,Residential,2024,7,Jul,72.38,62.09,59.95,51.69,Critical
21,Moti Bagh,Residential,2024,8,Aug,72.81,62.45,59.95,51.69,Critical
21,Moti Bagh,Residential,2024,9,Sep,72.64,62.01,59.95,51.69,Critical
21,Moti Bagh,Residential,2024,10,Oct,72.57,62.39,59.95,51.69,Critical
21,Moti Bagh,Residential,2024,11,Nov,72.35,61.32,59.95,51.69,Critical
21,Moti Bagh,Residential,2024,12,Dec,71.73,61.43,59.95,51.69,Critical
22,Moti Nagar,Residential,2020,1,Jan,67.98,62.47,61.47,55.07,High
22,Moti Nagar,Residential,2020,2,Feb,68.26,61.58,61.47,55.07,High
22,Moti Nagar,Residential,2020,3,Mar,68.98,62.11,61.47,55.07,High
22,Moti Nagar,Residential,2020,4,Apr,69.08,62.35,61.47,55.07,High
22,Moti Nagar,Residential,2020,5,May,70.03,62.03,61.47,55.07,Critical
22,Moti Nagar,Residential,2020,6,Jun,69.6,62.29,61.47,55.07,High
22,Moti Nagar,Residential,2020,7,Jul,69.43,62.19,61.47,55.07,High
22,Moti Nagar,Residential,2020,8,Aug,68.74,62.18,61.47,55.07,High
22,Moti Nagar,Residential,2020,9,Sep,69.1,62.35,61.47,55.07,High
22,Moti Nagar,Residential,2020,10,Oct,68.41,62.29,61.47,55.07,High
22,Moti Nagar,Residential,2020,11,Nov,68.33,61.59,61.47,55.07,High
22,Moti Nagar,Residential,2020,12,Dec,68.02,61.58,61.47,55.07,High
22,Moti Nagar,Residential,2021,1,Jan,70.88,63.2,61.47,55.07,Critical
22,Moti Nagar,Residential,2021,2,Feb,69.56,63.0,61.47,55.07,Critical
22,Moti Nagar,Residential,2021,3,Mar,71.02,64.1,61.47,55.07,Critical
22,Moti Nagar,Residential,2021,4,Apr,70.28,63.11,61.47,55.07,Critical
22,Moti Nagar,Residential,2021,5,May,71.96,63.99,61.47,55.07,Critical
22,Moti Nagar,Residential,2021,6,Jun,71.06,64.23,61.47,55.07,Critical
22,Moti Nagar,Residential,2021,7,Jul,70.16,63.97,61.47,55.07,Critical
22,Moti Nagar,Residential,2021,8,Aug,71.04,64.05,61.47,55.07,Critical
22,Moti Nagar,Residential,2021,9,Sep,70.3,63.6,61.47,55.07,Critical
22,Moti Nagar,Residential,2021,10,Oct,70.54,63.85,61.47,55.07,Critical
22,Moti Nagar,Residential,2021,11,Nov,70.25,63.35,61.47,55.07,Critical
22,Moti Nagar,Residential,2021,12,Dec,69.71,63.37,61.47,55.07,Critical
22,Moti Nagar,Residential,2022,1,Jan,72.45,64.6,61.47,55.07,Critical
22,Moti Nagar,Residential,2022,2,Feb,72.33,64.34,61.47,55.07,Critical
22,Moti Nagar,Residential,2022,3,Mar,72.69,65.05,61.47,55.07,Critical
22,Moti Nagar,Residential,2022,4,Apr,74.16,64.94,61.47,55.07,Critical
22,Moti Nagar,Residential,2022,5,May,74.0,65.77,61.47,55.07,Critical
22,Moti Nagar,Residential,2022,6,Jun,73.72,66.2,61.47,55.07,Critical
22,Moti Nagar,Residential,2022,7,Jul,73.56,65.69,61.47,55.07,Critical
22,Moti Nagar,Residential,2022,8,Aug,73.09,65.74,61.47,55.07,Critical
22,Moti Nagar,Residential,2022,9,Sep,73.35,64.98,61.47,55.07,Critical
22,Moti Nagar,Residential,2022,10,Oct,72.58,65.31,61.47,55.07,Critical
22,Moti Nagar,Residential,2022,11,Nov,72.49,65.05,61.47,55.07,Critical
22,Moti Nagar,Residential,2022,12,Dec,72.8,64.63,61.47,55.07,Critical
22,Moti Nagar,Residential,2023,1,Jan,72.69,65.19,61.47,55.07,Critical
22,Moti Nagar,Residential,2023,2,Feb,73.25,64.6,61.47,55.07,Critical
22,Moti Nagar,Residential,2023,3,Mar,73.17,65.63,61.47,55.07,Critical
22,Moti Nagar,Residential,2023,4,Apr,74.19,65.62,61.47,55.07,Critical
22,Moti Nagar,Residential,2023,5,May,73.26,66.16,61.47,55.07,Critical
22,Moti Nagar,Residential,2023,6,Jun,73.96,65.81,61.47,55.07,Critical
22,Moti Nagar,Residential,2023,7,Jul,73.76,66.01,61.47,55.07,Critical
22,Moti Nagar,Residential,2023,8,Aug,73.47,65.21,61.47,55.07,Critical
22,Moti Nagar,Residential,2023,9,Sep,73.87,66.05,61.47,55.07,Critical
22,Moti Nagar,Residential,2023,10,Oct,73.97,65.53,61.47,55.07,Critical
22,Moti Nagar,Residential,2023,11,Nov,73.33,65.57,61.47,55.07,Critical
22,Moti Nagar,Residential,2023,12,Dec,73.15,65.47,61.47,55.07,Critical
22,Moti Nagar,Residential,2024,1,Jan,73.12,65.59,61.47,55.07,Critical
22,Moti Nagar,Residential,2024,2,Feb,73.79,66.11,61.47,55.07,Critical
22,Moti Nagar,Residential,2024,3,Mar,74.39,66.21,61.47,55.07,Critical
22,Moti Nagar,Residential,2024,4,Apr,74.44,66.59,61.47,55.07,Critical
22,Moti Nagar,Residential,2024,5,May,74.87,66.11,61.47,55.07,Critical
22,Moti Nagar,Residential,2024,6,Jun,75.47,66.78,61.47,55.07,Critical
22,Moti Nagar,Residential,2024,7,Jul,74.53,66.33,61.47,55.07,Critical
22,Moti Nagar,Residential,2024,8,Aug,74.53,66.41,61.47,55.07,Critical
22,Moti Nagar,Residential,2024,9,Sep,74.29,66.16,61.47,55.07,Critical
22,Moti Nagar,Residential,2024,10,Oct,75.09,66.59,61.47,55.07,Critical
22,Moti Nagar,Residential,2024,11,Nov,74.19,66.25,61.47,55.07,Critical
22,Moti Nagar,Residential,2024,12,Dec,73.2,65.79,61.47,55.07,Critical
23,Mukherji Nagar,Residential,2020,1,Jan,69.4,61.46,62.12,55.04,High
23,Mukherji Nagar,Residential,2020,2,Feb,68.54,61.43,62.12,55.04,High
23,Mukherji Nagar,Residential,2020,3,Mar,68.94,61.69,62.12,55.04,High
23,Mukherji Nagar,Residential,2020,4,Apr,69.53,61.71,62.12,55.04,High
23,Mukherji Nagar,Residential,2020,5,May,69.99,62.6,62.12,55.04,Critical
23,Mukherji Nagar,Residential,2020,6,Jun,69.82,62.99,62.12,55.04,Critical
23,Mukherji Nagar,Residential,2020,7,Jul,70.18,62.74,62.12,55.04,Critical
23,Mukherji Nagar,Residential,2020,8,Aug,69.42,62.49,62.12,55.04,High
23,Mukherji Nagar,Residential,2020,9,Sep,69.04,62.3,62.12,55.04,High
23,Mukherji Nagar,Residential,2020,10,Oct,69.75,62.4,62.12,55.04,Critical
23,Mukherji Nagar,Residential,2020,11,Nov,68.91,61.66,62.12,55.04,High
23,Mukherji Nagar,Residential,2020,12,Dec,69.12,61.35,62.12,55.04,High
23,Mukherji Nagar,Residential,2021,1,Jan,70.87,62.62,62.12,55.04,Critical
23,Mukherji Nagar,Residential,2021,2,Feb,71.22,62.76,62.12,55.04,Critical
23,Mukherji Nagar,Residential,2021,3,Mar,71.6,63.62,62.12,55.04,Critical
23,Mukherji Nagar,Residential,2021,4,Apr,71.4,63.8,62.12,55.04,Critical
23,Mukherji Nagar,Residential,2021,5,May,72.08,63.67,62.12,55.04,Critical
23,Mukherji Nagar,Residential,2021,6,Jun,71.78,63.44,62.12,55.04,Critical
23,Mukherji Nagar,Residential,2021,7,Jul,72.12,63.46,62.12,55.04,Critical
23,Mukherji Nagar,Residential,2021,8,Aug,71.72,63.65,62.12,55.04,Critical
23,Mukherji Nagar,Residential,2021,9,Sep,71.75,63.44,62.12,55.04,Critical
23,Mukherji Nagar,Residential,2021,10,Oct,71.55,63.95,62.12,55.04,Critical
23,Mukherji Nagar,Residential,2021,11,Nov,71.51,63.52,62.12,55.04,Critical
23,Mukherji Nagar,Residential,2021,12,Dec,71.07,62.67,62.12,55.04,Critical
23,Mukherji Nagar,Residential,2022,1,Jan,73.18,64.81,62.12,55.04,Critical
23,Mukherji Nagar,Residential,2022,2,Feb,72.67,64.66,62.12,55.04,Critical
23,Mukherji Nagar,Residential,2022,3,Mar,73.56,64.99,62.12,55.04,Critical
23,Mukherji Nagar,Residential,2022,4,Apr,74.01,65.66,62.12,55.04,Critical
23,Mukherji Nagar,Residential,2022,5,May,74.61,65.04,62.12,55.04,Critical
23,Mukherji Nagar,Residential,2022,6,Jun,74.63,66.03,62.12,55.04,Critical
23,Mukherji Nagar,Residential,2022,7,Jul,74.33,65.86,62.12,55.04,Critical
23,Mukherji Nagar,Residential,2022,8,Aug,74.68,65.64,62.12,55.04,Critical
23,Mukherji Nagar,Residential,2022,9,Sep,73.78,65.44,62.12,55.04,Critical
23,Mukherji Nagar,Residential,2022,10,Oct,73.94,65.34,62.12,55.04,Critical
23,Mukherji Nagar,Residential,2022,11,Nov,73.44,65.5,62.12,55.04,Critical
23,Mukherji Nagar,Residential,2022,12,Dec,72.75,65.19,62.12,55.04,Critical
23,Mukherji Nagar,Residential,2023,1,Jan,73.68,64.71,62.12,55.04,Critical
23,Mukherji Nagar,Residential,2023,2,Feb,73.83,64.6,62.12,55.04,Critical
23,Mukherji Nagar,Residential,2023,3,Mar,74.43,65.8,62.12,55.04,Critical
23,Mukherji Nagar,Residential,2023,4,Apr,74.24,65.77,62.12,55.04,Critical
23,Mukherji Nagar,Residential,2023,5,May,75.56,65.78,62.12,55.04,Critical
23,Mukherji Nagar,Residential,2023,6,Jun,74.56,66.57,62.12,55.04,Critical
23,Mukherji Nagar,Residential,2023,7,Jul,75.57,66.03,62.12,55.04,Critical
23,Mukherji Nagar,Residential,2023,8,Aug,74.88,66.23,62.12,55.04,Critical
23,Mukherji Nagar,Residential,2023,9,Sep,73.98,65.48,62.12,55.04,Critical
23,Mukherji Nagar,Residential,2023,10,Oct,74.97,66.34,62.12,55.04,Critical
23,Mukherji Nagar,Residential,2023,11,Nov,74.41,65.27,62.12,55.04,Critical
23,Mukherji Nagar,Residential,2023,12,Dec,74.47,65.07,62.12,55.04,Critical
23,Mukherji Nagar,Residential,2024,1,Jan,74.05,65.63,62.12,55.04,Critical
23,Mukherji Nagar,Residential,2024,2,Feb,75.0,65.89,62.12,55.04,Critical
23,Mukherji Nagar,Residential,2024,3,Mar,75.05,66.07,62.12,55.04,Critical
23,Mukherji Nagar,Residential,2024,4,Apr,75.2,66.3,62.12,55.04,Critical
23,Mukherji Nagar,Residential,2024,5,May,74.47,66.24,62.12,55.04,Critical
23,Mukherji Nagar,Residential,2024,6,Jun,75.78,66.18,62.12,55.04,Critical
23,Mukherji Nagar,Residential,2024,7,Jul,75.63,66.37,62.12,55.04,Critical
23,Mukherji Nagar,Residential,2024,8,Aug,75.88,66.7,62.12,55.04,Critical
23,Mukherji Nagar,Residential,2024,9,Sep,74.79,65.98,62.12,55.04,Critical
23,Mukherji Nagar,Residential,2024,10,Oct,75.15,66.09,62.12,55.04,Critical
23,Mukherji Nagar,Residential,2024,11,Nov,74.96,65.7,62.12,55.04,Critical
23,Mukherji Nagar,Residential,2024,12,Dec,73.93,65.82,62.12,55.04,Critical
24,Nand Nagri,Residential,2020,1,Jan,67.35,61.78,60.79,55.45,High
24,Nand Nagri,Residential,2020,2,Feb,67.66,61.93,60.79,55.45,High
24,Nand Nagri,Residential,2020,3,Mar,67.9,62.67,60.79,55.45,High
24,Nand Nagri,Residential,2020,4,Apr,68.09,62.76,60.79,55.45,High
24,Nand Nagri,Residential,2020,5,May,68.19,62.76,60.79,55.45,High
24,Nand Nagri,Residential,2020,6,Jun,68.52,62.8,60.79,55.45,High
24,Nand Nagri,Residential,2020,7,Jul,68.33,62.46,60.79,55.45,High
24,Nand Nagri,Residential,2020,8,Aug,67.9,62.63,60.79,55.45,High
24,Nand Nagri,Residential,2020,9,Sep,67.8,62.45,60.79,55.45,High
24,Nand Nagri,Residential,2020,10,Oct,68.08,62.86,60.79,55.45,High
24,Nand Nagri,Residential,2020,11,Nov,68.15,62.23,60.79,55.45,High
24,Nand Nagri,Residential,2020,12,Dec,66.82,61.81,60.79,55.45,High
24,Nand Nagri,Residential,2021,1,Jan,68.91,63.41,60.79,55.45,Critical
24,Nand Nagri,Residential,2021,2,Feb,68.99,63.23,60.79,55.45,Critical
24,Nand Nagri,Residential,2021,3,Mar,69.62,63.97,60.79,55.45,Critical
24,Nand Nagri,Residential,2021,4,Apr,70.34,63.95,60.79,55.45,Critical
24,Nand Nagri,Residential,2021,5,May,70.23,64.04,60.79,55.45,Critical
24,Nand Nagri,Residential,2021,6,Jun,70.59,64.27,60.79,55.45,Critical
24,Nand Nagri,Residential,2021,7,Jul,70.63,63.88,60.79,55.45,Critical
24,Nand Nagri,Residential,2021,8,Aug,69.96,64.31,60.79,55.45,Critical
24,Nand Nagri,Residential,2021,9,Sep,69.97,64.83,60.79,55.45,Critical
24,Nand Nagri,Residential,2021,10,Oct,70.24,63.92,60.79,55.45,Critical
24,Nand Nagri,Residential,2021,11,Nov,69.76,63.39,60.79,55.45,Critical
24,Nand Nagri,Residential,2021,12,Dec,69.27,63.37,60.79,55.45,Critical
24,Nand Nagri,Residential,2022,1,Jan,71.67,64.96,60.79,55.45,Critical
24,Nand Nagri,Residential,2022,2,Feb,71.45,65.03,60.79,55.45,Critical
24,Nand Nagri,Residential,2022,3,Mar,72.7,65.42,60.79,55.45,Critical
24,Nand Nagri,Residential,2022,4,Apr,73.03,65.96,60.79,55.45,Critical
24,Nand Nagri,Residential,2022,5,May,72.79,66.03,60.79,55.45,Critical
24,Nand Nagri,Residential,2022,6,Jun,72.96,65.54,60.79,55.45,Critical
24,Nand Nagri,Residential,2022,7,Jul,72.49,66.27,60.79,55.45,Critical
24,Nand Nagri,Residential,2022,8,Aug,72.28,65.4,60.79,55.45,Critical
24,Nand Nagri,Residential,2022,9,Sep,72.08,66.13,60.79,55.45,Critical
24,Nand Nagri,Residential,2022,10,Oct,72.8,65.8,60.79,55.45,Critical
24,Nand Nagri,Residential,2022,11,Nov,72.38,65.41,60.79,55.45,Critical
24,Nand Nagri,Residential,2022,12,Dec,70.82,64.94,60.79,55.45,Critical
24,Nand Nagri,Residential,2023,1,Jan,72.53,65.54,60.79,55.45,Critical
24,Nand Nagri,Residential,2023,2,Feb,72.0,65.63,60.79,55.45,Critical
24,Nand Nagri,Residential,2023,3,Mar,73.36,66.51,60.79,55.45,Critical
24,Nand Nagri,Residential,2023,4,Apr,73.79,66.17,60.79,55.45,Critical
24,Nand Nagri,Residential,2023,5,May,73.32,65.97,60.79,55.45,Critical
24,Nand Nagri,Residential,2023,6,Jun,73.99,66.27,60.79,55.45,Critical
24,Nand Nagri,Residential,2023,7,Jul,73.29,66.19,60.79,55.45,Critical
24,Nand Nagri,Residential,2023,8,Aug,72.66,66.07,60.79,55.45,Critical
24,Nand Nagri,Residential,2023,9,Sep,72.46,65.96,60.79,55.45,Critical
24,Nand Nagri,Residential,2023,10,Oct,72.68,66.57,60.79,55.45,Critical
24,Nand Nagri,Residential,2023,11,Nov,72.16,66.09,60.79,55.45,Critical
24,Nand Nagri,Residential,2023,12,Dec,72.59,65.57,60.79,55.45,Critical
24,Nand Nagri,Residential,2024,1,Jan,72.31,65.95,60.79,55.45,Critical
24,Nand Nagri,Residential,2024,2,Feb,73.27,66.18,60.79,55.45,Critical
24,Nand Nagri,Residential,2024,3,Mar,73.09,66.57,60.79,55.45,Critical
24,Nand Nagri,Residential,2024,4,Apr,73.16,66.82,60.79,55.45,Critical
24,Nand Nagri,Residential,2024,5,May,74.06,66.73,60.79,55.45,Critical
24,Nand Nagri,Residential,2024,6,Jun,73.76,66.75,60.79,55.45,Critical
24,Nand Nagri,Residential,2024,7,Jul,74.11,67.29,60.79,55.45,Critical
24,Nand Nagri,Residential,2024,8,Aug,73.35,66.86,60.79,55.45,Critical
24,Nand Nagri,Residential,2024,9,Sep,72.57,66.34,60.79,55.45,Critical
24,Nand Nagri,Residential,2024,10,Oct,73.59,66.45,60.79,55.45,Critical
24,Nand Nagri,Residential,2024,11,Nov,72.93,66.22,60.79,55.45,Critical
24,Nand Nagri,Residential,2024,12,Dec,72.92,66.06,60.79,55.45,Critical
25,Naraouji Nagar,Residential,2020,1,Jan,66.69,59.46,61.2,53.83,High
25,Naraouji Nagar,Residential,2020,2,Feb,67.55,60.34,61.2,53.83,High
25,Naraouji Nagar,Residential,2020,3,Mar,67.19,60.35,61.2,53.83,High
25,Naraouji Nagar,Residential,2020,4,Apr,68.38,61.12,61.2,53.83,High
25,Naraouji Nagar,Residential,2020,5,May,68.74,61.01,61.2,53.83,High
25,Naraouji Nagar,Residential,2020,6,Jun,69.15,60.46,61.2,53.83,High
25,Naraouji Nagar,Residential,2020,7,Jul,69.2,61.06,61.2,53.83,High
25,Naraouji Nagar,Residential,2020,8,Aug,68.79,61.98,61.2,53.83,High
25,Naraouji Nagar,Residential,2020,9,Sep,67.56,61.12,61.2,53.83,High
25,Naraouji Nagar,Residential,2020,10,Oct,68.48,60.89,61.2,53.83,High
25,Naraouji Nagar,Residential,2020,11,Nov,68.27,60.37,61.2,53.83,High
25,Naraouji Nagar,Residential,2020,12,Dec,67.56,60.3,61.2,53.83,High
25,Naraouji Nagar,Residential,2021,1,Jan,68.98,61.83,61.2,53.83,High
25,Naraouji Nagar,Residential,2021,2,Feb,69.62,61.36,61.2,53.83,High
25,Naraouji Nagar,Residential,2021,3,Mar,70.11,62.38,61.2,53.83,Critical
25,Naraouji Nagar,Residential,2021,4,Apr,70.38,62.31,61.2,53.83,Critical
25,Naraouji Nagar,Residential,2021,5,May,70.6,62.63,61.2,53.83,Critical
25,Naraouji Nagar,Residential,2021,6,Jun,71.36,63.15,61.2,53.83,Critical
25,Naraouji Nagar,Residential,2021,7,Jul,70.82,62.7,61.2,53.83,Critical
25,Naraouji Nagar,Residential,2021,8,Aug,70.63,62.69,61.2,53.83,Critical
25,Naraouji Nagar,Residential,2021,9,Sep,70.1,62.32,61.2,53.83,Critical
25,Naraouji Nagar,Residential,2021,10,Oct,70.51,62.28,61.2,53.83,Critical
25,Naraouji Nagar,Residential,2021,11,Nov,70.33,62.08,61.2,53.83,Critical
25,Naraouji Nagar,Residential,2021,12,Dec,69.74,61.76,61.2,53.83,High
25,Naraouji Nagar,Residential,2022,1,Jan,72.42,63.5,61.2,53.83,Critical
25,Naraouji Nagar,Residential,2022,2,Feb,72.34,63.16,61.2,53.83,Critical
25,Naraouji Nagar,Residential,2022,3,Mar,72.13,63.89,61.2,53.83,Critical
25,Naraouji Nagar,Residential,2022,4,Apr,73.14,64.24,61.2,53.83,Critical
25,Naraouji Nagar,Residential,2022,5,May,72.85,63.93,61.2,53.83,Critical
25,Naraouji Nagar,Residential,2022,6,Jun,72.63,64.08,61.2,53.83,Critical
25,Naraouji Nagar,Residential,2022,7,Jul,73.49,63.96,61.2,53.83,Critical
25,Naraouji Nagar,Residential,2022,8,Aug,73.05,63.84,61.2,53.83,Critical
25,Naraouji Nagar,Residential,2022,9,Sep,72.72,63.36,61.2,53.83,Critical
25,Naraouji Nagar,Residential,2022,10,Oct,72.82,63.0,61.2,53.83,Critical
25,Naraouji Nagar,Residential,2022,11,Nov,72.42,63.11,61.2,53.83,Critical
25,Naraouji Nagar,Residential,2022,12,Dec,72.47,63.53,61.2,53.83,Critical
25,Naraouji Nagar,Residential,2023,1,Jan,72.58,64.16,61.2,53.83,Critical
25,Naraouji Nagar,Residential,2023,2,Feb,72.21,64.32,61.2,53.83,Critical
25,Naraouji Nagar,Residential,2023,3,Mar,73.46,64.03,61.2,53.83,Critical
25,Naraouji Nagar,Residential,2023,4,Apr,73.84,63.97,61.2,53.83,Critical
25,Naraouji Nagar,Residential,2023,5,May,73.36,64.32,61.2,53.83,Critical
25,Naraouji Nagar,Residential,2023,6,Jun,73.68,64.38,61.2,53.83,Critical
25,Naraouji Nagar,Residential,2023,7,Jul,74.18,64.52,61.2,53.83,Critical
25,Naraouji Nagar,Residential,2023,8,Aug,73.53,64.23,61.2,53.83,Critical
25,Naraouji Nagar,Residential,2023,9,Sep,72.46,64.28,61.2,53.83,Critical
25,Naraouji Nagar,Residential,2023,10,Oct,72.63,64.38,61.2,53.83,Critical
25,Naraouji Nagar,Residential,2023,11,Nov,72.54,64.7,61.2,53.83,Critical
25,Naraouji Nagar,Residential,2023,12,Dec,72.95,63.83,61.2,53.83,Critical
25,Naraouji Nagar,Residential,2024,1,Jan,73.6,63.85,61.2,53.83,Critical
25,Naraouji Nagar,Residential,2024,2,Feb,73.51,64.26,61.2,53.83,Critical
25,Naraouji Nagar,Residential,2024,3,Mar,73.9,64.88,61.2,53.83,Critical
25,Naraouji Nagar,Residential,2024,4,Apr,74.38,64.79,61.2,53.83,Critical
25,Naraouji Nagar,Residential,2024,5,May,73.73,64.61,61.2,53.83,Critical
25,Naraouji Nagar,Residential,2024,6,Jun,74.54,65.13,61.2,53.83,Critical
25,Naraouji Nagar,Residential,2024,7,Jul,73.94,65.72,61.2,53.83,Critical
25,Naraouji Nagar,Residential,2024,8,Aug,74.7,64.98,61.2,53.83,Critical
25,Naraouji Nagar,Residential,2024,9,Sep,73.92,64.54,61.2,53.83,Critical
25,Naraouji Nagar,Residential,2024,10,Oct,73.71,64.82,61.2,53.83,Critical
25,Naraouji Nagar,Residential,2024,11,Nov,73.89,64.13,61.2,53.83,Critical
25,Naraouji Nagar,Residential,2024,12,Dec,73.42,64.15,61.2,53.83,Critical
26,New Friends Colony,Residential,2020,1,Jan,67.39,61.29,61.67,55.05,High
26,New Friends Colony,Residential,2020,2,Feb,68.18,62.22,61.67,55.05,High
26,New Friends Colony,Residential,2020,3,Mar,69.07,61.55,61.67,55.05,High
26,New Friends Colony,Residential,2020,4,Apr,69.34,61.69,61.67,55.05,High
26,New Friends Colony,Residential,2020,5,May,69.88,62.21,61.67,55.05,Critical
26,New Friends Colony,Residential,2020,6,Jun,69.61,62.95,61.67,55.05,Critical
26,New Friends Colony,Residential,2020,7,Jul,68.94,62.03,61.67,55.05,High
26,New Friends Colony,Residential,2020,8,Aug,68.92,62.56,61.67,55.05,High
26,New Friends Colony,Residential,2020,9,Sep,68.34,61.2,61.67,55.05,High
26,New Friends Colony,Residential,2020,10,Oct,68.97,62.42,61.67,55.05,High
26,New Friends Colony,Residential,2020,11,Nov,69.33,61.81,61.67,55.05,High
26,New Friends Colony,Residential,2020,12,Dec,68.19,62.0,61.67,55.05,High
26,New Friends Colony,Residential,2021,1,Jan,69.4,62.93,61.67,55.05,Critical
26,New Friends Colony,Residential,2021,2,Feb,70.43,63.28,61.67,55.05,Critical
26,New Friends Colony,Residential,2021,3,Mar,70.65,63.46,61.67,55.05,Critical
26,New Friends Colony,Residential,2021,4,Apr,70.15,63.45,61.67,55.05,Critical
26,New Friends Colony,Residential,2021,5,May,71.63,63.56,61.67,55.05,Critical
26,New Friends Colony,Residential,2021,6,Jun,71.67,64.18,61.67,55.05,Critical
26,New Friends Colony,Residential,2021,7,Jul,71.31,64.0,61.67,55.05,Critical
26,New Friends Colony,Residential,2021,8,Aug,70.76,63.69,61.67,55.05,Critical
26,New Friends Colony,Residential,2021,9,Sep,71.19,63.6,61.67,55.05,Critical
26,New Friends Colony,Residential,2021,10,Oct,70.92,63.82,61.67,55.05,Critical
26,New Friends Colony,Residential,2021,11,Nov,71.14,62.84,61.67,55.05,Critical
26,New Friends Colony,Residential,2021,12,Dec,70.81,63.05,61.67,55.05,Critical
26,New Friends Colony,Residential,2022,1,Jan,72.52,65.01,61.67,55.05,Critical
26,New Friends Colony,Residential,2022,2,Feb,72.0,64.54,61.67,55.05,Critical
26,New Friends Colony,Residential,2022,3,Mar,72.93,64.81,61.67,55.05,Critical
26,New Friends Colony,Residential,2022,4,Apr,74.04,64.99,61.67,55.05,Critical
26,New Friends Colony,Residential,2022,5,May,73.43,65.51,61.67,55.05,Critical
26,New Friends Colony,Residential,2022,6,Jun,73.37,65.53,61.67,55.05,Critical
26,New Friends Colony,Residential,2022,7,Jul,73.78,65.45,61.67,55.05,Critical
26,New Friends Colony,Residential,2022,8,Aug,73.31,65.19,61.67,55.05,Critical
26,New Friends Colony,Residential,2022,9,Sep,72.54,65.25,61.67,55.05,Critical
26,New Friends Colony,Residential,2022,10,Oct,74.05,65.36,61.67,55.05,Critical
26,New Friends Colony,Residential,2022,11,Nov,73.14,65.26,61.67,55.05,Critical
26,New Friends Colony,Residential,2022,12,Dec,72.04,65.26,61.67,55.05,Critical
26,New Friends Colony,Residential,2023,1,Jan,73.03,65.64,61.67,55.05,Critical
26,New Friends Colony,Residential,2023,2,Feb,72.86,65.8,61.67,55.05,Critical
26,New Friends Colony,Residential,2023,3,Mar,73.96,65.72,61.67,55.05,Critical
26,New Friends Colony,Residential,2023,4,Apr,74.04,65.68,61.67,55.05,Critical
26,New Friends Colony,Residential,2023,5,May,74.73,65.99,61.67,55.05,Critical
26,New Friends Colony,Residential,2023,6,Jun,73.66,65.81,61.67,55.05,Critical
26,New Friends Colony,Residential,2023,7,Jul,74.18,66.14,61.67,55.05,Critical
26,New Friends Colony,Residential,2023,8,Aug,73.93,66.22,61.67,55.05,Critical
26,New Friends Colony,Residential,2023,9,Sep,72.97,65.69,61.67,55.05,Critical
26,New Friends Colony,Residential,2023,10,Oct,73.22,66.08,61.67,55.05,Critical
26,New Friends Colony,Residential,2023,11,Nov,73.61,65.68,61.67,55.05,Critical
26,New Friends Colony,Residential,2023,12,Dec,72.8,65.63,61.67,55.05,Critical
26,New Friends Colony,Residential,2024,1,Jan,74.07,65.73,61.67,55.05,Critical
26,New Friends Colony,Residential,2024,2,Feb,73.8,65.82,61.67,55.05,Critical
26,New Friends Colony,Residential,2024,3,Mar,74.07,66.21,61.67,55.05,Critical
26,New Friends Colony,Residential,2024,4,Apr,75.31,66.47,61.67,55.05,Critical
26,New Friends Colony,Residential,2024,5,May,74.66,66.46,61.67,55.05,Critical
26,New Friends Colony,Residential,2024,6,Jun,74.63,66.72,61.67,55.05,Critical
26,New Friends Colony,Residential,2024,7,Jul,75.13,65.89,61.67,55.05,Critical
26,New Friends Colony,Residential,2024,8,Aug,74.19,66.17,61.67,55.05,Critical
26,New Friends Colony,Residential,2024,9,Sep,74.33,65.69,61.67,55.05,Critical
26,New Friends Colony,Residential,2024,10,Oct,74.81,66.33,61.67,55.05,Critical
26,New Friends Colony,Residential,2024,11,Nov,74.27,65.72,61.67,55.05,Critical
26,New Friends Colony,Residential,2024,12,Dec,74.27,66.15,61.67,55.05,Critical
27,Pahar Ganj,Commercial,2020,1,Jan,67.14,63.41,63.53,58.49,High
27,Pahar Ganj,Commercial,2020,2,Feb,67.73,63.58,63.53,58.49,High
27,Pahar Ganj,Commercial,2020,3,Mar,67.97,64.21,63.53,58.49,Critical
27,Pahar Ganj,Commercial,2020,4,Apr,67.57,64.59,63.53,58.49,Critical
27,Pahar Ganj,Commercial,2020,5,May,68.66,64.27,63.53,58.49,Critical
27,Pahar Ganj,Commercial,2020,6,Jun,68.79,64.58,63.53,58.49,Critical
27,Pahar Ganj,Commercial,2020,7,Jul,67.94,64.94,63.53,58.49,Critical
27,Pahar Ganj,Commercial,2020,8,Aug,68.35,64.42,63.53,58.49,Critical
27,Pahar Ganj,Commercial,2020,9,Sep,68.51,63.78,63.53,58.49,Critical
27,Pahar Ganj,Commercial,2020,10,Oct,68.52,64.21,63.53,58.49,Critical
27,Pahar Ganj,Commercial,2020,11,Nov,68.37,63.35,63.53,58.49,High
27,Pahar Ganj,Commercial,2020,12,Dec,67.49,63.51,63.53,58.49,High
27,Pahar Ganj,Commercial,2021,1,Jan,71.0,66.23,63.53,58.49,Critical
27,Pahar Ganj,Commercial,2021,2,Feb,70.75,65.98,63.53,58.49,Critical
27,Pahar Ganj,Commercial,2021,3,Mar,71.49,66.22,63.53,58.49,Critical
27,Pahar Ganj,Commercial,2021,4,Apr,72.17,66.58,63.53,58.49,Critical
27,Pahar Ganj,Commercial,2021,5,May,70.97,66.78,63.53,58.49,Critical
27,Pahar Ganj,Commercial,2021,6,Jun,71.91,66.6,63.53,58.49,Critical
27,Pahar Ganj,Commercial,2021,7,Jul,71.64,67.02,63.53,58.49,Critical
27,Pahar Ganj,Commercial,2021,8,Aug,72.36,66.88,63.53,58.49,Critical
27,Pahar Ganj,Commercial,2021,9,Sep,71.39,66.73,63.53,58.49,Critical
27,Pahar Ganj,Commercial,2021,10,Oct,71.65,66.58,63.53,58.49,Critical
27,Pahar Ganj,Commercial,2021,11,Nov,71.07,65.96,63.53,58.49,Critical
27,Pahar Ganj,Commercial,2021,12,Dec,70.87,66.24,63.53,58.49,Critical
27,Pahar Ganj,Commercial,2022,1,Jan,74.79,68.77,63.53,58.49,Critical
27,Pahar Ganj,Commercial,2022,2,Feb,74.65,69.17,63.53,58.49,Critical
27,Pahar Ganj,Commercial,2022,3,Mar,75.0,69.52,63.53,58.49,Critical
27,Pahar Ganj,Commercial,2022,4,Apr,75.43,69.26,63.53,58.49,Critical
27,Pahar Ganj,Commercial,2022,5,May,75.54,69.54,63.53,58.49,Critical
27,Pahar Ganj,Commercial,2022,6,Jun,76.72,70.04,63.53,58.49,Critical
27,Pahar Ganj,Commercial,2022,7,Jul,76.52,69.95,63.53,58.49,Critical
27,Pahar Ganj,Commercial,2022,8,Aug,75.39,69.49,63.53,58.49,Critical
27,Pahar Ganj,Commercial,2022,9,Sep,75.32,69.79,63.53,58.49,Critical
27,Pahar Ganj,Commercial,2022,10,Oct,75.35,69.86,63.53,58.49,Critical
27,Pahar Ganj,Commercial,2022,11,Nov,75.89,69.84,63.53,58.49,Critical
27,Pahar Ganj,Commercial,2022,12,Dec,74.87,69.2,63.53,58.49,Critical
27,Pahar Ganj,Commercial,2023,1,Jan,76.74,69.4,63.53,58.49,Critical
27,Pahar Ganj,Commercial,2023,2,Feb,75.42,69.13,63.53,58.49,Critical
27,Pahar Ganj,Commercial,2023,3,Mar,76.82,69.43,63.53,58.49,Critical
27,Pahar Ganj,Commercial,2023,4,Apr,76.68,70.32,63.53,58.49,Critical
27,Pahar Ganj,Commercial,2023,5,May,77.2,70.52,63.53,58.49,Critical
27,Pahar Ganj,Commercial,2023,6,Jun,77.42,70.97,63.53,58.49,Critical
27,Pahar Ganj,Commercial,2023,7,Jul,76.75,70.29,63.53,58.49,Critical
27,Pahar Ganj,Commercial,2023,8,Aug,76.52,70.54,63.53,58.49,Critical
27,Pahar Ganj,Commercial,2023,9,Sep,76.99,70.23,63.53,58.49,Critical
27,Pahar Ganj,Commercial,2023,10,Oct,77.3,69.94,63.53,58.49,Critical
27,Pahar Ganj,Commercial,2023,11,Nov,77.2,70.45,63.53,58.49,Critical
27,Pahar Ganj,Commercial,2023,12,Dec,76.32,70.22,63.53,58.49,Critical
27,Pahar Ganj,Commercial,2024,1,Jan,76.17,70.23,63.53,58.49,Critical
27,Pahar Ganj,Commercial,2024,2,Feb,76.74,70.71,63.53,58.49,Critical
27,Pahar Ganj,Commercial,2024,3,Mar,77.11,71.02,63.53,58.49,Critical
27,Pahar Ganj,Commercial,2024,4,Apr,78.38,71.2,63.53,58.49,Critical
27,Pahar Ganj,Commercial,2024,5,May,78.24,70.89,63.53,58.49,Critical
27,Pahar Ganj,Commercial,2024,6,Jun,77.99,71.76,63.53,58.49,Critical
27,Pahar Ganj,Commercial,2024,7,Jul,78.44,71.28,63.53,58.49,Critical
27,Pahar Ganj,Commercial,2024,8,Aug,77.66,70.48,63.53,58.49,Critical
27,Pahar Ganj,Commercial,2024,9,Sep,77.2,71.46,63.53,58.49,Critical
27,Pahar Ganj,Commercial,2024,10,Oct,77.32,71.15,63.53,58.49,Critical
27,Pahar Ganj,Commercial,2024,11,Nov,77.93,70.41,63.53,58.49,Critical
27,Pahar Ganj,Commercial,2024,12,Dec,77.1,70.77,63.53,58.49,Critical
28,Paschim Vihar,Residential,2020,1,Jan,65.45,59.15,59.39,52.29,High
28,Paschim Vihar,Residential,2020,2,Feb,64.98,58.71,59.39,52.29,High
28,Paschim Vihar,Residential,2020,3,Mar,66.08,58.92,59.39,52.29,High
28,Paschim Vihar,Residential,2020,4,Apr,66.63,58.67,59.39,52.29,High
28,Paschim Vihar,Residential,2020,5,May,66.84,58.53,59.39,52.29,High
28,Paschim Vihar,Residential,2020,6,Jun,67.19,59.38,59.39,52.29,High
28,Paschim Vihar,Residential,2020,7,Jul,67.01,59.51,59.39,52.29,High
28,Paschim Vihar,Residential,2020,8,Aug,66.6,59.03,59.39,52.29,High
28,Paschim Vihar,Residential,2020,9,Sep,65.9,58.58,59.39,52.29,High
28,Paschim Vihar,Residential,2020,10,Oct,66.92,59.42,59.39,52.29,High
28,Paschim Vihar,Residential,2020,11,Nov,66.05,58.7,59.39,52.29,High
28,Paschim Vihar,Residential,2020,12,Dec,65.29,58.74,59.39,52.29,High
28,Paschim Vihar,Residential,2021,1,Jan,67.72,60.37,59.39,52.29,High
28,Paschim Vihar,Residential,2021,2,Feb,67.3,59.78,59.39,52.29,High
28,Paschim Vihar,Residential,2021,3,Mar,68.24,60.38,59.39,52.29,High
28,Paschim Vihar,Residential,2021,4,Apr,68.36,60.13,59.39,52.29,High
28,Paschim Vihar,Residential,2021,5,May,69.1,60.81,59.39,52.29,High
28,Paschim Vihar,Residential,2021,6,Jun,68.58,61.2,59.39,52.29,High
28,Paschim Vihar,Residential,2021,7,Jul,69.22,60.73,59.39,52.29,High
28,Paschim Vihar,Residential,2021,8,Aug,68.48,60.66,59.39,52.29,High
28,Paschim Vihar,Residential,2021,9,Sep,67.91,60.3,59.39,52.29,High
28,Paschim Vihar,Residential,2021,10,Oct,67.59,60.75,59.39,52.29,High
28,Paschim Vihar,Residential,2021,11,Nov,67.53,60.64,59.39,52.29,High
28,Paschim Vihar,Residential,2021,12,Dec,67.52,59.83,59.39,52.29,High
28,Paschim Vihar,Residential,2022,1,Jan,69.4,61.3,59.39,52.29,High
28,Paschim Vihar,Residential,2022,2,Feb,70.42,60.74,59.39,52.29,High
28,Paschim Vihar,Residential,2022,3,Mar,70.86,61.89,59.39,52.29,Critical
28,Paschim Vihar,Residential,2022,4,Apr,70.17,61.67,59.39,52.29,High
28,Paschim Vihar,Residential,2022,5,May,71.62,61.91,59.39,52.29,Critical
28,Paschim Vihar,Residential,2022,6,Jun,70.69,62.73,59.39,52.29,Critical
28,Paschim Vihar,Residential,2022,7,Jul,71.09,62.01,59.39,52.29,Critical
28,Paschim Vihar,Residential,2022,8,Aug,70.74,61.78,59.39,52.29,Critical
28,Paschim Vihar,Residential,2022,9,Sep,70.89,62.21,59.39,52.29,Critical
28,Paschim Vihar,Residential,2022,10,Oct,70.86,62.2,59.39,52.29,Critical
28,Paschim Vihar,Residential,2022,11,Nov,71.05,61.79,59.39,52.29,Critical
28,Paschim Vihar,Residential,2022,12,Dec,69.38,61.62,59.39,52.29,High
28,Paschim Vihar,Residential,2023,1,Jan,71.08,61.59,59.39,52.29,Critical
28,Paschim Vihar,Residential,2023,2,Feb,70.31,62.11,59.39,52.29,Critical
28,Paschim Vihar,Residential,2023,3,Mar,70.93,62.0,59.39,52.29,Critical
28,Paschim Vihar,Residential,2023,4,Apr,71.7,63.19,59.39,52.29,Critical
28,Paschim Vihar,Residential,2023,5,May,71.63,62.42,59.39,52.29,Critical
28,Paschim Vihar,Residential,2023,6,Jun,71.13,62.97,59.39,52.29,Critical
28,Paschim Vihar,Residential,2023,7,Jul,71.99,62.93,59.39,52.29,Critical
28,Paschim Vihar,Residential,2023,8,Aug,71.25,62.41,59.39,52.29,Critical
28,Paschim Vihar,Residential,2023,9,Sep,70.61,62.64,59.39,52.29,Critical
28,Paschim Vihar,Residential,2023,10,Oct,71.62,62.13,59.39,52.29,Critical
28,Paschim Vihar,Residential,2023,11,Nov,71.59,62.46,59.39,52.29,Critical
28,Paschim Vihar,Residential,2023,12,Dec,71.01,61.59,59.39,52.29,Critical
28,Paschim Vihar,Residential,2024,1,Jan,70.4,62.25,59.39,52.29,Critical
28,Paschim Vihar,Residential,2024,2,Feb,71.35,62.93,59.39,52.29,Critical
28,Paschim Vihar,Residential,2024,3,Mar,71.93,62.62,59.39,52.29,Critical
28,Paschim Vihar,Residential,2024,4,Apr,71.54,63.26,59.39,52.29,Critical
28,Paschim Vihar,Residential,2024,5,May,71.86,63.58,59.39,52.29,Critical
28,Paschim Vihar,Residential,2024,6,Jun,72.34,63.77,59.39,52.29,Critical
28,Paschim Vihar,Residential,2024,7,Jul,72.52,63.15,59.39,52.29,Critical
28,Paschim Vihar,Residential,2024,8,Aug,71.74,62.89,59.39,52.29,Critical
28,Paschim Vihar,Residential,2024,9,Sep,71.92,62.81,59.39,52.29,Critical
28,Paschim Vihar,Residential,2024,10,Oct,71.71,62.94,59.39,52.29,Critical
28,Paschim Vihar,Residential,2024,11,Nov,71.68,62.05,59.39,52.29,Critical
28,Paschim Vihar,Residential,2024,12,Dec,71.33,62.1,59.39,52.29,Critical
29,Patel Nagar,Residential,2020,1,Jan,65.04,56.65,59.43,51.33,High
29,Patel Nagar,Residential,2020,2,Feb,64.98,56.85,59.43,51.33,High
29,Patel Nagar,Residential,2020,3,Mar,65.92,58.15,59.43,51.33,High
29,Patel Nagar,Residential,2020,4,Apr,66.29,57.81,59.43,51.33,High
29,Patel Nagar,Residential,2020,5,May,66.96,58.0,59.43,51.33,High
29,Patel Nagar,Residential,2020,6,Jun,66.97,57.8,59.43,51.33,High
29,Patel Nagar,Residential,2020,7,Jul,67.38,58.6,59.43,51.33,High
29,Patel Nagar,Residential,2020,8,Aug,65.83,57.55,59.43,51.33,High
29,Patel Nagar,Residential,2020,9,Sep,66.19,57.37,59.43,51.33,High
29,Patel Nagar,Residential,2020,10,Oct,66.7,57.64,59.43,51.33,High
29,Patel Nagar,Residential,2020,11,Nov,67.07,57.92,59.43,51.33,High
29,Patel Nagar,Residential,2020,12,Dec,65.79,57.57,59.43,51.33,High
29,Patel Nagar,Residential,2021,1,Jan,67.94,58.49,59.43,51.33,High
29,Patel Nagar,Residential,2021,2,Feb,67.37,58.78,59.43,51.33,High
29,Patel Nagar,Residential,2021,3,Mar,68.54,59.1,59.43,51.33,High
29,Patel Nagar,Residential,2021,4,Apr,67.87,59.02,59.43,51.33,High
29,Patel Nagar,Residential,2021,5,May,68.77,59.44,59.43,51.33,High
29,Patel Nagar,Residential,2021,6,Jun,69.79,59.24,59.43,51.33,High
29,Patel Nagar,Residential,2021,7,Jul,69.0,60.01,59.43,51.33,High
29,Patel Nagar,Residential,2021,8,Aug,69.41,59.24,59.43,51.33,High
29,Patel Nagar,Residential,2021,9,Sep,68.5,59.33,59.43,51.33,High
29,Patel Nagar,Residential,2021,10,Oct,68.58,59.33,59.43,51.33,High
29,Patel Nagar,Residential,2021,11,Nov,68.37,58.3,59.43,51.33,High
29,Patel Nagar,Residential,2021,12,Dec,67.97,58.8,59.43,51.33,High
29,Patel Nagar,Residential,2022,1,Jan,69.61,60.87,59.43,51.33,High
29,Patel Nagar,Residential,2022,2,Feb,69.63,60.24,59.43,51.33,High
29,Patel Nagar,Residential,2022,3,Mar,71.2,60.41,59.43,51.33,High
29,Patel Nagar,Residential,2022,4,Apr,70.48,60.82,59.43,51.33,High
29,Patel Nagar,Residential,2022,5,May,71.34,61.12,59.43,51.33,Critical
29,Patel Nagar,Residential,2022,6,Jun,70.68,61.1,59.43,51.33,High
29,Patel Nagar,Residential,2022,7,Jul,70.76,61.14,59.43,51.33,High
29,Patel Nagar,Residential,2022,8,Aug,70.87,61.09,59.43,51.33,High
29,Patel Nagar,Residential,2022,9,Sep,69.79,61.08,59.43,51.33,High
29,Patel Nagar,Residential,2022,10,Oct,70.8,61.38,59.43,51.33,Critical
29,Patel Nagar,Residential,2022,11,Nov,70.58,60.99,59.43,51.33,High
29,Patel Nagar,Residential,2022,12,Dec,70.09,60.76,59.43,51.33,High
29,Patel Nagar,Residential,2023,1,Jan,70.51,60.73,59.43,51.33,High
29,Patel Nagar,Residential,2023,2,Feb,71.41,61.13,59.43,51.33,Critical
29,Patel Nagar,Residential,2023,3,Mar,71.23,60.78,59.43,51.33,Critical
29,Patel Nagar,Residential,2023,4,Apr,70.78,61.45,59.43,51.33,Critical
29,Patel Nagar,Residential,2023,5,May,71.66,61.38,59.43,51.33,Critical
29,Patel Nagar,Residential,2023,6,Jun,71.86,62.24,59.43,51.33,Critical
29,Patel Nagar,Residential,2023,7,Jul,71.88,61.32,59.43,51.33,Critical
29,Patel Nagar,Residential,2023,8,Aug,71.26,61.22,59.43,51.33,Critical
29,Patel Nagar,Residential,2023,9,Sep,70.94,61.14,59.43,51.33,Critical
29,Patel Nagar,Residential,2023,10,Oct,71.11,61.08,59.43,51.33,Critical
29,Patel Nagar,Residential,2023,11,Nov,70.95,60.99,59.43,51.33,High
29,Patel Nagar,Residential,2023,12,Dec,69.33,61.48,59.43,51.33,High
29,Patel Nagar,Residential,2024,1,Jan,71.44,61.05,59.43,51.33,Critical
29,Patel Nagar,Residential,2024,2,Feb,71.21,60.91,59.43,51.33,Critical
29,Patel Nagar,Residential,2024,3,Mar,72.38,62.13,59.43,51.33,Critical
29,Patel Nagar,Residential,2024,4,Apr,72.06,62.07,59.43,51.33,Critical
29,Patel Nagar,Residential,2024,5,May,72.37,61.56,59.43,51.33,Critical
29,Patel Nagar,Residential,2024,6,Jun,72.34,62.2,59.43,51.33,Critical
29,Patel Nagar,Residential,2024,7,Jul,72.12,61.99,59.43,51.33,Critical
29,Patel Nagar,Residential,2024,8,Aug,71.96,61.84,59.43,51.33,Critical
29,Patel Nagar,Residential,2024,9,Sep,71.82,61.34,59.43,51.33,Critical
29,Patel Nagar,Residential,2024,10,Oct,71.71,61.47,59.43,51.33,Critical
29,Patel Nagar,Residential,2024,11,Nov,72.09,60.93,59.43,51.33,Critical
29,Patel Nagar,Residential,2024,12,Dec,71.66,61.68,59.43,51.33,Critical
30,Prehladpur,Residential,2020,1,Jan,68.02,61.66,61.66,55.81,High
30,Prehladpur,Residential,2020,2,Feb,68.2,62.52,61.66,55.81,High
30,Prehladpur,Residential,2020,3,Mar,68.44,62.69,61.66,55.81,High
30,Prehladpur,Residential,2020,4,Apr,69.75,63.24,61.66,55.81,Critical
30,Prehladpur,Residential,2020,5,May,69.07,62.76,61.66,55.81,High
30,Prehladpur,Residential,2020,6,Jun,69.51,63.38,61.66,55.81,Critical
30,Prehladpur,Residential,2020,7,Jul,69.64,63.18,61.66,55.81,Critical
30,Prehladpur,Residential,2020,8,Aug,69.34,63.72,61.66,55.81,Critical
30,Prehladpur,Residential,2020,9,Sep,69.27,62.93,61.66,55.81,Critical
30,Prehladpur,Residential,2020,10,Oct,69.07,63.03,61.66,55.81,Critical
30,Prehladpur,Residential,2020,11,Nov,69.31,62.65,61.66,55.81,High
30,Prehladpur,Residential,2020,12,Dec,68.36,62.56,61.66,55.81,High
30,Prehladpur,Residential,2021,1,Jan,69.94,63.53,61.66,55.81,Critical
30,Prehladpur,Residential,2021,2,Feb,70.47,64.02,61.66,55.81,Critical
30,Prehladpur,Residential,2021,3,Mar,71.04,64.18,61.66,55.81,Critical
30,Prehladpur,Residential,2021,4,Apr,71.63,64.28,61.66,55.81,Critical
30,Prehladpur,Residential,2021,5,May,72.12,64.22,61.66,55.81,Critical
30,Prehladpur,Residential,2021,6,Jun,71.81,65.08,61.66,55.81,Critical
30,Prehladpur,Residential,2021,7,Jul,71.12,64.97,61.66,55.81,Critical
30,Prehladpur,Residential,2021,8,Aug,71.65,63.97,61.66,55.81,Critical
30,Prehladpur,Residential,2021,9,Sep,71.14,63.69,61.66,55.81,Critical
30,Prehladpur,Residential,2021,10,Oct,70.75,65.13,61.66,55.81,Critical
30,Prehladpur,Residential,2021,11,Nov,70.61,63.99,61.66,55.81,Critical
30,Prehladpur,Residential,2021,12,Dec,70.26,64.66,61.66,55.81,Critical
30,Prehladpur,Residential,2022,1,Jan,71.61,65.22,61.66,55.81,Critical
30,Prehladpur,Residential,2022,2,Feb,73.14,66.2,61.66,55.81,Critical
30,Prehladpur,Residential,2022,3,Mar,73.0,65.57,61.66,55.81,Critical
30,Prehladpur,Residential,2022,4,Apr,74.18,66.62,61.66,55.81,Critical
30,Prehladpur,Residential,2022,5,May,73.91,66.1,61.66,55.81,Critical
30,Prehladpur,Residential,2022,6,Jun,73.82,66.49,61.66,55.81,Critical
30,Prehladpur,Residential,2022,7,Jul,73.77,66.88,61.66,55.81,Critical
30,Prehladpur,Residential,2022,8,Aug,73.69,65.92,61.66,55.81,Critical
30,Prehladpur,Residential,2022,9,Sep,73.69,66.13,61.66,55.81,Critical
30,Prehladpur,Residential,2022,10,Oct,73.61,66.68,61.66,55.81,Critical
30,Prehladpur,Residential,2022,11,Nov,72.6,65.93,61.66,55.81,Critical
30,Prehladpur,Residential,2022,12,Dec,72.33,65.17,61.66,55.81,Critical
30,Prehladpur,Residential,2023,1,Jan,73.08,66.79,61.66,55.81,Critical
30,Prehladpur,Residential,2023,2,Feb,72.4,66.13,61.66,55.81,Critical
30,Prehladpur,Residential,2023,3,Mar,73.9,66.48,61.66,55.81,Critical
30,Prehladpur,Residential,2023,4,Apr,73.89,66.25,61.66,55.81,Critical
30,Prehladpur,Residential,2023,5,May,74.33,66.61,61.66,55.81,Critical
30,Prehladpur,Residential,2023,6,Jun,73.56,67.4,61.66,55.81,Critical
30,Prehladpur,Residential,2023,7,Jul,74.62,66.96,61.66,55.81,Critical
30,Prehladpur,Residential,2023,8,Aug,74.03,67.06,61.66,55.81,Critical
30,Prehladpur,Residential,2023,9,Sep,73.83,66.81,61.66,55.81,Critical
30,Prehladpur,Residential,2023,10,Oct,73.82,67.13,61.66,55.81,Critical
30,Prehladpur,Residential,2023,11,Nov,73.77,66.5,61.66,55.81,Critical
30,Prehladpur,Residential,2023,12,Dec,72.63,66.23,61.66,55.81,Critical
30,Prehladpur,Residential,2024,1,Jan,73.31,66.25,61.66,55.81,Critical
30,Prehladpur,Residential,2024,2,Feb,73.51,66.22,61.66,55.81,Critical
30,Prehladpur,Residential,2024,3,Mar,75.19,67.24,61.66,55.81,Critical
30,Prehladpur,Residential,2024,4,Apr,75.41,66.67,61.66,55.81,Critical
30,Prehladpur,Residential,2024,5,May,74.97,66.85,61.66,55.81,Critical
30,Prehladpur,Residential,2024,6,Jun,74.86,67.16,61.66,55.81,Critical
30,Prehladpur,Residential,2024,7,Jul,75.44,67.22,61.66,55.81,Critical
30,Prehladpur,Residential,2024,8,Aug,75.07,67.32,61.66,55.81,Critical
30,Prehladpur,Residential,2024,9,Sep,75.36,66.5,61.66,55.81,Critical
30,Prehladpur,Residential,2024,10,Oct,75.14,67.48,61.66,55.81,Critical
30,Prehladpur,Residential,2024,11,Nov,73.95,67.14,61.66,55.81,Critical
30,Prehladpur,Residential,2024,12,Dec,73.97,66.47,61.66,55.81,Critical
31,R.K. Puram,Residential,2020,1,Jan,66.38,60.24,60.45,54.12,High
31,R.K. Puram,Residential,2020,2,Feb,67.73,60.56,60.45,54.12,High
31,R.K. Puram,Residential,2020,3,Mar,67.72,60.62,60.45,54.12,High
31,R.K. Puram,Residential,2020,4,Apr,67.4,61.38,60.45,54.12,High
31,R.K. Puram,Residential,2020,5,May,67.47,61.14,60.45,54.12,High
31,R.K. Puram,Residential,2020,6,Jun,68.22,61.49,60.45,54.12,High
31,R.K. Puram,Residential,2020,7,Jul,67.94,61.48,60.45,54.12,High
31,R.K. Puram,Residential,2020,8,Aug,67.99,61.38,60.45,54.12,High
31,R.K. Puram,Residential,2020,9,Sep,67.12,60.87,60.45,54.12,High
31,R.K. Puram,Residential,2020,10,Oct,68.19,61.43,60.45,54.12,High
31,R.K. Puram,Residential,2020,11,Nov,66.86,60.97,60.45,54.12,High
31,R.K. Puram,Residential,2020,12,Dec,66.12,60.57,60.45,54.12,High
31,R.K. Puram,Residential,2021,1,Jan,69.47,61.68,60.45,54.12,High
31,R.K. Puram,Residential,2021,2,Feb,68.58,62.29,60.45,54.12,High
31,R.K. Puram,Residential,2021,3,Mar,68.79,62.17,60.45,54.12,High
31,R.K. Puram,Residential,2021,4,Apr,69.95,62.37,60.45,54.12,Critical
31,R.K. Puram,Residential,2021,5,May,69.92,62.98,60.45,54.12,Critical
31,R.K. Puram,Residential,2021,6,Jun,70.38,63.04,60.45,54.12,Critical
31,R.K. Puram,Residential,2021,7,Jul,69.87,62.97,60.45,54.12,Critical
31,R.K. Puram,Residential,2021,8,Aug,69.66,62.8,60.45,54.12,Critical
31,R.K. Puram,Residential,2021,9,Sep,69.31,62.41,60.45,54.12,High
31,R.K. Puram,Residential,2021,10,Oct,69.31,62.65,60.45,54.12,High
31,R.K. Puram,Residential,2021,11,Nov,69.09,62.03,60.45,54.12,High
31,R.K. Puram,Residential,2021,12,Dec,69.01,62.12,60.45,54.12,High
31,R.K. Puram,Residential,2022,1,Jan,71.22,63.43,60.45,54.12,Critical
31,R.K. Puram,Residential,2022,2,Feb,71.27,63.83,60.45,54.12,Critical
31,R.K. Puram,Residential,2022,3,Mar,71.79,63.71,60.45,54.12,Critical
31,R.K. Puram,Residential,2022,4,Apr,71.97,64.27,60.45,54.12,Critical
31,R.K. Puram,Residential,2022,5,May,72.21,63.73,60.45,54.12,Critical
31,R.K. Puram,Residential,2022,6,Jun,72.47,65.22,60.45,54.12,Critical
31,R.K. Puram,Residential,2022,7,Jul,72.07,64.24,60.45,54.12,Critical
31,R.K. Puram,Residential,2022,8,Aug,72.06,64.35,60.45,54.12,Critical
31,R.K. Puram,Residential,2022,9,Sep,72.19,63.68,60.45,54.12,Critical
31,R.K. Puram,Residential,2022,10,Oct,72.2,64.44,60.45,54.12,Critical
31,R.K. Puram,Residential,2022,11,Nov,71.55,64.06,60.45,54.12,Critical
31,R.K. Puram,Residential,2022,12,Dec,71.52,63.92,60.45,54.12,Critical
31,R.K. Puram,Residential,2023,1,Jan,71.05,64.31,60.45,54.12,Critical
31,R.K. Puram,Residential,2023,2,Feb,71.68,64.18,60.45,54.12,Critical
31,R.K. Puram,Residential,2023,3,Mar,72.24,64.41,60.45,54.12,Critical
31,R.K. Puram,Residential,2023,4,Apr,72.99,64.63,60.45,54.12,Critical
31,R.K. Puram,Residential,2023,5,May,72.36,64.74,60.45,54.12,Critical
31,R.K. Puram,Residential,2023,6,Jun,73.08,65.43,60.45,54.12,Critical
31,R.K. Puram,Residential,2023,7,Jul,73.05,64.7,60.45,54.12,Critical
31,R.K. Puram,Residential,2023,8,Aug,73.5,64.84,60.45,54.12,Critical
31,R.K. Puram,Residential,2023,9,Sep,72.82,64.51,60.45,54.12,Critical
31,R.K. Puram,Residential,2023,10,Oct,72.72,65.01,60.45,54.12,Critical
31,R.K. Puram,Residential,2023,11,Nov,72.7,64.78,60.45,54.12,Critical
31,R.K. Puram,Residential,2023,12,Dec,72.06,64.07,60.45,54.12,Critical
31,R.K. Puram,Residential,2024,1,Jan,71.98,64.56,60.45,54.12,Critical
31,R.K. Puram,Residential,2024,2,Feb,72.78,64.49,60.45,54.12,Critical
31,R.K. Puram,Residential,2024,3,Mar,73.34,65.3,60.45,54.12,Critical
31,R.K. Puram,Residential,2024,4,Apr,72.84,64.81,60.45,54.12,Critical
31,R.K. Puram,Residential,2024,5,May,73.45,65.35,60.45,54.12,Critical
31,R.K. Puram,Residential,2024,6,Jun,73.5,65.87,60.45,54.12,Critical
31,R.K. Puram,Residential,2024,7,Jul,73.68,65.37,60.45,54.12,Critical
31,R.K. Puram,Residential,2024,8,Aug,72.64,64.77,60.45,54.12,Critical
31,R.K. Puram,Residential,2024,9,Sep,73.12,64.32,60.45,54.12,Critical
31,R.K. Puram,Residential,2024,10,Oct,73.62,65.11,60.45,54.12,Critical
31,R.K. Puram,Residential,2024,11,Nov,74.21,65.55,60.45,54.12,Critical
31,R.K. Puram,Residential,2024,12,Dec,72.34,64.53,60.45,54.12,Critical
32,Rajpura Road,Residential,2020,1,Jan,67.87,59.17,61.1,52.6,High
32,Rajpura Road,Residential,2020,2,Feb,67.01,58.22,61.1,52.6,High
32,Rajpura Road,Residential,2020,3,Mar,67.92,59.23,61.1,52.6,High
32,Rajpura Road,Residential,2020,4,Apr,68.67,59.58,61.1,52.6,High
32,Rajpura Road,Residential,2020,5,May,68.29,58.77,61.1,52.6,High
32,Rajpura Road,Residential,2020,6,Jun,69.31,59.41,61.1,52.6,High
32,Rajpura Road,Residential,2020,7,Jul,67.96,59.6,61.1,52.6,High
32,Rajpura Road,Residential,2020,8,Aug,68.79,59.32,61.1,52.6,High
32,Rajpura Road,Residential,2020,9,Sep,68.09,59.11,61.1,52.6,High
32,Rajpura Road,Residential,2020,10,Oct,68.32,58.96,61.1,52.6,High
32,Rajpura Road,Residential,2020,11,Nov,67.88,59.22,61.1,52.6,High
32,Rajpura Road,Residential,2020,12,Dec,67.8,58.81,61.1,52.6,High
32,Rajpura Road,Residential,2021,1,Jan,69.07,60.11,61.1,52.6,High
32,Rajpura Road,Residential,2021,2,Feb,68.8,60.31,61.1,52.6,High
32,Rajpura Road,Residential,2021,3,Mar,70.74,60.12,61.1,52.6,High
32,Rajpura Road,Residential,2021,4,Apr,70.24,60.86,61.1,52.6,High
32,Rajpura Road,Residential,2021,5,May,71.27,60.83,61.1,52.6,Critical
32,Rajpura Road,Residential,2021,6,Jun,70.69,60.57,61.1,52.6,High
32,Rajpura Road,Residential,2021,7,Jul,70.81,61.67,61.1,52.6,Critical
32,Rajpura Road,Residential,2021,8,Aug,70.58,60.85,61.1,52.6,High
32,Rajpura Road,Residential,2021,9,Sep,70.4,60.66,61.1,52.6,High
32,Rajpura Road,Residential,2021,10,Oct,70.14,61.11,61.1,52.6,High
32,Rajpura Road,Residential,2021,11,Nov,70.26,60.57,61.1,52.6,High
32,Rajpura Road,Residential,2021,12,Dec,69.28,60.65,61.1,52.6,High
32,Rajpura Road,Residential,2022,1,Jan,71.94,61.59,61.1,52.6,Critical
32,Rajpura Road,Residential,2022,2,Feb,72.27,61.71,61.1,52.6,Critical
32,Rajpura Road,Residential,2022,3,Mar,72.06,61.93,61.1,52.6,Critical
32,Rajpura Road,Residential,2022,4,Apr,71.96,62.5,61.1,52.6,Critical
32,Rajpura Road,Residential,2022,5,May,72.24,62.19,61.1,52.6,Critical
32,Rajpura Road,Residential,2022,6,Jun,72.34,62.73,61.1,52.6,Critical
32,Rajpura Road,Residential,2022,7,Jul,72.91,62.56,61.1,52.6,Critical
32,Rajpura Road,Residential,2022,8,Aug,72.25,62.11,61.1,52.6,Critical
32,Rajpura Road,Residential,2022,9,Sep,72.66,62.09,61.1,52.6,Critical
32,Rajpura Road,Residential,2022,10,Oct,72.8,62.19,61.1,52.6,Critical
32,Rajpura Road,Residential,2022,11,Nov,72.44,62.55,61.1,52.6,Critical
32,Rajpura Road,Residential,2022,12,Dec,72.1,61.74,61.1,52.6,Critical
32,Rajpura Road,Residential,2023,1,Jan,72.37,62.19,61.1,52.6,Critical
32,Rajpura Road,Residential,2023,2,Feb,72.47,62.26,61.1,52.6,Critical
32,Rajpura Road,Residential,2023,3,Mar,72.9,62.72,61.1,52.6,Critical
32,Rajpura Road,Residential,2023,4,Apr,72.87,62.56,61.1,52.6,Critical
32,Rajpura Road,Residential,2023,5,May,73.01,62.58,61.1,52.6,Critical
32,Rajpura Road,Residential,2023,6,Jun,73.28,63.31,61.1,52.6,Critical
32,Rajpura Road,Residential,2023,7,Jul,73.21,63.31,61.1,52.6,Critical
32,Rajpura Road,Residential,2023,8,Aug,73.28,62.37,61.1,52.6,Critical
32,Rajpura Road,Residential,2023,9,Sep,73.33,63.0,61.1,52.6,Critical
32,Rajpura Road,Residential,2023,10,Oct,72.87,63.09,61.1,52.6,Critical
32,Rajpura Road,Residential,2023,11,Nov,72.63,62.69,61.1,52.6,Critical
32,Rajpura Road,Residential,2023,12,Dec,71.96,61.82,61.1,52.6,Critical
32,Rajpura Road,Residential,2024,1,Jan,72.82,62.62,61.1,52.6,Critical
32,Rajpura Road,Residential,2024,2,Feb,73.01,62.4,61.1,52.6,Critical
32,Rajpura Road,Residential,2024,3,Mar,73.51,63.14,61.1,52.6,Critical
32,Rajpura Road,Residential,2024,4,Apr,73.95,63.31,61.1,52.6,Critical
32,Rajpura Road,Residential,2024,5,May,74.0,63.81,61.1,52.6,Critical
32,Rajpura Road,Residential,2024,6,Jun,74.0,63.81,61.1,52.6,Critical
32,Rajpura Road,Residential,2024,7,Jul,74.74,63.7,61.1,52.6,Critical
32,Rajpura Road,Residential,2024,8,Aug,73.89,63.2,61.1,52.6,Critical
32,Rajpura Road,Residential,2024,9,Sep,74.18,62.73,61.1,52.6,Critical
32,Rajpura Road,Residential,2024,10,Oct,73.58,63.24,61.1,52.6,Critical
32,Rajpura Road,Residential,2024,11,Nov,74.17,63.17,61.1,52.6,Critical
32,Rajpura Road,Residential,2024,12,Dec,72.78,62.67,61.1,52.6,Critical
33,Rana Pratap Bagh,Residential,2020,1,Jan,67.44,58.35,61.29,52.51,High
33,Rana Pratap Bagh,Residential,2020,2,Feb,68.28,58.25,61.29,52.51,High
33,Rana Pratap Bagh,Residential,2020,3,Mar,69.03,59.21,61.29,52.51,High
33,Rana Pratap Bagh,Residential,2020,4,Apr,69.13,59.02,61.29,52.51,High
33,Rana Pratap Bagh,Residential,2020,5,May,68.93,58.93,61.29,52.51,High
33,Rana Pratap Bagh,Residential,2020,6,Jun,68.98,59.71,61.29,52.51,High
33,Rana Pratap Bagh,Residential,2020,7,Jul,69.51,59.13,61.29,52.51,High
33,Rana Pratap Bagh,Residential,2020,8,Aug,68.54,59.21,61.29,52.51,High
33,Rana Pratap Bagh,Residential,2020,9,Sep,67.93,59.24,61.29,52.51,High
33,Rana Pratap Bagh,Residential,2020,10,Oct,68.4,59.2,61.29,52.51,High
33,Rana Pratap Bagh,Residential,2020,11,Nov,68.21,58.72,61.29,52.51,High
33,Rana Pratap Bagh,Residential,2020,12,Dec,67.89,58.6,61.29,52.51,High
33,Rana Pratap Bagh,Residential,2021,1,Jan,69.54,59.84,61.29,52.51,High
33,Rana Pratap Bagh,Residential,2021,2,Feb,70.02,60.66,61.29,52.51,High
33,Rana Pratap Bagh,Residential,2021,3,Mar,70.45,60.76,61.29,52.51,High
33,Rana Pratap Bagh,Residential,2021,4,Apr,70.13,60.71,61.29,52.51,High
33,Rana Pratap Bagh,Residential,2021,5,May,70.55,60.42,61.29,52.51,High
33,Rana Pratap Bagh,Residential,2021,6,Jun,70.89,61.42,61.29,52.51,Critical
33,Rana Pratap Bagh,Residential,2021,7,Jul,71.37,61.03,61.29,52.51,Critical
33,Rana Pratap Bagh,Residential,2021,8,Aug,70.08,60.7,61.29,52.51,High
33,Rana Pratap Bagh,Residential,2021,9,Sep,70.61,60.61,61.29,52.51,High
33,Rana Pratap Bagh,Residential,2021,10,Oct,69.95,60.49,61.29,52.51,High
33,Rana Pratap Bagh,Residential,2021,11,Nov,70.36,60.62,61.29,52.51,High
33,Rana Pratap Bagh,Residential,2021,12,Dec,69.01,60.11,61.29,52.51,High
33,Rana Pratap Bagh,Residential,2022,1,Jan,71.95,61.91,61.29,52.51,Critical
33,Rana Pratap Bagh,Residential,2022,2,Feb,72.37,61.93,61.29,52.51,Critical
33,Rana Pratap Bagh,Residential,2022,3,Mar,72.27,61.49,61.29,52.51,Critical
33,Rana Pratap Bagh,Residential,2022,4,Apr,72.73,62.56,61.29,52.51,Critical
33,Rana Pratap Bagh,Residential,2022,5,May,73.75,62.67,61.29,52.51,Critical
33,Rana Pratap Bagh,Residential,2022,6,Jun,73.56,62.77,61.29,52.51,Critical
33,Rana Pratap Bagh,Residential,2022,7,Jul,72.97,62.52,61.29,52.51,Critical
33,Rana Pratap Bagh,Residential,2022,8,Aug,73.56,62.08,61.29,52.51,Critical
33,Rana Pratap Bagh,Residential,2022,9,Sep,73.34,62.06,61.29,52.51,Critical
33,Rana Pratap Bagh,Residential,2022,10,Oct,73.42,61.94,61.29,52.51,Critical
33,Rana Pratap Bagh,Residential,2022,11,Nov,72.82,61.84,61.29,52.51,Critical
33,Rana Pratap Bagh,Residential,2022,12,Dec,71.52,61.83,61.29,52.51,Critical
33,Rana Pratap Bagh,Residential,2023,1,Jan,72.89,61.91,61.29,52.51,Critical
33,Rana Pratap Bagh,Residential,2023,2,Feb,72.09,62.23,61.29,52.51,Critical
33,Rana Pratap Bagh,Residential,2023,3,Mar,73.16,62.72,61.29,52.51,Critical
33,Rana Pratap Bagh,Residential,2023,4,Apr,73.87,62.74,61.29,52.51,Critical
33,Rana Pratap Bagh,Residential,2023,5,May,74.53,63.03,61.29,52.51,Critical
33,Rana Pratap Bagh,Residential,2023,6,Jun,73.85,62.68,61.29,52.51,Critical
33,Rana Pratap Bagh,Residential,2023,7,Jul,73.68,62.96,61.29,52.51,Critical
33,Rana Pratap Bagh,Residential,2023,8,Aug,73.87,63.0,61.29,52.51,Critical
33,Rana Pratap Bagh,Residential,2023,9,Sep,72.82,62.71,61.29,52.51,Critical
33,Rana Pratap Bagh,Residential,2023,10,Oct,73.76,63.32,61.29,52.51,Critical
33,Rana Pratap Bagh,Residential,2023,11,Nov,73.55,62.79,61.29,52.51,Critical
33,Rana Pratap Bagh,Residential,2023,12,Dec,72.71,62.38,61.29,52.51,Critical
33,Rana Pratap Bagh,Residential,2024,1,Jan,73.69,62.16,61.29,52.51,Critical
33,Rana Pratap Bagh,Residential,2024,2,Feb,73.25,62.43,61.29,52.51,Critical
33,Rana Pratap Bagh,Residential,2024,3,Mar,74.04,63.33,61.29,52.51,Critical
33,Rana Pratap Bagh,Residential,2024,4,Apr,73.95,62.44,61.29,52.51,Critical
33,Rana Pratap Bagh,Residential,2024,5,May,74.33,63.63,61.29,52.51,Critical
33,Rana Pratap Bagh,Residential,2024,6,Jun,74.91,63.69,61.29,52.51,Critical
33,Rana Pratap Bagh,Residential,2024,7,Jul,74.38,63.08,61.29,52.51,Critical
33,Rana Pratap Bagh,Residential,2024,8,Aug,74.4,63.01,61.29,52.51,Critical
33,Rana Pratap Bagh,Residential,2024,9,Sep,74.86,63.23,61.29,52.51,Critical
33,Rana Pratap Bagh,Residential,2024,10,Oct,73.96,63.08,61.29,52.51,Critical
33,Rana Pratap Bagh,Residential,2024,11,Nov,73.85,62.89,61.29,52.51,Critical
33,Rana Pratap Bagh,Residential,2024,12,Dec,73.84,62.72,61.29,52.51,Critical
34,Rohini,Commercial,2020,1,Jan,66.24,59.89,62.84,54.86,High
34,Rohini,Commercial,2020,2,Feb,66.75,59.65,62.84,54.86,High
34,Rohini,Commercial,2020,3,Mar,66.99,59.83,62.84,54.86,High
34,Rohini,Commercial,2020,4,Apr,67.65,59.35,62.84,54.86,High
34,Rohini,Commercial,2020,5,May,68.64,60.51,62.84,54.86,High
34,Rohini,Commercial,2020,6,Jun,67.87,59.99,62.84,54.86,High
34,Rohini,Commercial,2020,7,Jul,67.97,60.25,62.84,54.86,High
34,Rohini,Commercial,2020,8,Aug,67.67,60.08,62.84,54.86,High
34,Rohini,Commercial,2020,9,Sep,67.53,60.25,62.84,54.86,High
34,Rohini,Commercial,2020,10,Oct,67.76,59.71,62.84,54.86,High
34,Rohini,Commercial,2020,11,Nov,67.78,60.21,62.84,54.86,High
34,Rohini,Commercial,2020,12,Dec,67.99,59.08,62.84,54.86,High
34,Rohini,Commercial,2021,1,Jan,70.13,61.2,62.84,54.86,High
34,Rohini,Commercial,2021,2,Feb,70.45,61.76,62.84,54.86,Critical
34,Rohini,Commercial,2021,3,Mar,71.5,61.99,62.84,54.86,Critical
34,Rohini,Commercial,2021,4,Apr,70.35,62.28,62.84,54.86,Critical
34,Rohini,Commercial,2021,5,May,70.54,62.85,62.84,54.86,Critical
34,Rohini,Commercial,2021,6,Jun,70.7,62.83,62.84,54.86,Critical
34,Rohini,Commercial,2021,7,Jul,70.5,62.62,62.84,54.86,Critical
34,Rohini,Commercial,2021,8,Aug,71.69,62.63,62.84,54.86,Critical
34,Rohini,Commercial,2021,9,Sep,70.48,62.31,62.84,54.86,Critical
34,Rohini,Commercial,2021,10,Oct,71.04,62.66,62.84,54.86,Critical
34,Rohini,Commercial,2021,11,Nov,70.18,62.4,62.84,54.86,Critical
34,Rohini,Commercial,2021,12,Dec,69.15,61.73,62.84,54.86,High
34,Rohini,Commercial,2022,1,Jan,73.83,64.81,62.84,54.86,Critical
34,Rohini,Commercial,2022,2,Feb,74.24,64.3,62.84,54.86,Critical
34,Rohini,Commercial,2022,3,Mar,74.34,65.08,62.84,54.86,Critical
34,Rohini,Commercial,2022,4,Apr,75.0,65.05,62.84,54.86,Critical
34,Rohini,Commercial,2022,5,May,75.14,65.63,62.84,54.86,Critical
34,Rohini,Commercial,2022,6,Jun,75.32,65.59,62.84,54.86,Critical
34,Rohini,Commercial,2022,7,Jul,76.2,65.09,62.84,54.86,Critical
34,Rohini,Commercial,2022,8,Aug,74.29,65.56,62.84,54.86,Critical
34,Rohini,Commercial,2022,9,Sep,74.56,65.02,62.84,54.86,Critical
34,Rohini,Commercial,2022,10,Oct,74.72,65.24,62.84,54.86,Critical
34,Rohini,Commercial,2022,11,Nov,75.37,65.26,62.84,54.86,Critical
34,Rohini,Commercial,2022,12,Dec,74.57,64.3,62.84,54.86,Critical
34,Rohini,Commercial,2023,1,Jan,74.57,64.47,62.84,54.86,Critical
34,Rohini,Commercial,2023,2,Feb,74.91,65.71,62.84,54.86,Critical
34,Rohini,Commercial,2023,3,Mar,75.94,65.65,62.84,54.86,Critical
34,Rohini,Commercial,2023,4,Apr,76.02,65.71,62.84,54.86,Critical
34,Rohini,Commercial,2023,5,May,76.41,66.35,62.84,54.86,Critical
34,Rohini,Commercial,2023,6,Jun,75.88,66.41,62.84,54.86,Critical
34,Rohini,Commercial,2023,7,Jul,76.7,66.1,62.84,54.86,Critical
34,Rohini,Commercial,2023,8,Aug,76.31,66.86,62.84,54.86,Critical
34,Rohini,Commercial,2023,9,Sep,75.79,65.94,62.84,54.86,Critical
34,Rohini,Commercial,2023,10,Oct,75.73,66.07,62.84,54.86,Critical
34,Rohini,Commercial,2023,11,Nov,75.91,65.78,62.84,54.86,Critical
34,Rohini,Commercial,2023,12,Dec,74.82,65.48,62.84,54.86,Critical
34,Rohini,Commercial,2024,1,Jan,76.61,66.25,62.84,54.86,Critical
34,Rohini,Commercial,2024,2,Feb,76.61,66.15,62.84,54.86,Critical
34,Rohini,Commercial,2024,3,Mar,77.03,66.6,62.84,54.86,Critical
34,Rohini,Commercial,2024,4,Apr,76.65,66.82,62.84,54.86,Critical
34,Rohini,Commercial,2024,5,May,76.93,66.73,62.84,54.86,Critical
34,Rohini,Commercial,2024,6,Jun,77.61,67.21,62.84,54.86,Critical
34,Rohini,Commercial,2024,7,Jul,76.85,67.34,62.84,54.86,Critical
34,Rohini,Commercial,2024,8,Aug,77.26,66.61,62.84,54.86,Critical
34,Rohini,Commercial,2024,9,Sep,76.21,66.58,62.84,54.86,Critical
34,Rohini,Commercial,2024,10,Oct,76.85,66.85,62.84,54.86,Critical
34,Rohini,Commercial,2024,11,Nov,76.58,65.92,62.84,54.86,Critical
34,Rohini,Commercial,2024,12,Dec,76.07,66.13,62.84,54.86,Critical
35,Sarita Vihar,Commercial,2020,1,Jan,67.81,59.48,63.72,55.18,High
35,Sarita Vihar,Commercial,2020,2,Feb,68.43,59.22,63.72,55.18,High
35,Sarita Vihar,Commercial,2020,3,Mar,68.78,60.02,63.72,55.18,High
35,Sarita Vihar,Commercial,2020,4,Apr,68.9,60.31,63.72,55.18,High
35,Sarita Vihar,Commercial,2020,5,May,69.32,60.37,63.72,55.18,High
35,Sarita Vihar,Commercial,2020,6,Jun,68.62,61.12,63.72,55.18,High
35,Sarita Vihar,Commercial,2020,7,Jul,68.81,60.66,63.72,55.18,High
35,Sarita Vihar,Commercial,2020,8,Aug,69.05,60.08,63.72,55.18,High
35,Sarita Vihar,Commercial,2020,9,Sep,68.6,60.01,63.72,55.18,High
35,Sarita Vihar,Commercial,2020,10,Oct,68.51,60.41,63.72,55.18,High
35,Sarita Vihar,Commercial,2020,11,Nov,67.66,59.86,63.72,55.18,High
35,Sarita Vihar,Commercial,2020,12,Dec,68.3,60.06,63.72,55.18,High
35,Sarita Vihar,Commercial,2021,1,Jan,71.03,62.26,63.72,55.18,Critical
35,Sarita Vihar,Commercial,2021,2,Feb,71.14,62.7,63.72,55.18,Critical
35,Sarita Vihar,Commercial,2021,3,Mar,71.68,62.66,63.72,55.18,Critical
35,Sarita Vihar,Commercial,2021,4,Apr,72.52,62.56,63.72,55.18,Critical
35,Sarita Vihar,Commercial,2021,5,May,72.98,62.53,63.72,55.18,Critical
35,Sarita Vihar,Commercial,2021,6,Jun,73.21,63.08,63.72,55.18,Critical
35,Sarita Vihar,Commercial,2021,7,Jul,72.26,62.52,63.72,55.18,Critical
35,Sarita Vihar,Commercial,2021,8,Aug,71.88,62.58,63.72,55.18,Critical
35,Sarita Vihar,Commercial,2021,9,Sep,71.62,62.65,63.72,55.18,Critical
35,Sarita Vihar,Commercial,2021,10,Oct,72.44,62.95,63.72,55.18,Critical
35,Sarita Vihar,Commercial,2021,11,Nov,71.88,62.26,63.72,55.18,Critical
35,Sarita Vihar,Commercial,2021,12,Dec,70.91,62.83,63.72,55.18,Critical
35,Sarita Vihar,Commercial,2022,1,Jan,74.77,65.49,63.72,55.18,Critical
35,Sarita Vihar,Commercial,2022,2,Feb,75.16,65.09,63.72,55.18,Critical
35,Sarita Vihar,Commercial,2022,3,Mar,76.19,65.77,63.72,55.18,Critical
35,Sarita Vihar,Commercial,2022,4,Apr,76.02,65.47,63.72,55.18,Critical
35,Sarita Vihar,Commercial,2022,5,May,76.34,65.89,63.72,55.18,Critical
35,Sarita Vihar,Commercial,2022,6,Jun,76.92,65.99,63.72,55.18,Critical
35,Sarita Vihar,Commercial,2022,7,Jul,76.61,66.38,63.72,55.18,Critical
35,Sarita Vihar,Commercial,2022,8,Aug,76.21,65.78,63.72,55.18,Critical
35,Sarita Vihar,Commercial,2022,9,Sep,75.25,64.7,63.72,55.18,Critical
35,Sarita Vihar,Commercial,2022,10,Oct,76.22,65.66,63.72,55.18,Critical
35,Sarita Vihar,Commercial,2022,11,Nov,75.55,65.46,63.72,55.18,Critical
35,Sarita Vihar,Commercial,2022,12,Dec,75.24,65.43,63.72,55.18,Critical
35,Sarita Vihar,Commercial,2023,1,Jan,76.09,65.47,63.72,55.18,Critical
35,Sarita Vihar,Commercial,2023,2,Feb,76.66,65.72,63.72,55.18,Critical
35,Sarita Vihar,Commercial,2023,3,Mar,76.97,65.95,63.72,55.18,Critical
35,Sarita Vihar,Commercial,2023,4,Apr,76.8,66.32,63.72,55.18,Critical
35,Sarita Vihar,Commercial,2023,5,May,77.37,66.63,63.72,55.18,Critical
35,Sarita Vihar,Commercial,2023,6,Jun,77.45,66.14,63.72,55.18,Critical
35,Sarita Vihar,Commercial,2023,7,Jul,77.19,66.83,63.72,55.18,Critical
35,Sarita Vihar,Commercial,2023,8,Aug,76.94,66.32,63.72,55.18,Critical
35,Sarita Vihar,Commercial,2023,9,Sep,77.25,65.98,63.72,55.18,Critical
35,Sarita Vihar,Commercial,2023,10,Oct,76.44,66.34,63.72,55.18,Critical
35,Sarita Vihar,Commercial,2023,11,Nov,76.57,65.8,63.72,55.18,Critical
35,Sarita Vihar,Commercial,2023,12,Dec,76.19,65.94,63.72,55.18,Critical
35,Sarita Vihar,Commercial,2024,1,Jan,77.06,66.58,63.72,55.18,Critical
35,Sarita Vihar,Commercial,2024,2,Feb,77.99,66.49,63.72,55.18,Critical
35,Sarita Vihar,Commercial,2024,3,Mar,77.87,66.74,63.72,55.18,Critical
35,Sarita Vihar,Commercial,2024,4,Apr,77.72,66.91,63.72,55.18,Critical
35,Sarita Vihar,Commercial,2024,5,May,78.17,67.4,63.72,55.18,Critical
35,Sarita Vihar,Commercial,2024,6,Jun,79.5,67.28,63.72,55.18,Critical
35,Sarita Vihar,Commercial,2024,7,Jul,78.19,67.37,63.72,55.18,Critical
35,Sarita Vihar,Commercial,2024,8,Aug,78.22,67.27,63.72,55.18,Critical
35,Sarita Vihar,Commercial,2024,9,Sep,78.37,66.26,63.72,55.18,Critical
35,Sarita Vihar,Commercial,2024,10,Oct,77.11,67.04,63.72,55.18,Critical
35,Sarita Vihar,Commercial,2024,11,Nov,78.2,66.42,63.72,55.18,Critical
35,Sarita Vihar,Commercial,2024,12,Dec,76.06,66.76,63.72,55.18,Critical
36,Shalimar Bagh,Residential,2020,1,Jan,69.22,62.0,62.5,55.71,High
36,Shalimar Bagh,Residential,2020,2,Feb,68.93,62.14,62.5,55.71,High
36,Shalimar Bagh,Residential,2020,3,Mar,69.86,62.54,62.5,55.71,Critical
36,Shalimar Bagh,Residential,2020,4,Apr,70.32,62.07,62.5,55.71,Critical
36,Shalimar Bagh,Residential,2020,5,May,70.08,62.79,62.5,55.71,Critical
36,Shalimar Bagh,Residential,2020,6,Jun,70.52,63.17,62.5,55.71,Critical
36,Shalimar Bagh,Residential,2020,7,Jul,70.74,62.67,62.5,55.71,Critical
36,Shalimar Bagh,Residential,2020,8,Aug,70.14,63.2,62.5,55.71,Critical
36,Shalimar Bagh,Residential,2020,9,Sep,70.66,62.69,62.5,55.71,Critical
36,Shalimar Bagh,Residential,2020,10,Oct,70.25,62.49,62.5,55.71,Critical
36,Shalimar Bagh,Residential,2020,11,Nov,68.86,62.98,62.5,55.71,High
36,Shalimar Bagh,Residential,2020,12,Dec,69.32,62.78,62.5,55.71,Critical
36,Shalimar Bagh,Residential,2021,1,Jan,70.57,63.99,62.5,55.71,Critical
36,Shalimar Bagh,Residential,2021,2,Feb,72.07,64.06,62.5,55.71,Critical
36,Shalimar Bagh,Residential,2021,3,Mar,71.93,64.23,62.5,55.71,Critical
36,Shalimar Bagh,Residential,2021,4,Apr,71.49,64.84,62.5,55.71,Critical
36,Shalimar Bagh,Residential,2021,5,May,72.18,64.78,62.5,55.71,Critical
36,Shalimar Bagh,Residential,2021,6,Jun,71.99,64.48,62.5,55.71,Critical
36,Shalimar Bagh,Residential,2021,7,Jul,72.99,64.63,62.5,55.71,Critical
36,Shalimar Bagh,Residential,2021,8,Aug,72.7,64.51,62.5,55.71,Critical
36,Shalimar Bagh,Residential,2021,9,Sep,71.18,64.6,62.5,55.71,Critical
36,Shalimar Bagh,Residential,2021,10,Oct,71.88,64.74,62.5,55.71,Critical
36,Shalimar Bagh,Residential,2021,11,Nov,71.83,63.77,62.5,55.71,Critical
36,Shalimar Bagh,Residential,2021,12,Dec,71.39,64.59,62.5,55.71,Critical
36,Shalimar Bagh,Residential,2022,1,Jan,73.52,65.41,62.5,55.71,Critical
36,Shalimar Bagh,Residential,2022,2,Feb,73.95,65.59,62.5,55.71,Critical
36,Shalimar Bagh,Residential,2022,3,Mar,74.1,65.5,62.5,55.71,Critical
36,Shalimar Bagh,Residential,2022,4,Apr,74.41,66.34,62.5,55.71,Critical
36,Shalimar Bagh,Residential,2022,5,May,74.29,66.66,62.5,55.71,Critical
36,Shalimar Bagh,Residential,2022,6,Jun,74.78,66.16,62.5,55.71,Critical
36,Shalimar Bagh,Residential,2022,7,Jul,75.02,66.24,62.5,55.71,Critical
36,Shalimar Bagh,Residential,2022,8,Aug,74.62,66.04,62.5,55.71,Critical
36,Shalimar Bagh,Residential,2022,9,Sep,74.1,66.08,62.5,55.71,Critical
36,Shalimar Bagh,Residential,2022,10,Oct,74.44,65.53,62.5,55.71,Critical
36,Shalimar Bagh,Residential,2022,11,Nov,73.57,66.11,62.5,55.71,Critical
36,Shalimar Bagh,Residential,2022,12,Dec,73.47,65.37,62.5,55.71,Critical
36,Shalimar Bagh,Residential,2023,1,Jan,73.38,65.61,62.5,55.71,Critical
36,Shalimar Bagh,Residential,2023,2,Feb,73.31,66.0,62.5,55.71,Critical
36,Shalimar Bagh,Residential,2023,3,Mar,74.38,66.04,62.5,55.71,Critical
36,Shalimar Bagh,Residential,2023,4,Apr,74.89,66.64,62.5,55.71,Critical
36,Shalimar Bagh,Residential,2023,5,May,76.06,66.28,62.5,55.71,Critical
36,Shalimar Bagh,Residential,2023,6,Jun,75.88,67.22,62.5,55.71,Critical
36,Shalimar Bagh,Residential,2023,7,Jul,74.91,66.89,62.5,55.71,Critical
36,Shalimar Bagh,Residential,2023,8,Aug,74.74,66.69,62.5,55.71,Critical
36,Shalimar Bagh,Residential,2023,9,Sep,75.32,66.61,62.5,55.71,Critical
36,Shalimar Bagh,Residential,2023,10,Oct,75.12,66.5,62.5,55.71,Critical
36,Shalimar Bagh,Residential,2023,11,Nov,74.03,66.27,62.5,55.71,Critical
36,Shalimar Bagh,Residential,2023,12,Dec,74.6,65.57,62.5,55.71,Critical
36,Shalimar Bagh,Residential,2024,1,Jan,74.2,66.37,62.5,55.71,Critical
36,Shalimar Bagh,Residential,2024,2,Feb,74.43,66.19,62.5,55.71,Critical
36,Shalimar Bagh,Residential,2024,3,Mar,75.15,66.32,62.5,55.71,Critical
36,Shalimar Bagh,Residential,2024,4,Apr,75.23,67.14,62.5,55.71,Critical
36,Shalimar Bagh,Residential,2024,5,May,75.4,66.65,62.5,55.71,Critical
36,Shalimar Bagh,Residential,2024,6,Jun,75.87,67.55,62.5,55.71,Critical
36,Shalimar Bagh,Residential,2024,7,Jul,75.84,67.09,62.5,55.71,Critical
36,Shalimar Bagh,Residential,2024,8,Aug,75.64,66.51,62.5,55.71,Critical
36,Shalimar Bagh,Residential,2024,9,Sep,75.62,66.95,62.5,55.71,Critical
36,Shalimar Bagh,Residential,2024,10,Oct,75.46,67.33,62.5,55.71,Critical
36,Shalimar Bagh,Residential,2024,11,Nov,74.87,67.07,62.5,55.71,Critical
36,Shalimar Bagh,Residential,2024,12,Dec,74.88,66.33,62.5,55.71,Critical
37,Shanti Vihar,Residential,2020,1,Jan,67.97,58.82,61.53,52.76,High
37,Shanti Vihar,Residential,2020,2,Feb,68.67,58.63,61.53,52.76,High
37,Shanti Vihar,Residential,2020,3,Mar,68.37,59.56,61.53,52.76,High
37,Shanti Vihar,Residential,2020,4,Apr,68.74,59.72,61.53,52.76,High
37,Shanti Vihar,Residential,2020,5,May,69.96,59.53,61.53,52.76,High
37,Shanti Vihar,Residential,2020,6,Jun,69.75,59.5,61.53,52.76,High
37,Shanti Vihar,Residential,2020,7,Jul,69.58,59.81,61.53,52.76,High
37,Shanti Vihar,Residential,2020,8,Aug,69.17,59.36,61.53,52.76,High
37,Shanti Vihar,Residential,2020,9,Sep,68.12,59.5,61.53,52.76,High
37,Shanti Vihar,Residential,2020,10,Oct,68.15,59.45,61.53,52.76,High
37,Shanti Vihar,Residential,2020,11,Nov,69.06,59.31,61.53,52.76,High
37,Shanti Vihar,Residential,2020,12,Dec,68.96,59.26,61.53,52.76,High
37,Shanti Vihar,Residential,2021,1,Jan,69.72,60.36,61.53,52.76,High
37,Shanti Vihar,Residential,2021,2,Feb,70.16,59.98,61.53,52.76,High
37,Shanti Vihar,Residential,2021,3,Mar,70.3,60.58,61.53,52.76,High
37,Shanti Vihar,Residential,2021,4,Apr,70.17,60.96,61.53,52.76,High
37,Shanti Vihar,Residential,2021,5,May,71.18,60.65,61.53,52.76,High
37,Shanti Vihar,Residential,2021,6,Jun,71.64,61.56,61.53,52.76,Critical
37,Shanti Vihar,Residential,2021,7,Jul,71.37,61.15,61.53,52.76,Critical
37,Shanti Vihar,Residential,2021,8,Aug,71.22,61.25,61.53,52.76,Critical
37,Shanti Vihar,Residential,2021,9,Sep,70.9,60.6,61.53,52.76,High
37,Shanti Vihar,Residential,2021,10,Oct,71.09,61.41,61.53,52.76,Critical
37,Shanti Vihar,Residential,2021,11,Nov,70.44,61.38,61.53,52.76,High
37,Shanti Vihar,Residential,2021,12,Dec,69.97,60.46,61.53,52.76,High
37,Shanti Vihar,Residential,2022,1,Jan,71.91,62.02,61.53,52.76,Critical
37,Shanti Vihar,Residential,2022,2,Feb,71.68,61.89,61.53,52.76,Critical
37,Shanti Vihar,Residential,2022,3,Mar,72.44,62.39,61.53,52.76,Critical
37,Shanti Vihar,Residential,2022,4,Apr,73.58,62.74,61.53,52.76,Critical
37,Shanti Vihar,Residential,2022,5,May,72.53,63.36,61.53,52.76,Critical
37,Shanti Vihar,Residential,2022,6,Jun,73.8,62.72,61.53,52.76,Critical
37,Shanti Vihar,Residential,2022,7,Jul,73.54,62.9,61.53,52.76,Critical
37,Shanti Vihar,Residential,2022,8,Aug,72.91,62.71,61.53,52.76,Critical
37,Shanti Vihar,Residential,2022,9,Sep,72.74,62.33,61.53,52.76,Critical
37,Shanti Vihar,Residential,2022,10,Oct,72.91,62.22,61.53,52.76,Critical
37,Shanti Vihar,Residential,2022,11,Nov,72.94,62.53,61.53,52.76,Critical
37,Shanti Vihar,Residential,2022,12,Dec,72.59,62.3,61.53,52.76,Critical
37,Shanti Vihar,Residential,2023,1,Jan,72.91,62.29,61.53,52.76,Critical
37,Shanti Vihar,Residential,2023,2,Feb,73.32,62.14,61.53,52.76,Critical
37,Shanti Vihar,Residential,2023,3,Mar,73.12,62.56,61.53,52.76,Critical
37,Shanti Vihar,Residential,2023,4,Apr,74.21,63.33,61.53,52.76,Critical
37,Shanti Vihar,Residential,2023,5,May,74.27,63.57,61.53,52.76,Critical
37,Shanti Vihar,Residential,2023,6,Jun,73.93,63.55,61.53,52.76,Critical
37,Shanti Vihar,Residential,2023,7,Jul,74.03,63.6,61.53,52.76,Critical
37,Shanti Vihar,Residential,2023,8,Aug,73.73,63.03,61.53,52.76,Critical
37,Shanti Vihar,Residential,2023,9,Sep,73.8,63.21,61.53,52.76,Critical
37,Shanti Vihar,Residential,2023,10,Oct,73.51,63.13,61.53,52.76,Critical
37,Shanti Vihar,Residential,2023,11,Nov,73.06,62.1,61.53,52.76,Critical
37,Shanti Vihar,Residential,2023,12,Dec,73.06,62.73,61.53,52.76,Critical
37,Shanti Vihar,Residential,2024,1,Jan,73.58,62.27,61.53,52.76,Critical
37,Shanti Vihar,Residential,2024,2,Feb,73.54,62.28,61.53,52.76,Critical
37,Shanti Vihar,Residential,2024,3,Mar,74.73,62.92,61.53,52.76,Critical
37,Shanti Vihar,Residential,2024,4,Apr,74.98,63.73,61.53,52.76,Critical
37,Shanti Vihar,Residential,2024,5,May,74.42,63.31,61.53,52.76,Critical
37,Shanti Vihar,Residential,2024,6,Jun,75.12,63.6,61.53,52.76,Critical
37,Shanti Vihar,Residential,2024,7,Jul,74.82,63.61,61.53,52.76,Critical
37,Shanti Vihar,Residential,2024,8,Aug,73.77,62.88,61.53,52.76,Critical
37,Shanti Vihar,Residential,2024,9,Sep,74.37,63.18,61.53,52.76,Critical
37,Shanti Vihar,Residential,2024,10,Oct,74.26,63.76,61.53,52.76,Critical
37,Shanti Vihar,Residential,2024,11,Nov,74.65,63.17,61.53,52.76,Critical
37,Shanti Vihar,Residential,2024,12,Dec,73.54,63.1,61.53,52.76,Critical
38,Tilak Nagar,Residential,2020,1,Jan,67.3,59.99,61.41,53.67,High
38,Tilak Nagar,Residential,2020,2,Feb,68.26,60.22,61.41,53.67,High
38,Tilak Nagar,Residential,2020,3,Mar,67.77,60.09,61.41,53.67,High
38,Tilak Nagar,Residential,2020,4,Apr,68.49,60.55,61.41,53.67,High
38,Tilak Nagar,Residential,2020,5,May,69.33,61.17,61.41,53.67,High
38,Tilak Nagar,Residential,2020,6,Jun,69.14,60.77,61.41,53.67,High
38,Tilak Nagar,Residential,2020,7,Jul,69.6,60.91,61.41,53.67,High
38,Tilak Nagar,Residential,2020,8,Aug,69.35,60.71,61.41,53.67,High
38,Tilak Nagar,Residential,2020,9,Sep,68.18,60.02,61.41,53.67,High
38,Tilak Nagar,Residential,2020,10,Oct,68.22,60.82,61.41,53.67,High
38,Tilak Nagar,Residential,2020,11,Nov,69.02,60.87,61.41,53.67,High
38,Tilak Nagar,Residential,2020,12,Dec,68.38,60.37,61.41,53.67,High
38,Tilak Nagar,Residential,2021,1,Jan,69.61,61.07,61.41,53.67,High
38,Tilak Nagar,Residential,2021,2,Feb,70.38,61.65,61.41,53.67,Critical
38,Tilak Nagar,Residential,2021,3,Mar,70.58,61.94,61.41,53.67,Critical
38,Tilak Nagar,Residential,2021,4,Apr,70.97,62.41,61.41,53.67,Critical
38,Tilak Nagar,Residential,2021,5,May,71.66,62.38,61.41,53.67,Critical
38,Tilak Nagar,Residential,2021,6,Jun,71.68,62.57,61.41,53.67,Critical
38,Tilak Nagar,Residential,2021,7,Jul,70.96,62.55,61.41,53.67,Critical
38,Tilak Nagar,Residential,2021,8,Aug,70.28,62.44,61.41,53.67,Critical
38,Tilak Nagar,Residential,2021,9,Sep,70.16,62.01,61.41,53.67,Critical
38,Tilak Nagar,Residential,2021,10,Oct,70.5,62.29,61.41,53.67,Critical
38,Tilak Nagar,Residential,2021,11,Nov,70.53,61.34,61.41,53.67,High
38,Tilak Nagar,Residential,2021,12,Dec,70.21,61.35,61.41,53.67,High
38,Tilak Nagar,Residential,2022,1,Jan,72.39,63.02,61.41,53.67,Critical
38,Tilak Nagar,Residential,2022,2,Feb,72.4,62.83,61.41,53.67,Critical
38,Tilak Nagar,Residential,2022,3,Mar,72.5,63.28,61.41,53.67,Critical
38,Tilak Nagar,Residential,2022,4,Apr,73.38,64.12,61.41,53.67,Critical
38,Tilak Nagar,Residential,2022,5,May,73.02,64.14,61.41,53.67,Critical
38,Tilak Nagar,Residential,2022,6,Jun,72.67,63.66,61.41,53.67,Critical
38,Tilak Nagar,Residential,2022,7,Jul,72.96,63.51,61.41,53.67,Critical
38,Tilak Nagar,Residential,2022,8,Aug,72.41,63.84,61.41,53.67,Critical
38,Tilak Nagar,Residential,2022,9,Sep,72.75,63.63,61.41,53.67,Critical
38,Tilak Nagar,Residential,2022,10,Oct,73.32,63.8,61.41,53.67,Critical
38,Tilak Nagar,Residential,2022,11,Nov,73.0,63.4,61.41,53.67,Critical
38,Tilak Nagar,Residential,2022,12,Dec,71.77,63.44,61.41,53.67,Critical
38,Tilak Nagar,Residential,2023,1,Jan,72.4,63.24,61.41,53.67,Critical
38,Tilak Nagar,Residential,2023,2,Feb,72.77,63.35,61.41,53.67,Critical
38,Tilak Nagar,Residential,2023,3,Mar,73.17,64.02,61.41,53.67,Critical
38,Tilak Nagar,Residential,2023,4,Apr,73.78,63.85,61.41,53.67,Critical
38,Tilak Nagar,Residential,2023,5,May,73.74,64.64,61.41,53.67,Critical
38,Tilak Nagar,Residential,2023,6,Jun,74.34,65.14,61.41,53.67,Critical
38,Tilak Nagar,Residential,2023,7,Jul,74.41,64.76,61.41,53.67,Critical
38,Tilak Nagar,Residential,2023,8,Aug,73.08,64.45,61.41,53.67,Critical
38,Tilak Nagar,Residential,2023,9,Sep,73.42,63.85,61.41,53.67,Critical
38,Tilak Nagar,Residential,2023,10,Oct,73.71,64.5,61.41,53.67,Critical
38,Tilak Nagar,Residential,2023,11,Nov,73.54,63.66,61.41,53.67,Critical
38,Tilak Nagar,Residential,2023,12,Dec,73.14,63.43,61.41,53.67,Critical
38,Tilak Nagar,Residential,2024,1,Jan,73.43,63.83,61.41,53.67,Critical
38,Tilak Nagar,Residential,2024,2,Feb,73.45,64.25,61.41,53.67,Critical
38,Tilak Nagar,Residential,2024,3,Mar,73.62,64.9,61.41,53.67,Critical
38,Tilak Nagar,Residential,2024,4,Apr,73.61,64.34,61.41,53.67,Critical
38,Tilak Nagar,Residential,2024,5,May,74.79,64.9,61.41,53.67,Critical
38,Tilak Nagar,Residential,2024,6,Jun,74.8,64.9,61.41,53.67,Critical
38,Tilak Nagar,Residential,2024,7,Jul,74.8,64.75,61.41,53.67,Critical
38,Tilak Nagar,Residential,2024,8,Aug,74.9,64.87,61.41,53.67,Critical
38,Tilak Nagar,Residential,2024,9,Sep,74.49,64.13,61.41,53.67,Critical
38,Tilak Nagar,Residential,2024,10,Oct,74.31,64.53,61.41,53.67,Critical
38,Tilak Nagar,Residential,2024,11,Nov,73.64,64.43,61.41,53.67,Critical
38,Tilak Nagar,Residential,2024,12,Dec,73.32,64.22,61.41,53.67,Critical
39,Tughlakabad,Industrial,2020,1,Jan,66.01,56.53,61.5,51.2,High
39,Tughlakabad,Industrial,2020,2,Feb,66.28,56.18,61.5,51.2,High
39,Tughlakabad,Industrial,2020,3,Mar,67.46,56.24,61.5,51.2,High
39,Tughlakabad,Industrial,2020,4,Apr,67.78,56.24,61.5,51.2,High
39,Tughlakabad,Industrial,2020,5,May,68.32,56.81,61.5,51.2,High
39,Tughlakabad,Industrial,2020,6,Jun,67.7,56.92,61.5,51.2,High
39,Tughlakabad,Industrial,2020,7,Jul,68.06,56.73,61.5,51.2,High
39,Tughlakabad,Industrial,2020,8,Aug,67.14,56.64,61.5,51.2,High
39,Tughlakabad,Industrial,2020,9,Sep,66.77,57.06,61.5,51.2,High
39,Tughlakabad,Industrial,2020,10,Oct,67.21,56.96,61.5,51.2,High
39,Tughlakabad,Industrial,2020,11,Nov,67.22,56.11,61.5,51.2,High
39,Tughlakabad,Industrial,2020,12,Dec,66.64,56.35,61.5,51.2,High
39,Tughlakabad,Industrial,2021,1,Jan,68.86,58.37,61.5,51.2,High
39,Tughlakabad,Industrial,2021,2,Feb,69.55,58.39,61.5,51.2,High
39,Tughlakabad,Industrial,2021,3,Mar,69.46,58.09,61.5,51.2,High
39,Tughlakabad,Industrial,2021,4,Apr,69.69,58.67,61.5,51.2,High
39,Tughlakabad,Industrial,2021,5,May,70.46,58.16,61.5,51.2,High
39,Tughlakabad,Industrial,2021,6,Jun,70.44,59.06,61.5,51.2,High
39,Tughlakabad,Industrial,2021,7,Jul,70.13,59.3,61.5,51.2,High
39,Tughlakabad,Industrial,2021,8,Aug,70.11,59.1,61.5,51.2,High
39,Tughlakabad,Industrial,2021,9,Sep,69.65,58.79,61.5,51.2,High
39,Tughlakabad,Industrial,2021,10,Oct,70.59,59.1,61.5,51.2,High
39,Tughlakabad,Industrial,2021,11,Nov,69.2,58.33,61.5,51.2,High
39,Tughlakabad,Industrial,2021,12,Dec,69.0,58.26,61.5,51.2,High
39,Tughlakabad,Industrial,2022,1,Jan,72.51,59.96,61.5,51.2,Critical
39,Tughlakabad,Industrial,2022,2,Feb,72.47,59.7,61.5,51.2,Critical
39,Tughlakabad,Industrial,2022,3,Mar,73.52,60.46,61.5,51.2,Critical
39,Tughlakabad,Industrial,2022,4,Apr,73.26,60.72,61.5,51.2,Critical
39,Tughlakabad,Industrial,2022,5,May,74.0,60.16,61.5,51.2,Critical
39,Tughlakabad,Industrial,2022,6,Jun,73.73,61.18,61.5,51.2,Critical
39,Tughlakabad,Industrial,2022,7,Jul,73.36,61.63,61.5,51.2,Critical
39,Tughlakabad,Industrial,2022,8,Aug,72.89,61.14,61.5,51.2,Critical
39,Tughlakabad,Industrial,2022,9,Sep,73.18,61.09,61.5,51.2,Critical
39,Tughlakabad,Industrial,2022,10,Oct,72.97,60.69,61.5,51.2,Critical
39,Tughlakabad,Industrial,2022,11,Nov,73.38,60.74,61.5,51.2,Critical
39,Tughlakabad,Industrial,2022,12,Dec,71.82,60.15,61.5,51.2,High
39,Tughlakabad,Industrial,2023,1,Jan,73.09,61.06,61.5,51.2,Critical
39,Tughlakabad,Industrial,2023,2,Feb,72.87,60.04,61.5,51.2,Critical
39,Tughlakabad,Industrial,2023,3,Mar,73.85,60.84,61.5,51.2,Critical
39,Tughlakabad,Industrial,2023,4,Apr,73.13,60.56,61.5,51.2,Critical
39,Tughlakabad,Industrial,2023,5,May,74.57,61.65,61.5,51.2,Critical
39,Tughlakabad,Industrial,2023,6,Jun,74.35,62.23,61.5,51.2,Critical
39,Tughlakabad,Industrial,2023,7,Jul,74.49,62.19,61.5,51.2,Critical
39,Tughlakabad,Industrial,2023,8,Aug,73.38,61.5,61.5,51.2,Critical
39,Tughlakabad,Industrial,2023,9,Sep,73.09,61.24,61.5,51.2,Critical
39,Tughlakabad,Industrial,2023,10,Oct,73.84,61.7,61.5,51.2,Critical
39,Tughlakabad,Industrial,2023,11,Nov,73.66,61.4,61.5,51.2,Critical
39,Tughlakabad,Industrial,2023,12,Dec,73.42,61.56,61.5,51.2,Critical
39,Tughlakabad,Industrial,2024,1,Jan,73.61,60.93,61.5,51.2,Critical
39,Tughlakabad,Industrial,2024,2,Feb,74.04,61.07,61.5,51.2,Critical
39,Tughlakabad,Industrial,2024,3,Mar,75.03,61.53,61.5,51.2,Critical
39,Tughlakabad,Industrial,2024,4,Apr,74.51,61.67,61.5,51.2,Critical
39,Tughlakabad,Industrial,2024,5,May,75.33,61.96,61.5,51.2,Critical
39,Tughlakabad,Industrial,2024,6,Jun,74.98,62.71,61.5,51.2,Critical
39,Tughlakabad,Industrial,2024,7,Jul,74.7,62.12,61.5,51.2,Critical
39,Tughlakabad,Industrial,2024,8,Aug,75.0,61.42,61.5,51.2,Critical
39,Tughlakabad,Industrial,2024,9,Sep,74.73,61.39,61.5,51.2,Critical
39,Tughlakabad,Industrial,2024,10,Oct,75.07,61.62,61.5,51.2,Critical
39,Tughlakabad,Industrial,2024,11,Nov,74.72,61.94,61.5,51.2,Critical
39,Tughlakabad,Industrial,2024,12,Dec,74.28,61.39,61.5,51.2,Critical
40,Vasant Kunj,Residential,2020,1,Jan,68.5,63.63,62.05,56.96,Critical
40,Vasant Kunj,Residential,2020,2,Feb,69.38,63.69,62.05,56.96,Critical
40,Vasant Kunj,Residential,2020,3,Mar,68.88,64.4,62.05,56.96,Critical
40,Vasant Kunj,Residential,2020,4,Apr,69.27,64.11,62.05,56.96,Critical
40,Vasant Kunj,Residential,2020,5,May,69.31,64.46,62.05,56.96,Critical
40,Vasant Kunj,Residential,2020,6,Jun,70.06,64.87,62.05,56.96,Critical
40,Vasant Kunj,Residential,2020,7,Jul,70.27,64.86,62.05,56.96,Critical
40,Vasant Kunj,Residential,2020,8,Aug,69.51,64.44,62.05,56.96,Critical
40,Vasant Kunj,Residential,2020,9,Sep,69.59,64.68,62.05,56.96,Critical
40,Vasant Kunj,Residential,2020,10,Oct,69.64,64.36,62.05,56.96,Critical
40,Vasant Kunj,Residential,2020,11,Nov,68.89,63.77,62.05,56.96,Critical
40,Vasant Kunj,Residential,2020,12,Dec,69.06,64.07,62.05,56.96,Critical
40,Vasant Kunj,Residential,2021,1,Jan,70.82,65.26,62.05,56.96,Critical
40,Vasant Kunj,Residential,2021,2,Feb,71.35,65.25,62.05,56.96,Critical
40,Vasant Kunj,Residential,2021,3,Mar,71.67,65.69,62.05,56.96,Critical
40,Vasant Kunj,Residential,2021,4,Apr,71.35,66.08,62.05,56.96,Critical
40,Vasant Kunj,Residential,2021,5,May,72.05,66.21,62.05,56.96,Critical
40,Vasant Kunj,Residential,2021,6,Jun,72.12,66.29,62.05,56.96,Critical
40,Vasant Kunj,Residential,2021,7,Jul,72.85,66.56,62.05,56.96,Critical
40,Vasant Kunj,Residential,2021,8,Aug,71.88,66.03,62.05,56.96,Critical
40,Vasant Kunj,Residential,2021,9,Sep,71.79,65.96,62.05,56.96,Critical
40,Vasant Kunj,Residential,2021,10,Oct,71.6,65.91,62.05,56.96,Critical
40,Vasant Kunj,Residential,2021,11,Nov,71.26,64.75,62.05,56.96,Critical
40,Vasant Kunj,Residential,2021,12,Dec,70.87,65.25,62.05,56.96,Critical
40,Vasant Kunj,Residential,2022,1,Jan,73.43,66.91,62.05,56.96,Critical
40,Vasant Kunj,Residential,2022,2,Feb,72.51,66.99,62.05,56.96,Critical
40,Vasant Kunj,Residential,2022,3,Mar,73.07,67.44,62.05,56.96,Critical
40,Vasant Kunj,Residential,2022,4,Apr,73.91,67.79,62.05,56.96,Critical
40,Vasant Kunj,Residential,2022,5,May,73.77,67.71,62.05,56.96,Critical
40,Vasant Kunj,Residential,2022,6,Jun,73.74,68.11,62.05,56.96,Critical
40,Vasant Kunj,Residential,2022,7,Jul,74.3,67.95,62.05,56.96,Critical
40,Vasant Kunj,Residential,2022,8,Aug,73.79,67.72,62.05,56.96,Critical
40,Vasant Kunj,Residential,2022,9,Sep,74.23,67.31,62.05,56.96,Critical
40,Vasant Kunj,Residential,2022,10,Oct,73.85,67.27,62.05,56.96,Critical
40,Vasant Kunj,Residential,2022,11,Nov,73.14,67.33,62.05,56.96,Critical
40,Vasant Kunj,Residential,2022,12,Dec,73.43,66.92,62.05,56.96,Critical
40,Vasant Kunj,Residential,2023,1,Jan,73.3,67.28,62.05,56.96,Critical
40,Vasant Kunj,Residential,2023,2,Feb,73.38,67.59,62.05,56.96,Critical
40,Vasant Kunj,Residential,2023,3,Mar,73.49,68.18,62.05,56.96,Critical
40,Vasant Kunj,Residential,2023,4,Apr,74.12,68.22,62.05,56.96,Critical
40,Vasant Kunj,Residential,2023,5,May,74.18,68.4,62.05,56.96,Critical
40,Vasant Kunj,Residential,2023,6,Jun,75.16,68.52,62.05,56.96,Critical
40,Vasant Kunj,Residential,2023,7,Jul,74.29,68.37,62.05,56.96,Critical
40,Vasant Kunj,Residential,2023,8,Aug,73.92,68.02,62.05,56.96,Critical
40,Vasant Kunj,Residential,2023,9,Sep,74.6,68.14,62.05,56.96,Critical
40,Vasant Kunj,Residential,2023,10,Oct,74.4,67.81,62.05,56.96,Critical
40,Vasant Kunj,Residential,2023,11,Nov,74.35,67.81,62.05,56.96,Critical
40,Vasant Kunj,Residential,2023,12,Dec,72.66,67.73,62.05,56.96,Critical
40,Vasant Kunj,Residential,2024,1,Jan,74.08,68.16,62.05,56.96,Critical
40,Vasant Kunj,Residential,2024,2,Feb,73.85,66.95,62.05,56.96,Critical
40,Vasant Kunj,Residential,2024,3,Mar,74.9,68.29,62.05,56.96,Critical
40,Vasant Kunj,Residential,2024,4,Apr,74.41,68.11,62.05,56.96,Critical
40,Vasant Kunj,Residential,2024,5,May,76.49,68.51,62.05,56.96,Critical
40,Vasant Kunj,Residential,2024,6,Jun,75.88,68.6,62.05,56.96,Critical
40,Vasant Kunj,Residential,2024,7,Jul,74.55,68.65,62.05,56.96,Critical
40,Vasant Kunj,Residential,2024,8,Aug,74.98,68.38,62.05,56.96,Critical
40,Vasant Kunj,Residential,2024,9,Sep,74.84,68.38,62.05,56.96,Critical
40,Vasant Kunj,Residential,2024,10,Oct,75.03,68.12,62.05,56.96,Critical
40,Vasant Kunj,Residential,2024,11,Nov,74.98,67.62,62.05,56.96,Critical
40,Vasant Kunj,Residential,2024,12,Dec,73.47,68.12,62.05,56.96,Critical
41,Yamuna Vihar,Residential,2020,1,Jan,67.5,57.74,60.95,51.84,High
41,Yamuna Vihar,Residential,2020,2,Feb,66.94,57.65,60.95,51.84,High
41,Yamuna Vihar,Residential,2020,3,Mar,67.89,57.68,60.95,51.84,High
41,Yamuna Vihar,Residential,2020,4,Apr,68.0,58.56,60.95,51.84,High
41,Yamuna Vihar,Residential,2020,5,May,69.17,58.43,60.95,51.84,High
41,Yamuna Vihar,Residential,2020,6,Jun,69.1,58.19,60.95,51.84,High
41,Yamuna Vihar,Residential,2020,7,Jul,68.86,58.42,60.95,51.84,High
41,Yamuna Vihar,Residential,2020,8,Aug,68.42,58.39,60.95,51.84,High
41,Yamuna Vihar,Residential,2020,9,Sep,68.63,58.0,60.95,51.84,High
41,Yamuna Vihar,Residential,2020,10,Oct,68.55,58.38,60.95,51.84,High
41,Yamuna Vihar,Residential,2020,11,Nov,67.94,58.1,60.95,51.84,High
41,Yamuna Vihar,Residential,2020,12,Dec,67.16,57.86,60.95,51.84,High
41,Yamuna Vihar,Residential,2021,1,Jan,69.27,59.33,60.95,51.84,High
41,Yamuna Vihar,Residential,2021,2,Feb,69.53,59.6,60.95,51.84,High
41,Yamuna Vihar,Residential,2021,3,Mar,70.37,59.34,60.95,51.84,High
41,Yamuna Vihar,Residential,2021,4,Apr,70.65,59.5,60.95,51.84,High
41,Yamuna Vihar,Residential,2021,5,May,70.84,60.25,60.95,51.84,High
41,Yamuna Vihar,Residential,2021,6,Jun,70.04,60.29,60.95,51.84,High
41,Yamuna Vihar,Residential,2021,7,Jul,70.41,59.93,60.95,51.84,High
41,Yamuna Vihar,Residential,2021,8,Aug,70.84,59.76,60.95,51.84,High
41,Yamuna Vihar,Residential,2021,9,Sep,69.78,59.78,60.95,51.84,High
41,Yamuna Vihar,Residential,2021,10,Oct,70.57,59.92,60.95,51.84,High
41,Yamuna Vihar,Residential,2021,11,Nov,70.47,59.82,60.95,51.84,High
41,Yamuna Vihar,Residential,2021,12,Dec,68.63,59.2,60.95,51.84,High
41,Yamuna Vihar,Residential,2022,1,Jan,71.28,61.0,60.95,51.84,Critical
41,Yamuna Vihar,Residential,2022,2,Feb,70.65,61.72,60.95,51.84,Critical
41,Yamuna Vihar,Residential,2022,3,Mar,72.41,61.3,60.95,51.84,Critical
41,Yamuna Vihar,Residential,2022,4,Apr,72.97,62.16,60.95,51.84,Critical
41,Yamuna Vihar,Residential,2022,5,May,73.15,61.94,60.95,51.84,Critical
41,Yamuna Vihar,Residential,2022,6,Jun,73.05,61.82,60.95,51.84,Critical
41,Yamuna Vihar,Residential,2022,7,Jul,72.61,61.51,60.95,51.84,Critical
41,Yamuna Vihar,Residential,2022,8,Aug,72.23,61.15,60.95,51.84,Critical
41,Yamuna Vihar,Residential,2022,9,Sep,72.27,60.85,60.95,51.84,Critical
41,Yamuna Vihar,Residential,2022,10,Oct,72.58,61.55,60.95,51.84,Critical
41,Yamuna Vihar,Residential,2022,11,Nov,72.26,61.1,60.95,51.84,Critical
41,Yamuna Vihar,Residential,2022,12,Dec,72.93,61.37,60.95,51.84,Critical
41,Yamuna Vihar,Residential,2023,1,Jan,71.6,61.43,60.95,51.84,Critical
41,Yamuna Vihar,Residential,2023,2,Feb,72.06,61.16,60.95,51.84,Critical
41,Yamuna Vihar,Residential,2023,3,Mar,72.26,61.89,60.95,51.84,Critical
41,Yamuna Vihar,Residential,2023,4,Apr,72.83,62.25,60.95,51.84,Critical
41,Yamuna Vihar,Residential,2023,5,May,73.8,62.57,60.95,51.84,Critical
41,Yamuna Vihar,Residential,2023,6,Jun,73.26,62.5,60.95,51.84,Critical
41,Yamuna Vihar,Residential,2023,7,Jul,73.65,62.12,60.95,51.84,Critical
41,Yamuna Vihar,Residential,2023,8,Aug,72.79,62.54,60.95,51.84,Critical
41,Yamuna Vihar,Residential,2023,9,Sep,72.99,62.05,60.95,51.84,Critical
41,Yamuna Vihar,Residential,2023,10,Oct,72.77,61.69,60.95,51.84,Critical
41,Yamuna Vihar,Residential,2023,11,Nov,72.57,61.72,60.95,51.84,Critical
41,Yamuna Vihar,Residential,2023,12,Dec,71.87,61.46,60.95,51.84,Critical
41,Yamuna Vihar,Residential,2024,1,Jan,72.12,61.42,60.95,51.84,Critical
41,Yamuna Vihar,Residential,2024,2,Feb,73.27,62.04,60.95,51.84,Critical
41,Yamuna Vihar,Residential,2024,3,Mar,73.34,61.85,60.95,51.84,Critical
41,Yamuna Vihar,Residential,2024,4,Apr,73.39,62.25,60.95,51.84,Critical
41,Yamuna Vihar,Residential,2024,5,May,74.36,62.84,60.95,51.84,Critical
41,Yamuna Vihar,Residential,2024,6,Jun,74.1,62.41,60.95,51.84,Critical
41,Yamuna Vihar,Residential,2024,7,Jul,74.21,62.41,60.95,51.84,Critical
41,Yamuna Vihar,Residential,2024,8,Aug,73.59,62.86,60.95,51.84,Critical
41,Yamuna Vihar,Residential,2024,9,Sep,73.93,62.31,60.95,51.84,Critical
41,Yamuna Vihar,Residential,2024,10,Oct,73.29,62.52,60.95,51.84,Critical
41,Yamuna Vihar,Residential,2024,11,Nov,73.93,62.05,60.95,51.84,Critical
41,Yamuna Vihar,Residential,2024,12,Dec,73.54,62.25,60.95,51.84,Critical
