S_No,Location,City,Zone_Type,DPCC_Day_Std_dB,DPCC_Night_Std_dB,Year,Month,Month_Name,Noise_Day_dB,Noise_Night_dB,Excess_Day_dB,Excess_Night_dB,Zone_Category
1,Karol Bagh,Delhi,Commercial,65,55,2020,1,Jan,69.62,60.87,4.62,5.87,High
1,Karol Bagh,Delhi,Commercial,65,55,2020,2,Feb,69.86,61.4,4.86,6.4,High
1,Karol Bagh,Delhi,Commercial,65,55,2020,3,Mar,70.24,61.45,5.24,6.45,High
1,Karol Bagh,Delhi,Commercial,65,55,2020,4,Apr,71.09,61.85,6.09,6.85,High
1,Karol Bagh,Delhi,Commercial,65,55,2020,5,May,70.88,62.01,5.88,7.01,High
1,Karol Bagh,Delhi,Commercial,65,55,2020,6,Jun,71.08,62.01,6.08,7.01,High
1,Karol Bagh,Delhi,Commercial,65,55,2020,7,Jul,70.86,61.42,5.86,6.42,High
1,Karol Bagh,Delhi,Commercial,65,55,2020,8,Aug,70.07,61.49,5.07,6.49,High
1,Karol Bagh,Delhi,Commercial,65,55,2020,9,Sep,70.05,61.56,5.05,6.56,High
1,Karol Bagh,Delhi,Commercial,65,55,2020,10,Oct,70.27,61.42,5.27,6.42,High
1,Karol Bagh,Delhi,Commercial,65,55,2020,11,Nov,70.57,61.35,5.57,6.35,High
1,Karol Bagh,Delhi,Commercial,65,55,2020,12,Dec,69.62,60.72,4.62,5.72,High
1,Karol Bagh,Delhi,Commercial,65,55,2021,1,Jan,71.36,62.32,6.36,7.32,High
1,Karol Bagh,Delhi,Commercial,65,55,2021,2,Feb,71.41,62.58,6.41,7.58,High
1,Karol Bagh,Delhi,Commercial,65,55,2021,3,Mar,72.15,62.84,7.15,7.84,High
1,Karol Bagh,Delhi,Commercial,65,55,2021,4,Apr,72.55,63.47,7.55,8.47,High
1,Karol Bagh,Delhi,Commercial,65,55,2021,5,May,73.0,63.09,8.0,8.09,High
1,Karol Bagh,Delhi,Commercial,65,55,2021,6,Jun,73.41,63.26,8.41,8.26,High
1,Karol Bagh,Delhi,Commercial,65,55,2021,7,Jul,72.85,62.81,7.85,7.81,High
1,Karol Bagh,Delhi,Commercial,65,55,2021,8,Aug,72.17,63.04,7.17,8.04,High
1,Karol Bagh,Delhi,Commercial,65,55,2021,9,Sep,72.48,62.93,7.48,7.93,High
1,Karol Bagh,Delhi,Commercial,65,55,2021,10,Oct,72.47,63.04,7.47,8.04,High
1,Karol Bagh,Delhi,Commercial,65,55,2021,11,Nov,71.83,62.66,6.83,7.66,High
1,Karol Bagh,Delhi,Commercial,65,55,2021,12,Dec,71.48,62.61,6.48,7.61,High
1,Karol Bagh,Delhi,Commercial,65,55,2022,1,Jan,72.99,63.15,7.99,8.15,High
1,Karol Bagh,Delhi,Commercial,65,55,2022,2,Feb,73.18,63.62,8.18,8.62,High
1,Karol Bagh,Delhi,Commercial,65,55,2022,3,Mar,73.53,64.22,8.53,9.22,High
1,Karol Bagh,Delhi,Commercial,65,55,2022,4,Apr,74.36,64.49,9.36,9.49,High
1,Karol Bagh,Delhi,Commercial,65,55,2022,5,May,74.19,64.44,9.19,9.44,High
1,Karol Bagh,Delhi,Commercial,65,55,2022,6,Jun,74.68,64.9,9.68,9.9,High
1,Karol Bagh,Delhi,Commercial,65,55,2022,7,Jul,74.08,64.36,9.08,9.36,High
1,Karol Bagh,Delhi,Commercial,65,55,2022,8,Aug,73.62,63.96,8.62,8.96,High
1,Karol Bagh,Delhi,Commercial,65,55,2022,9,Sep,73.9,64.37,8.9,9.37,High
1,Karol Bagh,Delhi,Commercial,65,55,2022,10,Oct,73.88,64.5,8.88,9.5,High
1,Karol Bagh,Delhi,Commercial,65,55,2022,11,Nov,73.69,63.87,8.69,8.87,High
1,Karol Bagh,Delhi,Commercial,65,55,2022,12,Dec,73.09,63.91,8.09,8.91,High
1,Karol Bagh,Delhi,Commercial,65,55,2023,1,Jan,73.69,64.41,8.69,9.41,High
1,Karol Bagh,Delhi,Commercial,65,55,2023,2,Feb,73.25,64.46,8.25,9.46,High
1,Karol Bagh,Delhi,Commercial,65,55,2023,3,Mar,74.52,64.64,9.52,9.64,High
1,Karol Bagh,Delhi,Commercial,65,55,2023,4,Apr,74.92,64.5,9.92,9.5,High
1,Karol Bagh,Delhi,Commercial,65,55,2023,5,May,75.15,65.17,10.15,10.17,High
1,Karol Bagh,Delhi,Commercial,65,55,2023,6,Jun,75.77,65.2,10.77,10.2,High
1,Karol Bagh,Delhi,Commercial,65,55,2023,7,Jul,74.8,64.9,9.8,9.9,High
1,Karol Bagh,Delhi,Commercial,65,55,2023,8,Aug,74.93,64.87,9.93,9.87,High
1,Karol Bagh,Delhi,Commercial,65,55,2023,9,Sep,74.37,64.8,9.37,9.8,High
1,Karol Bagh,Delhi,Commercial,65,55,2023,10,Oct,74.72,65.09,9.72,10.09,High
1,Karol Bagh,Delhi,Commercial,65,55,2023,11,Nov,74.22,64.53,9.22,9.53,High
1,Karol Bagh,Delhi,Commercial,65,55,2023,12,Dec,73.7,63.91,8.7,8.91,High
1,Karol Bagh,Delhi,Commercial,65,55,2024,1,Jan,74.67,64.85,9.67,9.85,High
1,Karol Bagh,Delhi,Commercial,65,55,2024,2,Feb,74.8,64.95,9.8,9.95,High
1,Karol Bagh,Delhi,Commercial,65,55,2024,3,Mar,75.05,65.32,10.05,10.32,High
1,Karol Bagh,Delhi,Commercial,65,55,2024,4,Apr,75.71,65.44,10.71,10.44,High
1,Karol Bagh,Delhi,Commercial,65,55,2024,5,May,76.06,65.88,11.06,10.88,High
1,Karol Bagh,Delhi,Commercial,65,55,2024,6,Jun,76.77,66.03,11.77,11.03,High
1,Karol Bagh,Delhi,Commercial,65,55,2024,7,Jul,75.96,65.69,10.96,10.69,High
1,Karol Bagh,Delhi,Commercial,65,55,2024,8,Aug,75.12,65.49,10.12,10.49,High
1,Karol Bagh,Delhi,Commercial,65,55,2024,9,Sep,75.42,65.89,10.42,10.89,High
1,Karol Bagh,Delhi,Commercial,65,55,2024,10,Oct,75.55,65.66,10.55,10.66,High
1,Karol Bagh,Delhi,Commercial,65,55,2024,11,Nov,75.29,65.07,10.29,10.07,High
1,Karol Bagh,Delhi,Commercial,65,55,2024,12,Dec,74.99,65.05,9.99,10.05,High
2,Anand Vihar,Delhi,Commercial,65,55,2020,1,Jan,68.1,59.22,3.1,4.22,Moderate
2,Anand Vihar,Delhi,Commercial,65,55,2020,2,Feb,68.45,59.32,3.45,4.32,Moderate
2,Anand Vihar,Delhi,Commercial,65,55,2020,3,Mar,68.85,60.44,3.85,5.44,High
2,Anand Vihar,Delhi,Commercial,65,55,2020,4,Apr,68.85,60.09,3.85,5.09,High
2,Anand Vihar,Delhi,Commercial,65,55,2020,5,May,69.42,60.3,4.42,5.3,High
2,Anand Vihar,Delhi,Commercial,65,55,2020,6,Jun,69.21,60.61,4.21,5.61,High
2,Anand Vihar,Delhi,Commercial,65,55,2020,7,Jul,68.93,60.39,3.93,5.39,High
2,Anand Vihar,Delhi,Commercial,65,55,2020,8,Aug,68.67,60.41,3.67,5.41,High
2,Anand Vihar,Delhi,Commercial,65,55,2020,9,Sep,68.5,59.94,3.5,4.94,Moderate
2,Anand Vihar,Delhi,Commercial,65,55,2020,10,Oct,69.1,59.95,4.1,4.95,Moderate
2,Anand Vihar,Delhi,Commercial,65,55,2020,11,Nov,68.66,60.16,3.66,5.16,High
2,Anand Vihar,Delhi,Commercial,65,55,2020,12,Dec,67.6,59.54,2.6,4.54,Moderate
2,Anand Vihar,Delhi,Commercial,65,55,2021,1,Jan,69.96,60.96,4.96,5.96,High
2,Anand Vihar,Delhi,Commercial,65,55,2021,2,Feb,69.79,60.74,4.79,5.74,High
2,Anand Vihar,Delhi,Commercial,65,55,2021,3,Mar,70.83,61.46,5.83,6.46,High
2,Anand Vihar,Delhi,Commercial,65,55,2021,4,Apr,71.16,61.67,6.16,6.67,High
2,Anand Vihar,Delhi,Commercial,65,55,2021,5,May,71.23,61.85,6.23,6.85,High
2,Anand Vihar,Delhi,Commercial,65,55,2021,6,Jun,71.67,61.86,6.67,6.86,High
2,Anand Vihar,Delhi,Commercial,65,55,2021,7,Jul,71.67,61.79,6.67,6.79,High
2,Anand Vihar,Delhi,Commercial,65,55,2021,8,Aug,70.6,61.63,5.6,6.63,High
2,Anand Vihar,Delhi,Commercial,65,55,2021,9,Sep,70.46,61.56,5.46,6.56,High
2,Anand Vihar,Delhi,Commercial,65,55,2021,10,Oct,71.19,61.44,6.19,6.44,High
2,Anand Vihar,Delhi,Commercial,65,55,2021,11,Nov,70.84,61.38,5.84,6.38,High
2,Anand Vihar,Delhi,Commercial,65,55,2021,12,Dec,70.21,61.28,5.21,6.28,High
2,Anand Vihar,Delhi,Commercial,65,55,2022,1,Jan,71.24,61.85,6.24,6.85,High
2,Anand Vihar,Delhi,Commercial,65,55,2022,2,Feb,71.28,62.04,6.28,7.04,High
2,Anand Vihar,Delhi,Commercial,65,55,2022,3,Mar,72.08,62.67,7.08,7.67,High
2,Anand Vihar,Delhi,Commercial,65,55,2022,4,Apr,72.57,62.97,7.57,7.97,High
2,Anand Vihar,Delhi,Commercial,65,55,2022,5,May,72.8,63.29,7.8,8.29,High
2,Anand Vihar,Delhi,Commercial,65,55,2022,6,Jun,72.93,63.74,7.93,8.74,High
2,Anand Vihar,Delhi,Commercial,65,55,2022,7,Jul,72.76,62.73,7.76,7.73,High
2,Anand Vihar,Delhi,Commercial,65,55,2022,8,Aug,72.03,62.8,7.03,7.8,High
2,Anand Vihar,Delhi,Commercial,65,55,2022,9,Sep,72.04,62.74,7.04,7.74,High
2,Anand Vihar,Delhi,Commercial,65,55,2022,10,Oct,72.42,62.79,7.42,7.79,High
2,Anand Vihar,Delhi,Commercial,65,55,2022,11,Nov,71.79,62.2,6.79,7.2,High
2,Anand Vihar,Delhi,Commercial,65,55,2022,12,Dec,71.29,62.27,6.29,7.27,High
2,Anand Vihar,Delhi,Commercial,65,55,2023,1,Jan,72.15,62.35,7.15,7.35,High
2,Anand Vihar,Delhi,Commercial,65,55,2023,2,Feb,72.34,62.88,7.34,7.88,High
2,Anand Vihar,Delhi,Commercial,65,55,2023,3,Mar,72.68,63.23,7.68,8.23,High
2,Anand Vihar,Delhi,Commercial,65,55,2023,4,Apr,73.31,63.17,8.31,8.17,High
2,Anand Vihar,Delhi,Commercial,65,55,2023,5,May,73.69,63.71,8.69,8.71,High
2,Anand Vihar,Delhi,Commercial,65,55,2023,6,Jun,74.07,64.01,9.07,9.01,High
2,Anand Vihar,Delhi,Commercial,65,55,2023,7,Jul,73.06,63.31,8.06,8.31,High
2,Anand Vihar,Delhi,Commercial,65,55,2023,8,Aug,73.23,63.4,8.23,8.4,High
2,Anand Vihar,Delhi,Commercial,65,55,2023,9,Sep,73.03,63.97,8.03,8.97,High
2,Anand Vihar,Delhi,Commercial,65,55,2023,10,Oct,73.24,63.63,8.24,8.63,High
2,Anand Vihar,Delhi,Commercial,65,55,2023,11,Nov,73.04,63.23,8.04,8.23,High
2,Anand Vihar,Delhi,Commercial,65,55,2023,12,Dec,72.12,62.85,7.12,7.85,High
2,Anand Vihar,Delhi,Commercial,65,55,2024,1,Jan,72.81,63.25,7.81,8.25,High
2,Anand Vihar,Delhi,Commercial,65,55,2024,2,Feb,73.08,63.52,8.08,8.52,High
2,Anand Vihar,Delhi,Commercial,65,55,2024,3,Mar,74.38,63.53,9.38,8.53,High
2,Anand Vihar,Delhi,Commercial,65,55,2024,4,Apr,74.37,63.78,9.37,8.78,High
2,Anand Vihar,Delhi,Commercial,65,55,2024,5,May,74.38,64.52,9.38,9.52,High
2,Anand Vihar,Delhi,Commercial,65,55,2024,6,Jun,74.72,64.28,9.72,9.28,High
2,Anand Vihar,Delhi,Commercial,65,55,2024,7,Jul,74.12,64.34,9.12,9.34,High
2,Anand Vihar,Delhi,Commercial,65,55,2024,8,Aug,73.82,64.04,8.82,9.04,High
2,Anand Vihar,Delhi,Commercial,65,55,2024,9,Sep,73.81,63.77,8.81,8.77,High
2,Anand Vihar,Delhi,Commercial,65,55,2024,10,Oct,74.54,64.23,9.54,9.23,High
2,Anand Vihar,Delhi,Commercial,65,55,2024,11,Nov,73.19,63.84,8.19,8.84,High
2,Anand Vihar,Delhi,Commercial,65,55,2024,12,Dec,72.93,63.57,7.93,8.57,High
3,Pahar Ganj,Delhi,Commercial,65,55,2020,1,Jan,66.5,58.18,1.5,3.18,Moderate
3,Pahar Ganj,Delhi,Commercial,65,55,2020,2,Feb,67.03,58.57,2.03,3.57,Moderate
3,Pahar Ganj,Delhi,Commercial,65,55,2020,3,Mar,67.2,58.73,2.2,3.73,Moderate
3,Pahar Ganj,Delhi,Commercial,65,55,2020,4,Apr,67.78,58.87,2.78,3.87,Moderate
3,Pahar Ganj,Delhi,Commercial,65,55,2020,5,May,68.64,59.28,3.64,4.28,Moderate
3,Pahar Ganj,Delhi,Commercial,65,55,2020,6,Jun,68.08,59.58,3.08,4.58,Moderate
3,Pahar Ganj,Delhi,Commercial,65,55,2020,7,Jul,68.53,59.31,3.53,4.31,Moderate
3,Pahar Ganj,Delhi,Commercial,65,55,2020,8,Aug,67.32,58.8,2.32,3.8,Moderate
3,Pahar Ganj,Delhi,Commercial,65,55,2020,9,Sep,67.82,58.66,2.82,3.66,Moderate
3,Pahar Ganj,Delhi,Commercial,65,55,2020,10,Oct,67.81,59.15,2.81,4.15,Moderate
3,Pahar Ganj,Delhi,Commercial,65,55,2020,11,Nov,67.17,58.69,2.17,3.69,Moderate
3,Pahar Ganj,Delhi,Commercial,65,55,2020,12,Dec,65.99,58.1,0.99,3.1,Moderate
3,Pahar Ganj,Delhi,Commercial,65,55,2021,1,Jan,68.64,59.35,3.64,4.35,Moderate
3,Pahar Ganj,Delhi,Commercial,65,55,2021,2,Feb,69.31,59.51,4.31,4.51,Moderate
3,Pahar Ganj,Delhi,Commercial,65,55,2021,3,Mar,69.39,60.23,4.39,5.23,High
3,Pahar Ganj,Delhi,Commercial,65,55,2021,4,Apr,70.26,60.11,5.26,5.11,High
3,Pahar Ganj,Delhi,Commercial,65,55,2021,5,May,70.49,60.6,5.49,5.6,High
3,Pahar Ganj,Delhi,Commercial,65,55,2021,6,Jun,70.15,60.89,5.15,5.89,High
3,Pahar Ganj,Delhi,Commercial,65,55,2021,7,Jul,70.05,60.38,5.05,5.38,High
3,Pahar Ganj,Delhi,Commercial,65,55,2021,8,Aug,69.72,60.22,4.72,5.22,High
3,Pahar Ganj,Delhi,Commercial,65,55,2021,9,Sep,69.53,60.33,4.53,5.33,High
3,Pahar Ganj,Delhi,Commercial,65,55,2021,10,Oct,70.1,60.15,5.1,5.15,High
3,Pahar Ganj,Delhi,Commercial,65,55,2021,11,Nov,69.93,59.71,4.93,4.71,Moderate
3,Pahar Ganj,Delhi,Commercial,65,55,2021,12,Dec,68.76,59.82,3.76,4.82,Moderate
3,Pahar Ganj,Delhi,Commercial,65,55,2022,1,Jan,70.17,60.68,5.17,5.68,High
3,Pahar Ganj,Delhi,Commercial,65,55,2022,2,Feb,70.25,60.9,5.25,5.9,High
3,Pahar Ganj,Delhi,Commercial,65,55,2022,3,Mar,70.75,61.57,5.75,6.57,High
3,Pahar Ganj,Delhi,Commercial,65,55,2022,4,Apr,71.39,61.46,6.39,6.46,High
3,Pahar Ganj,Delhi,Commercial,65,55,2022,5,May,71.82,61.86,6.82,6.86,High
3,Pahar Ganj,Delhi,Commercial,65,55,2022,6,Jun,72.0,62.13,7.0,7.13,High
3,Pahar Ganj,Delhi,Commercial,65,55,2022,7,Jul,71.19,61.59,6.19,6.59,High
3,Pahar Ganj,Delhi,Commercial,65,55,2022,8,Aug,71.29,61.62,6.29,6.62,High
3,Pahar Ganj,Delhi,Commercial,65,55,2022,9,Sep,70.89,61.42,5.89,6.42,High
3,Pahar Ganj,Delhi,Commercial,65,55,2022,10,Oct,71.42,61.48,6.42,6.48,High
3,Pahar Ganj,Delhi,Commercial,65,55,2022,11,Nov,70.94,61.26,5.94,6.26,High
3,Pahar Ganj,Delhi,Commercial,65,55,2022,12,Dec,70.15,61.12,5.15,6.12,High
3,Pahar Ganj,Delhi,Commercial,65,55,2023,1,Jan,71.11,61.56,6.11,6.56,High
3,Pahar Ganj,Delhi,Commercial,65,55,2023,2,Feb,71.43,61.6,6.43,6.6,High
3,Pahar Ganj,Delhi,Commercial,65,55,2023,3,Mar,71.87,61.94,6.87,6.94,High
3,Pahar Ganj,Delhi,Commercial,65,55,2023,4,Apr,72.18,62.17,7.18,7.17,High
3,Pahar Ganj,Delhi,Commercial,65,55,2023,5,May,72.42,62.52,7.42,7.52,High
3,Pahar Ganj,Delhi,Commercial,65,55,2023,6,Jun,72.4,63.02,7.4,8.02,High
3,Pahar Ganj,Delhi,Commercial,65,55,2023,7,Jul,71.95,62.06,6.95,7.06,High
3,Pahar Ganj,Delhi,Commercial,65,55,2023,8,Aug,72.19,62.26,7.19,7.26,High
3,Pahar Ganj,Delhi,Commercial,65,55,2023,9,Sep,71.86,62.13,6.86,7.13,High
3,Pahar Ganj,Delhi,Commercial,65,55,2023,10,Oct,71.9,62.02,6.9,7.02,High
3,Pahar Ganj,Delhi,Commercial,65,55,2023,11,Nov,71.62,61.76,6.62,6.76,High
3,Pahar Ganj,Delhi,Commercial,65,55,2023,12,Dec,71.24,61.47,6.24,6.47,High
3,Pahar Ganj,Delhi,Commercial,65,55,2024,1,Jan,71.59,62.04,6.59,7.04,High
3,Pahar Ganj,Delhi,Commercial,65,55,2024,2,Feb,72.1,62.19,7.1,7.19,High
3,Pahar Ganj,Delhi,Commercial,65,55,2024,3,Mar,72.39,62.75,7.39,7.75,High
3,Pahar Ganj,Delhi,Commercial,65,55,2024,4,Apr,73.06,62.8,8.06,7.8,High
3,Pahar Ganj,Delhi,Commercial,65,55,2024,5,May,73.18,63.15,8.18,8.15,High
3,Pahar Ganj,Delhi,Commercial,65,55,2024,6,Jun,73.14,63.02,8.14,8.02,High
3,Pahar Ganj,Delhi,Commercial,65,55,2024,7,Jul,72.92,62.96,7.92,7.96,High
3,Pahar Ganj,Delhi,Commercial,65,55,2024,8,Aug,72.88,63.1,7.88,8.1,High
3,Pahar Ganj,Delhi,Commercial,65,55,2024,9,Sep,72.81,62.67,7.81,7.67,High
3,Pahar Ganj,Delhi,Commercial,65,55,2024,10,Oct,72.8,62.7,7.8,7.7,High
3,Pahar Ganj,Delhi,Commercial,65,55,2024,11,Nov,72.5,62.54,7.5,7.54,High
3,Pahar Ganj,Delhi,Commercial,65,55,2024,12,Dec,71.98,62.03,6.98,7.03,High
4,Lajpat Nagar,Delhi,Commercial,65,55,2020,1,Jan,65.63,57.91,0.63,2.91,Moderate
4,Lajpat Nagar,Delhi,Commercial,65,55,2020,2,Feb,65.67,57.88,0.67,2.88,Moderate
4,Lajpat Nagar,Delhi,Commercial,65,55,2020,3,Mar,66.47,58.12,1.47,3.12,Moderate
4,Lajpat Nagar,Delhi,Commercial,65,55,2020,4,Apr,66.76,58.4,1.76,3.4,Moderate
4,Lajpat Nagar,Delhi,Commercial,65,55,2020,5,May,67.02,58.45,2.02,3.45,Moderate
4,Lajpat Nagar,Delhi,Commercial,65,55,2020,6,Jun,67.21,58.9,2.21,3.9,Moderate
4,Lajpat Nagar,Delhi,Commercial,65,55,2020,7,Jul,67.16,58.69,2.16,3.69,Moderate
4,Lajpat Nagar,Delhi,Commercial,65,55,2020,8,Aug,67.04,58.15,2.04,3.15,Moderate
4,Lajpat Nagar,Delhi,Commercial,65,55,2020,9,Sep,66.52,58.24,1.52,3.24,Moderate
4,Lajpat Nagar,Delhi,Commercial,65,55,2020,10,Oct,67.05,58.24,2.05,3.24,Moderate
4,Lajpat Nagar,Delhi,Commercial,65,55,2020,11,Nov,65.99,57.98,0.99,2.98,Moderate
4,Lajpat Nagar,Delhi,Commercial,65,55,2020,12,Dec,65.07,57.59,0.07,2.59,Moderate
4,Lajpat Nagar,Delhi,Commercial,65,55,2021,1,Jan,67.31,59.03,2.31,4.03,Moderate
4,Lajpat Nagar,Delhi,Commercial,65,55,2021,2,Feb,67.79,59.58,2.79,4.58,Moderate
4,Lajpat Nagar,Delhi,Commercial,65,55,2021,3,Mar,68.54,59.48,3.54,4.48,Moderate
4,Lajpat Nagar,Delhi,Commercial,65,55,2021,4,Apr,68.48,59.9,3.48,4.9,Moderate
4,Lajpat Nagar,Delhi,Commercial,65,55,2021,5,May,68.67,60.37,3.67,5.37,High
4,Lajpat Nagar,Delhi,Commercial,65,55,2021,6,Jun,69.49,60.11,4.49,5.11,High
4,Lajpat Nagar,Delhi,Commercial,65,55,2021,7,Jul,68.37,60.17,3.37,5.17,High
4,Lajpat Nagar,Delhi,Commercial,65,55,2021,8,Aug,68.47,59.95,3.47,4.95,Moderate
4,Lajpat Nagar,Delhi,Commercial,65,55,2021,9,Sep,67.9,59.48,2.9,4.48,Moderate
4,Lajpat Nagar,Delhi,Commercial,65,55,2021,10,Oct,68.5,59.81,3.5,4.81,Moderate
4,Lajpat Nagar,Delhi,Commercial,65,55,2021,11,Nov,68.09,59.62,3.09,4.62,Moderate
4,Lajpat Nagar,Delhi,Commercial,65,55,2021,12,Dec,67.33,59.07,2.33,4.07,Moderate
4,Lajpat Nagar,Delhi,Commercial,65,55,2022,1,Jan,68.93,60.3,3.93,5.3,High
4,Lajpat Nagar,Delhi,Commercial,65,55,2022,2,Feb,69.28,60.18,4.28,5.18,High
4,Lajpat Nagar,Delhi,Commercial,65,55,2022,3,Mar,69.32,61.06,4.32,6.06,High
4,Lajpat Nagar,Delhi,Commercial,65,55,2022,4,Apr,70.18,60.85,5.18,5.85,High
4,Lajpat Nagar,Delhi,Commercial,65,55,2022,5,May,70.79,61.22,5.79,6.22,High
4,Lajpat Nagar,Delhi,Commercial,65,55,2022,6,Jun,70.89,61.41,5.89,6.41,High
4,Lajpat Nagar,Delhi,Commercial,65,55,2022,7,Jul,70.72,61.45,5.72,6.45,High
4,Lajpat Nagar,Delhi,Commercial,65,55,2022,8,Aug,69.84,61.09,4.84,6.09,High
4,Lajpat Nagar,Delhi,Commercial,65,55,2022,9,Sep,69.86,61.07,4.86,6.07,High
4,Lajpat Nagar,Delhi,Commercial,65,55,2022,10,Oct,69.66,61.14,4.66,6.14,High
4,Lajpat Nagar,Delhi,Commercial,65,55,2022,11,Nov,69.86,60.35,4.86,5.35,High
4,Lajpat Nagar,Delhi,Commercial,65,55,2022,12,Dec,68.7,59.89,3.7,4.89,Moderate
4,Lajpat Nagar,Delhi,Commercial,65,55,2023,1,Jan,69.63,60.94,4.63,5.94,High
4,Lajpat Nagar,Delhi,Commercial,65,55,2023,2,Feb,70.28,61.01,5.28,6.01,High
4,Lajpat Nagar,Delhi,Commercial,65,55,2023,3,Mar,70.91,61.12,5.91,6.12,High
4,Lajpat Nagar,Delhi,Commercial,65,55,2023,4,Apr,70.47,61.59,5.47,6.59,High
4,Lajpat Nagar,Delhi,Commercial,65,55,2023,5,May,71.3,61.79,6.3,6.79,High
4,Lajpat Nagar,Delhi,Commercial,65,55,2023,6,Jun,70.88,61.98,5.88,6.98,High
4,Lajpat Nagar,Delhi,Commercial,65,55,2023,7,Jul,70.67,61.83,5.67,6.83,High
4,Lajpat Nagar,Delhi,Commercial,65,55,2023,8,Aug,70.79,61.31,5.79,6.31,High
4,Lajpat Nagar,Delhi,Commercial,65,55,2023,9,Sep,70.37,61.19,5.37,6.19,High
4,Lajpat Nagar,Delhi,Commercial,65,55,2023,10,Oct,70.68,61.79,5.68,6.79,High
4,Lajpat Nagar,Delhi,Commercial,65,55,2023,11,Nov,70.15,61.4,5.15,6.4,High
4,Lajpat Nagar,Delhi,Commercial,65,55,2023,12,Dec,69.67,60.74,4.67,5.74,High
4,Lajpat Nagar,Delhi,Commercial,65,55,2024,1,Jan,70.57,61.29,5.57,6.29,High
4,Lajpat Nagar,Delhi,Commercial,65,55,2024,2,Feb,70.66,61.46,5.66,6.46,High
4,Lajpat Nagar,Delhi,Commercial,65,55,2024,3,Mar,71.89,62.11,6.89,7.11,High
4,Lajpat Nagar,Delhi,Commercial,65,55,2024,4,Apr,71.63,62.34,6.63,7.34,High
4,Lajpat Nagar,Delhi,Commercial,65,55,2024,5,May,72.07,62.46,7.07,7.46,High
4,Lajpat Nagar,Delhi,Commercial,65,55,2024,6,Jun,72.45,62.85,7.45,7.85,High
4,Lajpat Nagar,Delhi,Commercial,65,55,2024,7,Jul,71.77,62.28,6.77,7.28,High
4,Lajpat Nagar,Delhi,Commercial,65,55,2024,8,Aug,71.53,61.74,6.53,6.74,High
4,Lajpat Nagar,Delhi,Commercial,65,55,2024,9,Sep,71.02,62.37,6.02,7.37,High
4,Lajpat Nagar,Delhi,Commercial,65,55,2024,10,Oct,72.01,62.25,7.01,7.25,High
4,Lajpat Nagar,Delhi,Commercial,65,55,2024,11,Nov,71.44,62.06,6.44,7.06,High
4,Lajpat Nagar,Delhi,Commercial,65,55,2024,12,Dec,71.47,61.82,6.47,6.82,High
5,Daryaganj,Delhi,Commercial,65,55,2020,1,Jan,64.87,56.21,-0.13,1.21,Moderate
5,Daryaganj,Delhi,Commercial,65,55,2020,2,Feb,64.7,56.64,-0.3,1.64,Moderate
5,Daryaganj,Delhi,Commercial,65,55,2020,3,Mar,65.51,56.72,0.51,1.72,Moderate
5,Daryaganj,Delhi,Commercial,65,55,2020,4,Apr,65.94,56.98,0.94,1.98,Moderate
5,Daryaganj,Delhi,Commercial,65,55,2020,5,May,66.82,57.58,1.82,2.58,Moderate
5,Daryaganj,Delhi,Commercial,65,55,2020,6,Jun,66.6,57.9,1.6,2.9,Moderate
5,Daryaganj,Delhi,Commercial,65,55,2020,7,Jul,66.22,57.13,1.22,2.13,Moderate
5,Daryaganj,Delhi,Commercial,65,55,2020,8,Aug,66.28,57.21,1.28,2.21,Moderate
5,Daryaganj,Delhi,Commercial,65,55,2020,9,Sep,65.44,56.96,0.44,1.96,Moderate
5,Daryaganj,Delhi,Commercial,65,55,2020,10,Oct,65.68,56.92,0.68,1.92,Moderate
5,Daryaganj,Delhi,Commercial,65,55,2020,11,Nov,65.83,57.28,0.83,2.28,Moderate
5,Daryaganj,Delhi,Commercial,65,55,2020,12,Dec,64.65,56.61,-0.35,1.61,Moderate
5,Daryaganj,Delhi,Commercial,65,55,2021,1,Jan,66.74,57.7,1.74,2.7,Moderate
5,Daryaganj,Delhi,Commercial,65,55,2021,2,Feb,66.95,57.83,1.95,2.83,Moderate
5,Daryaganj,Delhi,Commercial,65,55,2021,3,Mar,67.71,58.23,2.71,3.23,Moderate
5,Daryaganj,Delhi,Commercial,65,55,2021,4,Apr,68.17,58.59,3.17,3.59,Moderate
5,Daryaganj,Delhi,Commercial,65,55,2021,5,May,68.34,58.62,3.34,3.62,Moderate
5,Daryaganj,Delhi,Commercial,65,55,2021,6,Jun,68.46,59.15,3.46,4.15,Moderate
5,Daryaganj,Delhi,Commercial,65,55,2021,7,Jul,68.33,58.5,3.33,3.5,Moderate
5,Daryaganj,Delhi,Commercial,65,55,2021,8,Aug,67.92,58.65,2.92,3.65,Moderate
5,Daryaganj,Delhi,Commercial,65,55,2021,9,Sep,67.28,58.51,2.28,3.51,Moderate
5,Daryaganj,Delhi,Commercial,65,55,2021,10,Oct,67.73,58.71,2.73,3.71,Moderate
5,Daryaganj,Delhi,Commercial,65,55,2021,11,Nov,67.41,57.94,2.41,2.94,Moderate
5,Daryaganj,Delhi,Commercial,65,55,2021,12,Dec,66.59,57.91,1.59,2.91,Moderate
5,Daryaganj,Delhi,Commercial,65,55,2022,1,Jan,68.36,58.82,3.36,3.82,Moderate
5,Daryaganj,Delhi,Commercial,65,55,2022,2,Feb,68.66,58.87,3.66,3.87,Moderate
5,Daryaganj,Delhi,Commercial,65,55,2022,3,Mar,69.08,59.36,4.08,4.36,Moderate
5,Daryaganj,Delhi,Commercial,65,55,2022,4,Apr,69.34,59.81,4.34,4.81,Moderate
5,Daryaganj,Delhi,Commercial,65,55,2022,5,May,69.58,59.92,4.58,4.92,Moderate
5,Daryaganj,Delhi,Commercial,65,55,2022,6,Jun,70.25,60.08,5.25,5.08,High
5,Daryaganj,Delhi,Commercial,65,55,2022,7,Jul,69.81,59.67,4.81,4.67,Moderate
5,Daryaganj,Delhi,Commercial,65,55,2022,8,Aug,69.43,59.99,4.43,4.99,Moderate
5,Daryaganj,Delhi,Commercial,65,55,2022,9,Sep,68.48,59.44,3.48,4.44,Moderate
5,Daryaganj,Delhi,Commercial,65,55,2022,10,Oct,69.44,59.76,4.44,4.76,Moderate
5,Daryaganj,Delhi,Commercial,65,55,2022,11,Nov,69.09,59.38,4.09,4.38,Moderate
5,Daryaganj,Delhi,Commercial,65,55,2022,12,Dec,68.42,59.07,3.42,4.07,Moderate
5,Daryaganj,Delhi,Commercial,65,55,2023,1,Jan,69.39,59.65,4.39,4.65,Moderate
5,Daryaganj,Delhi,Commercial,65,55,2023,2,Feb,69.38,59.72,4.38,4.72,Moderate
5,Daryaganj,Delhi,Commercial,65,55,2023,3,Mar,69.78,60.11,4.78,5.11,High
5,Daryaganj,Delhi,Commercial,65,55,2023,4,Apr,70.4,60.32,5.4,5.32,High
5,Daryaganj,Delhi,Commercial,65,55,2023,5,May,70.67,61.02,5.67,6.02,High
5,Daryaganj,Delhi,Commercial,65,55,2023,6,Jun,71.02,60.73,6.02,5.73,High
5,Daryaganj,Delhi,Commercial,65,55,2023,7,Jul,70.7,60.42,5.7,5.42,High
5,Daryaganj,Delhi,Commercial,65,55,2023,8,Aug,69.59,60.1,4.59,5.1,High
5,Daryaganj,Delhi,Commercial,65,55,2023,9,Sep,69.43,60.13,4.43,5.13,High
5,Daryaganj,Delhi,Commercial,65,55,2023,10,Oct,70.1,60.74,5.1,5.74,High
5,Daryaganj,Delhi,Commercial,65,55,2023,11,Nov,69.88,60.06,4.88,5.06,High
5,Daryaganj,Delhi,Commercial,65,55,2023,12,Dec,69.41,59.26,4.41,4.26,Moderate
5,Daryaganj,Delhi,Commercial,65,55,2024,1,Jan,70.06,60.45,5.06,5.45,High
5,Daryaganj,Delhi,Commercial,65,55,2024,2,Feb,69.83,60.73,4.83,5.73,High
5,Daryaganj,Delhi,Commercial,65,55,2024,3,Mar,70.88,60.82,5.88,5.82,High
5,Daryaganj,Delhi,Commercial,65,55,2024,4,Apr,71.36,61.55,6.36,6.55,High
5,Daryaganj,Delhi,Commercial,65,55,2024,5,May,71.55,61.35,6.55,6.35,High
5,Daryaganj,Delhi,Commercial,65,55,2024,6,Jun,71.59,61.33,6.59,6.33,High
5,Daryaganj,Delhi,Commercial,65,55,2024,7,Jul,71.51,61.03,6.51,6.03,High
5,Daryaganj,Delhi,Commercial,65,55,2024,8,Aug,71.02,60.9,6.02,5.9,High
5,Daryaganj,Delhi,Commercial,65,55,2024,9,Sep,70.92,60.97,5.92,5.97,High
5,Daryaganj,Delhi,Commercial,65,55,2024,10,Oct,71.26,61.0,6.26,6.0,High
5,Daryaganj,Delhi,Commercial,65,55,2024,11,Nov,70.63,60.6,5.63,5.6,High
5,Daryaganj,Delhi,Commercial,65,55,2024,12,Dec,69.99,60.48,4.99,5.48,High
6,Karawal Nagar,Delhi,Commercial,65,55,2020,1,Jan,63.89,55.02,-1.11,0.02,Moderate
6,Karawal Nagar,Delhi,Commercial,65,55,2020,2,Feb,64.12,55.67,-0.88,0.67,Moderate
6,Karawal Nagar,Delhi,Commercial,65,55,2020,3,Mar,64.6,56.18,-0.4,1.18,Moderate
6,Karawal Nagar,Delhi,Commercial,65,55,2020,4,Apr,64.71,55.75,-0.29,0.75,Moderate
6,Karawal Nagar,Delhi,Commercial,65,55,2020,5,May,64.76,56.5,-0.24,1.5,Moderate
6,Karawal Nagar,Delhi,Commercial,65,55,2020,6,Jun,65.56,56.39,0.56,1.39,Moderate
6,Karawal Nagar,Delhi,Commercial,65,55,2020,7,Jul,65.07,55.87,0.07,0.87,Moderate
6,Karawal Nagar,Delhi,Commercial,65,55,2020,8,Aug,65.31,55.93,0.31,0.93,Moderate
6,Karawal Nagar,Delhi,Commercial,65,55,2020,9,Sep,64.53,55.95,-0.47,0.95,Moderate
6,Karawal Nagar,Delhi,Commercial,65,55,2020,10,Oct,64.82,56.04,-0.18,1.04,Moderate
6,Karawal Nagar,Delhi,Commercial,65,55,2020,11,Nov,64.2,55.79,-0.8,0.79,Moderate
6,Karawal Nagar,Delhi,Commercial,65,55,2020,12,Dec,64.27,55.57,-0.73,0.57,Moderate
6,Karawal Nagar,Delhi,Commercial,65,55,2021,1,Jan,66.1,56.5,1.1,1.5,Moderate
6,Karawal Nagar,Delhi,Commercial,65,55,2021,2,Feb,65.65,56.77,0.65,1.77,Moderate
6,Karawal Nagar,Delhi,Commercial,65,55,2021,3,Mar,66.51,57.42,1.51,2.42,Moderate
6,Karawal Nagar,Delhi,Commercial,65,55,2021,4,Apr,66.48,57.71,1.48,2.71,Moderate
6,Karawal Nagar,Delhi,Commercial,65,55,2021,5,May,67.16,57.51,2.16,2.51,Moderate
6,Karawal Nagar,Delhi,Commercial,65,55,2021,6,Jun,67.15,57.47,2.15,2.47,Moderate
6,Karawal Nagar,Delhi,Commercial,65,55,2021,7,Jul,67.21,57.51,2.21,2.51,Moderate
6,Karawal Nagar,Delhi,Commercial,65,55,2021,8,Aug,66.38,57.04,1.38,2.04,Moderate
6,Karawal Nagar,Delhi,Commercial,65,55,2021,9,Sep,66.42,57.53,1.42,2.53,Moderate
6,Karawal Nagar,Delhi,Commercial,65,55,2021,10,Oct,66.64,57.1,1.64,2.1,Moderate
6,Karawal Nagar,Delhi,Commercial,65,55,2021,11,Nov,66.34,57.05,1.34,2.05,Moderate
6,Karawal Nagar,Delhi,Commercial,65,55,2021,12,Dec,65.13,56.69,0.13,1.69,Moderate
6,Karawal Nagar,Delhi,Commercial,65,55,2022,1,Jan,67.04,57.94,2.04,2.94,Moderate
6,Karawal Nagar,Delhi,Commercial,65,55,2022,2,Feb,67.76,58.23,2.76,3.23,Moderate
6,Karawal Nagar,Delhi,Commercial,65,55,2022,3,Mar,67.83,58.18,2.83,3.18,Moderate
6,Karawal Nagar,Delhi,Commercial,65,55,2022,4,Apr,68.94,58.61,3.94,3.61,Moderate
6,Karawal Nagar,Delhi,Commercial,65,55,2022,5,May,68.6,58.8,3.6,3.8,Moderate
6,Karawal Nagar,Delhi,Commercial,65,55,2022,6,Jun,68.85,58.97,3.85,3.97,Moderate
6,Karawal Nagar,Delhi,Commercial,65,55,2022,7,Jul,68.26,58.59,3.26,3.59,Moderate
6,Karawal Nagar,Delhi,Commercial,65,55,2022,8,Aug,68.09,58.39,3.09,3.39,Moderate
6,Karawal Nagar,Delhi,Commercial,65,55,2022,9,Sep,67.72,58.42,2.72,3.42,Moderate
6,Karawal Nagar,Delhi,Commercial,65,55,2022,10,Oct,68.04,58.9,3.04,3.9,Moderate
6,Karawal Nagar,Delhi,Commercial,65,55,2022,11,Nov,67.14,58.52,2.14,3.52,Moderate
6,Karawal Nagar,Delhi,Commercial,65,55,2022,12,Dec,67.51,57.49,2.51,2.49,Moderate
6,Karawal Nagar,Delhi,Commercial,65,55,2023,1,Jan,67.81,58.33,2.81,3.33,Moderate
6,Karawal Nagar,Delhi,Commercial,65,55,2023,2,Feb,67.75,58.44,2.75,3.44,Moderate
6,Karawal Nagar,Delhi,Commercial,65,55,2023,3,Mar,68.42,59.35,3.42,4.35,Moderate
6,Karawal Nagar,Delhi,Commercial,65,55,2023,4,Apr,69.33,59.45,4.33,4.45,Moderate
6,Karawal Nagar,Delhi,Commercial,65,55,2023,5,May,69.58,59.17,4.58,4.17,Moderate
6,Karawal Nagar,Delhi,Commercial,65,55,2023,6,Jun,69.47,59.7,4.47,4.7,Moderate
6,Karawal Nagar,Delhi,Commercial,65,55,2023,7,Jul,68.89,59.44,3.89,4.44,Moderate
6,Karawal Nagar,Delhi,Commercial,65,55,2023,8,Aug,68.84,59.03,3.84,4.03,Moderate
6,Karawal Nagar,Delhi,Commercial,65,55,2023,9,Sep,68.88,59.09,3.88,4.09,Moderate
6,Karawal Nagar,Delhi,Commercial,65,55,2023,10,Oct,68.81,59.43,3.81,4.43,Moderate
6,Karawal Nagar,Delhi,Commercial,65,55,2023,11,Nov,68.33,59.02,3.33,4.02,Moderate
6,Karawal Nagar,Delhi,Commercial,65,55,2023,12,Dec,68.15,58.44,3.15,3.44,Moderate
6,Karawal Nagar,Delhi,Commercial,65,55,2024,1,Jan,68.88,58.85,3.88,3.85,Moderate
6,Karawal Nagar,Delhi,Commercial,65,55,2024,2,Feb,69.23,59.26,4.23,4.26,Moderate
6,Karawal Nagar,Delhi,Commercial,65,55,2024,3,Mar,69.47,59.91,4.47,4.91,Moderate
6,Karawal Nagar,Delhi,Commercial,65,55,2024,4,Apr,69.82,59.62,4.82,4.62,Moderate
6,Karawal Nagar,Delhi,Commercial,65,55,2024,5,May,69.91,60.22,4.91,5.22,High
6,Karawal Nagar,Delhi,Commercial,65,55,2024,6,Jun,70.18,60.65,5.18,5.65,High
6,Karawal Nagar,Delhi,Commercial,65,55,2024,7,Jul,69.58,60.34,4.58,5.34,High
6,Karawal Nagar,Delhi,Commercial,65,55,2024,8,Aug,69.85,59.78,4.85,4.78,Moderate
6,Karawal Nagar,Delhi,Commercial,65,55,2024,9,Sep,69.46,59.78,4.46,4.78,Moderate
6,Karawal Nagar,Delhi,Commercial,65,55,2024,10,Oct,69.79,60.12,4.79,5.12,High
6,Karawal Nagar,Delhi,Commercial,65,55,2024,11,Nov,69.53,59.63,4.53,4.63,Moderate
6,Karawal Nagar,Delhi,Commercial,65,55,2024,12,Dec,68.81,59.19,3.81,4.19,Moderate
7,Sarita Vihar,Delhi,Commercial,65,55,2020,1,Jan,62.38,53.86,-2.62,-1.14,Low
7,Sarita Vihar,Delhi,Commercial,65,55,2020,2,Feb,62.16,54.55,-2.84,-0.45,Low
7,Sarita Vihar,Delhi,Commercial,65,55,2020,3,Mar,63.14,54.76,-1.86,-0.24,Low
7,Sarita Vihar,Delhi,Commercial,65,55,2020,4,Apr,63.5,55.07,-1.5,0.07,Moderate
7,Sarita Vihar,Delhi,Commercial,65,55,2020,5,May,63.67,55.04,-1.33,0.04,Moderate
7,Sarita Vihar,Delhi,Commercial,65,55,2020,6,Jun,64.05,55.2,-0.95,0.2,Moderate
7,Sarita Vihar,Delhi,Commercial,65,55,2020,7,Jul,63.7,54.76,-1.3,-0.24,Low
7,Sarita Vihar,Delhi,Commercial,65,55,2020,8,Aug,63.56,54.99,-1.44,-0.01,Low
7,Sarita Vihar,Delhi,Commercial,65,55,2020,9,Sep,63.16,55.0,-1.84,0.0,Low
7,Sarita Vihar,Delhi,Commercial,65,55,2020,10,Oct,63.72,55.2,-1.28,0.2,Moderate
7,Sarita Vihar,Delhi,Commercial,65,55,2020,11,Nov,62.54,54.44,-2.46,-0.56,Low
7,Sarita Vihar,Delhi,Commercial,65,55,2020,12,Dec,62.24,54.31,-2.76,-0.69,Low
7,Sarita Vihar,Delhi,Commercial,65,55,2021,1,Jan,64.43,55.45,-0.57,0.45,Moderate
7,Sarita Vihar,Delhi,Commercial,65,55,2021,2,Feb,64.55,55.65,-0.45,0.65,Moderate
7,Sarita Vihar,Delhi,Commercial,65,55,2021,3,Mar,64.95,55.92,-0.05,0.92,Moderate
7,Sarita Vihar,Delhi,Commercial,65,55,2021,4,Apr,65.27,56.13,0.27,1.13,Moderate
7,Sarita Vihar,Delhi,Commercial,65,55,2021,5,May,65.56,56.81,0.56,1.81,Moderate
7,Sarita Vihar,Delhi,Commercial,65,55,2021,6,Jun,65.76,57.33,0.76,2.33,Moderate
7,Sarita Vihar,Delhi,Commercial,65,55,2021,7,Jul,65.72,56.54,0.72,1.54,Moderate
7,Sarita Vihar,Delhi,Commercial,65,55,2021,8,Aug,65.09,56.44,0.09,1.44,Moderate
7,Sarita Vihar,Delhi,Commercial,65,55,2021,9,Sep,64.96,56.22,-0.04,1.22,Moderate
7,Sarita Vihar,Delhi,Commercial,65,55,2021,10,Oct,65.94,56.38,0.94,1.38,Moderate
7,Sarita Vihar,Delhi,Commercial,65,55,2021,11,Nov,65.29,55.96,0.29,0.96,Moderate
7,Sarita Vihar,Delhi,Commercial,65,55,2021,12,Dec,64.39,56.05,-0.61,1.05,Moderate
7,Sarita Vihar,Delhi,Commercial,65,55,2022,1,Jan,65.54,57.16,0.54,2.16,Moderate
7,Sarita Vihar,Delhi,Commercial,65,55,2022,2,Feb,66.08,56.89,1.08,1.89,Moderate
7,Sarita Vihar,Delhi,Commercial,65,55,2022,3,Mar,66.66,57.59,1.66,2.59,Moderate
7,Sarita Vihar,Delhi,Commercial,65,55,2022,4,Apr,67.06,57.29,2.06,2.29,Moderate
7,Sarita Vihar,Delhi,Commercial,65,55,2022,5,May,67.02,57.75,2.02,2.75,Moderate
7,Sarita Vihar,Delhi,Commercial,65,55,2022,6,Jun,67.38,58.12,2.38,3.12,Moderate
7,Sarita Vihar,Delhi,Commercial,65,55,2022,7,Jul,67.04,57.43,2.04,2.43,Moderate
7,Sarita Vihar,Delhi,Commercial,65,55,2022,8,Aug,66.8,57.62,1.8,2.62,Moderate
7,Sarita Vihar,Delhi,Commercial,65,55,2022,9,Sep,66.64,57.62,1.64,2.62,Moderate
7,Sarita Vihar,Delhi,Commercial,65,55,2022,10,Oct,66.91,57.69,1.91,2.69,Moderate
7,Sarita Vihar,Delhi,Commercial,65,55,2022,11,Nov,66.38,56.97,1.38,1.97,Moderate
7,Sarita Vihar,Delhi,Commercial,65,55,2022,12,Dec,65.91,56.94,0.91,1.94,Moderate
7,Sarita Vihar,Delhi,Commercial,65,55,2023,1,Jan,66.57,57.14,1.57,2.14,Moderate
7,Sarita Vihar,Delhi,Commercial,65,55,2023,2,Feb,66.43,57.81,1.43,2.81,Moderate
7,Sarita Vihar,Delhi,Commercial,65,55,2023,3,Mar,67.29,58.14,2.29,3.14,Moderate
7,Sarita Vihar,Delhi,Commercial,65,55,2023,4,Apr,67.71,58.21,2.71,3.21,Moderate
7,Sarita Vihar,Delhi,Commercial,65,55,2023,5,May,68.23,58.3,3.23,3.3,Moderate
7,Sarita Vihar,Delhi,Commercial,65,55,2023,6,Jun,68.22,58.51,3.22,3.51,Moderate
7,Sarita Vihar,Delhi,Commercial,65,55,2023,7,Jul,67.69,58.24,2.69,3.24,Moderate
7,Sarita Vihar,Delhi,Commercial,65,55,2023,8,Aug,67.56,58.0,2.56,3.0,Moderate
7,Sarita Vihar,Delhi,Commercial,65,55,2023,9,Sep,67.61,57.82,2.61,2.82,Moderate
7,Sarita Vihar,Delhi,Commercial,65,55,2023,10,Oct,67.45,58.11,2.45,3.11,Moderate
7,Sarita Vihar,Delhi,Commercial,65,55,2023,11,Nov,67.56,57.94,2.56,2.94,Moderate
7,Sarita Vihar,Delhi,Commercial,65,55,2023,12,Dec,66.86,57.2,1.86,2.2,Moderate
7,Sarita Vihar,Delhi,Commercial,65,55,2024,1,Jan,67.47,58.28,2.47,3.28,Moderate
7,Sarita Vihar,Delhi,Commercial,65,55,2024,2,Feb,67.62,58.51,2.62,3.51,Moderate
7,Sarita Vihar,Delhi,Commercial,65,55,2024,3,Mar,68.07,58.98,3.07,3.98,Moderate
7,Sarita Vihar,Delhi,Commercial,65,55,2024,4,Apr,69.17,58.83,4.17,3.83,Moderate
7,Sarita Vihar,Delhi,Commercial,65,55,2024,5,May,68.79,59.39,3.79,4.39,Moderate
7,Sarita Vihar,Delhi,Commercial,65,55,2024,6,Jun,69.49,59.2,4.49,4.2,Moderate
7,Sarita Vihar,Delhi,Commercial,65,55,2024,7,Jul,68.59,58.94,3.59,3.94,Moderate
7,Sarita Vihar,Delhi,Commercial,65,55,2024,8,Aug,68.06,58.62,3.06,3.62,Moderate
7,Sarita Vihar,Delhi,Commercial,65,55,2024,9,Sep,67.95,58.55,2.95,3.55,Moderate
7,Sarita Vihar,Delhi,Commercial,65,55,2024,10,Oct,68.39,58.95,3.39,3.95,Moderate
7,Sarita Vihar,Delhi,Commercial,65,55,2024,11,Nov,68.49,58.4,3.49,3.4,Moderate
7,Sarita Vihar,Delhi,Commercial,65,55,2024,12,Dec,67.75,58.16,2.75,3.16,Moderate
8,Rohini,Delhi,Commercial,65,55,2020,1,Jan,64.09,55.73,-0.91,0.73,Moderate
8,Rohini,Delhi,Commercial,65,55,2020,2,Feb,64.02,55.88,-0.98,0.88,Moderate
8,Rohini,Delhi,Commercial,65,55,2020,3,Mar,64.94,56.3,-0.06,1.3,Moderate
8,Rohini,Delhi,Commercial,65,55,2020,4,Apr,65.37,56.89,0.37,1.89,Moderate
8,Rohini,Delhi,Commercial,65,55,2020,5,May,65.44,56.49,0.44,1.49,Moderate
8,Rohini,Delhi,Commercial,65,55,2020,6,Jun,65.64,56.69,0.64,1.69,Moderate
8,Rohini,Delhi,Commercial,65,55,2020,7,Jul,65.24,56.74,0.24,1.74,Moderate
8,Rohini,Delhi,Commercial,65,55,2020,8,Aug,65.46,56.19,0.46,1.19,Moderate
8,Rohini,Delhi,Commercial,65,55,2020,9,Sep,64.69,56.29,-0.31,1.29,Moderate
8,Rohini,Delhi,Commercial,65,55,2020,10,Oct,64.96,56.53,-0.04,1.53,Moderate
8,Rohini,Delhi,Commercial,65,55,2020,11,Nov,64.85,55.8,-0.15,0.8,Moderate
8,Rohini,Delhi,Commercial,65,55,2020,12,Dec,64.59,56.06,-0.41,1.06,Moderate
8,Rohini,Delhi,Commercial,65,55,2021,1,Jan,65.95,56.92,0.95,1.92,Moderate
8,Rohini,Delhi,Commercial,65,55,2021,2,Feb,66.37,57.27,1.37,2.27,Moderate
8,Rohini,Delhi,Commercial,65,55,2021,3,Mar,67.06,58.0,2.06,3.0,Moderate
8,Rohini,Delhi,Commercial,65,55,2021,4,Apr,67.26,57.64,2.26,2.64,Moderate
8,Rohini,Delhi,Commercial,65,55,2021,5,May,67.26,57.85,2.26,2.85,Moderate
8,Rohini,Delhi,Commercial,65,55,2021,6,Jun,67.79,58.56,2.79,3.56,Moderate
8,Rohini,Delhi,Commercial,65,55,2021,7,Jul,67.27,57.94,2.27,2.94,Moderate
8,Rohini,Delhi,Commercial,65,55,2021,8,Aug,67.1,57.94,2.1,2.94,Moderate
8,Rohini,Delhi,Commercial,65,55,2021,9,Sep,67.53,57.49,2.53,2.49,Moderate
8,Rohini,Delhi,Commercial,65,55,2021,10,Oct,66.98,58.01,1.98,3.01,Moderate
8,Rohini,Delhi,Commercial,65,55,2021,11,Nov,66.97,57.87,1.97,2.87,Moderate
8,Rohini,Delhi,Commercial,65,55,2021,12,Dec,66.35,57.03,1.35,2.03,Moderate
8,Rohini,Delhi,Commercial,65,55,2022,1,Jan,67.65,58.42,2.65,3.42,Moderate
8,Rohini,Delhi,Commercial,65,55,2022,2,Feb,67.91,58.5,2.91,3.5,Moderate
8,Rohini,Delhi,Commercial,65,55,2022,3,Mar,68.57,59.03,3.57,4.03,Moderate
8,Rohini,Delhi,Commercial,65,55,2022,4,Apr,69.05,59.13,4.05,4.13,Moderate
8,Rohini,Delhi,Commercial,65,55,2022,5,May,68.96,59.23,3.96,4.23,Moderate
8,Rohini,Delhi,Commercial,65,55,2022,6,Jun,69.5,59.24,4.5,4.24,Moderate
8,Rohini,Delhi,Commercial,65,55,2022,7,Jul,68.89,59.02,3.89,4.02,Moderate
8,Rohini,Delhi,Commercial,65,55,2022,8,Aug,68.51,59.16,3.51,4.16,Moderate
8,Rohini,Delhi,Commercial,65,55,2022,9,Sep,68.35,58.81,3.35,3.81,Moderate
8,Rohini,Delhi,Commercial,65,55,2022,10,Oct,68.16,59.15,3.16,4.15,Moderate
8,Rohini,Delhi,Commercial,65,55,2022,11,Nov,68.36,59.13,3.36,4.13,Moderate
8,Rohini,Delhi,Commercial,65,55,2022,12,Dec,67.52,58.34,2.52,3.34,Moderate
8,Rohini,Delhi,Commercial,65,55,2023,1,Jan,68.36,59.12,3.36,4.12,Moderate
8,Rohini,Delhi,Commercial,65,55,2023,2,Feb,68.48,59.06,3.48,4.06,Moderate
8,Rohini,Delhi,Commercial,65,55,2023,3,Mar,69.25,59.44,4.25,4.44,Moderate
8,Rohini,Delhi,Commercial,65,55,2023,4,Apr,69.39,59.64,4.39,4.64,Moderate
8,Rohini,Delhi,Commercial,65,55,2023,5,May,70.07,59.59,5.07,4.59,High
8,Rohini,Delhi,Commercial,65,55,2023,6,Jun,70.03,59.86,5.03,4.86,High
8,Rohini,Delhi,Commercial,65,55,2023,7,Jul,69.9,59.4,4.9,4.4,Moderate
8,Rohini,Delhi,Commercial,65,55,2023,8,Aug,69.16,59.58,4.16,4.58,Moderate
8,Rohini,Delhi,Commercial,65,55,2023,9,Sep,69.49,59.39,4.49,4.39,Moderate
8,Rohini,Delhi,Commercial,65,55,2023,10,Oct,69.16,59.98,4.16,4.98,Moderate
8,Rohini,Delhi,Commercial,65,55,2023,11,Nov,68.64,58.86,3.64,3.86,Moderate
8,Rohini,Delhi,Commercial,65,55,2023,12,Dec,68.51,58.8,3.51,3.8,Moderate
8,Rohini,Delhi,Commercial,65,55,2024,1,Jan,68.94,59.64,3.94,4.64,Moderate
8,Rohini,Delhi,Commercial,65,55,2024,2,Feb,69.46,59.59,4.46,4.59,Moderate
8,Rohini,Delhi,Commercial,65,55,2024,3,Mar,69.68,60.27,4.68,5.27,High
8,Rohini,Delhi,Commercial,65,55,2024,4,Apr,70.56,60.28,5.56,5.28,High
8,Rohini,Delhi,Commercial,65,55,2024,5,May,71.16,60.29,6.16,5.29,High
8,Rohini,Delhi,Commercial,65,55,2024,6,Jun,70.52,60.56,5.52,5.56,High
8,Rohini,Delhi,Commercial,65,55,2024,7,Jul,70.49,60.45,5.49,5.45,High
8,Rohini,Delhi,Commercial,65,55,2024,8,Aug,70.14,60.27,5.14,5.27,High
8,Rohini,Delhi,Commercial,65,55,2024,9,Sep,69.69,60.39,4.69,5.39,High
8,Rohini,Delhi,Commercial,65,55,2024,10,Oct,70.18,60.52,5.18,5.52,High
8,Rohini,Delhi,Commercial,65,55,2024,11,Nov,69.99,60.09,4.99,5.09,High
8,Rohini,Delhi,Commercial,65,55,2024,12,Dec,69.44,59.69,4.44,4.69,Moderate
9,Mangol Puri,Delhi,Commercial,65,55,2020,1,Jan,62.86,54.27,-2.14,-0.73,Low
9,Mangol Puri,Delhi,Commercial,65,55,2020,2,Feb,62.95,54.34,-2.05,-0.66,Low
9,Mangol Puri,Delhi,Commercial,65,55,2020,3,Mar,63.48,54.89,-1.52,-0.11,Low
9,Mangol Puri,Delhi,Commercial,65,55,2020,4,Apr,63.73,55.16,-1.27,0.16,Moderate
9,Mangol Puri,Delhi,Commercial,65,55,2020,5,May,64.19,54.71,-0.81,-0.29,Low
9,Mangol Puri,Delhi,Commercial,65,55,2020,6,Jun,64.43,55.06,-0.57,0.06,Moderate
9,Mangol Puri,Delhi,Commercial,65,55,2020,7,Jul,64.21,54.77,-0.79,-0.23,Low
9,Mangol Puri,Delhi,Commercial,65,55,2020,8,Aug,63.59,54.32,-1.41,-0.68,Low
9,Mangol Puri,Delhi,Commercial,65,55,2020,9,Sep,63.39,54.12,-1.61,-0.88,Low
9,Mangol Puri,Delhi,Commercial,65,55,2020,10,Oct,63.3,54.95,-1.7,-0.05,Low
9,Mangol Puri,Delhi,Commercial,65,55,2020,11,Nov,63.6,54.59,-1.4,-0.41,Low
9,Mangol Puri,Delhi,Commercial,65,55,2020,12,Dec,62.56,54.09,-2.44,-0.91,Low
9,Mangol Puri,Delhi,Commercial,65,55,2021,1,Jan,64.7,55.17,-0.3,0.17,Moderate
9,Mangol Puri,Delhi,Commercial,65,55,2021,2,Feb,65.28,55.78,0.28,0.78,Moderate
9,Mangol Puri,Delhi,Commercial,65,55,2021,3,Mar,65.44,56.01,0.44,1.01,Moderate
9,Mangol Puri,Delhi,Commercial,65,55,2021,4,Apr,65.95,55.79,0.95,0.79,Moderate
9,Mangol Puri,Delhi,Commercial,65,55,2021,5,May,66.14,56.26,1.14,1.26,Moderate
9,Mangol Puri,Delhi,Commercial,65,55,2021,6,Jun,66.15,56.54,1.15,1.54,Moderate
9,Mangol Puri,Delhi,Commercial,65,55,2021,7,Jul,66.45,56.43,1.45,1.43,Moderate
9,Mangol Puri,Delhi,Commercial,65,55,2021,8,Aug,65.56,56.21,0.56,1.21,Moderate
9,Mangol Puri,Delhi,Commercial,65,55,2021,9,Sep,65.85,56.18,0.85,1.18,Moderate
9,Mangol Puri,Delhi,Commercial,65,55,2021,10,Oct,65.71,56.07,0.71,1.07,Moderate
9,Mangol Puri,Delhi,Commercial,65,55,2021,11,Nov,65.57,55.98,0.57,0.98,Moderate
9,Mangol Puri,Delhi,Commercial,65,55,2021,12,Dec,65.02,55.63,0.02,0.63,Moderate
9,Mangol Puri,Delhi,Commercial,65,55,2022,1,Jan,66.36,56.49,1.36,1.49,Moderate
9,Mangol Puri,Delhi,Commercial,65,55,2022,2,Feb,66.63,56.84,1.63,1.84,Moderate
9,Mangol Puri,Delhi,Commercial,65,55,2022,3,Mar,67.42,57.06,2.42,2.06,Moderate
9,Mangol Puri,Delhi,Commercial,65,55,2022,4,Apr,67.73,57.44,2.73,2.44,Moderate
9,Mangol Puri,Delhi,Commercial,65,55,2022,5,May,67.44,57.5,2.44,2.5,Moderate
9,Mangol Puri,Delhi,Commercial,65,55,2022,6,Jun,67.72,57.88,2.72,2.88,Moderate
9,Mangol Puri,Delhi,Commercial,65,55,2022,7,Jul,67.53,57.39,2.53,2.39,Moderate
9,Mangol Puri,Delhi,Commercial,65,55,2022,8,Aug,67.09,57.73,2.09,2.73,Moderate
9,Mangol Puri,Delhi,Commercial,65,55,2022,9,Sep,67.33,57.29,2.33,2.29,Moderate
9,Mangol Puri,Delhi,Commercial,65,55,2022,10,Oct,67.11,57.42,2.11,2.42,Moderate
9,Mangol Puri,Delhi,Commercial,65,55,2022,11,Nov,66.95,56.9,1.95,1.9,Moderate
9,Mangol Puri,Delhi,Commercial,65,55,2022,12,Dec,66.14,56.37,1.14,1.37,Moderate
9,Mangol Puri,Delhi,Commercial,65,55,2023,1,Jan,67.0,57.33,2.0,2.33,Moderate
9,Mangol Puri,Delhi,Commercial,65,55,2023,2,Feb,66.98,57.71,1.98,2.71,Moderate
9,Mangol Puri,Delhi,Commercial,65,55,2023,3,Mar,67.39,57.51,2.39,2.51,Moderate
9,Mangol Puri,Delhi,Commercial,65,55,2023,4,Apr,68.16,58.21,3.16,3.21,Moderate
9,Mangol Puri,Delhi,Commercial,65,55,2023,5,May,68.82,58.11,3.82,3.11,Moderate
9,Mangol Puri,Delhi,Commercial,65,55,2023,6,Jun,68.87,58.39,3.87,3.39,Moderate
9,Mangol Puri,Delhi,Commercial,65,55,2023,7,Jul,68.16,58.28,3.16,3.28,Moderate
9,Mangol Puri,Delhi,Commercial,65,55,2023,8,Aug,68.06,57.58,3.06,2.58,Moderate
9,Mangol Puri,Delhi,Commercial,65,55,2023,9,Sep,68.07,58.08,3.07,3.08,Moderate
9,Mangol Puri,Delhi,Commercial,65,55,2023,10,Oct,67.74,58.08,2.74,3.08,Moderate
9,Mangol Puri,Delhi,Commercial,65,55,2023,11,Nov,67.72,57.75,2.72,2.75,Moderate
9,Mangol Puri,Delhi,Commercial,65,55,2023,12,Dec,66.86,57.17,1.86,2.17,Moderate
9,Mangol Puri,Delhi,Commercial,65,55,2024,1,Jan,67.79,58.13,2.79,3.13,Moderate
9,Mangol Puri,Delhi,Commercial,65,55,2024,2,Feb,68.14,58.03,3.14,3.03,Moderate
9,Mangol Puri,Delhi,Commercial,65,55,2024,3,Mar,68.79,57.93,3.79,2.93,Moderate
9,Mangol Puri,Delhi,Commercial,65,55,2024,4,Apr,69.29,58.35,4.29,3.35,Moderate
9,Mangol Puri,Delhi,Commercial,65,55,2024,5,May,69.21,58.68,4.21,3.68,Moderate
9,Mangol Puri,Delhi,Commercial,65,55,2024,6,Jun,69.18,59.33,4.18,4.33,Moderate
9,Mangol Puri,Delhi,Commercial,65,55,2024,7,Jul,68.98,58.87,3.98,3.87,Moderate
9,Mangol Puri,Delhi,Commercial,65,55,2024,8,Aug,68.79,58.7,3.79,3.7,Moderate
9,Mangol Puri,Delhi,Commercial,65,55,2024,9,Sep,68.62,58.24,3.62,3.24,Moderate
9,Mangol Puri,Delhi,Commercial,65,55,2024,10,Oct,69.05,58.6,4.05,3.6,Moderate
9,Mangol Puri,Delhi,Commercial,65,55,2024,11,Nov,68.11,58.31,3.11,3.31,Moderate
9,Mangol Puri,Delhi,Commercial,65,55,2024,12,Dec,68.28,58.17,3.28,3.17,Moderate
10,Lawrence Road,Delhi,Industrial,75,70,2020,1,Jan,69.81,66.73,-5.19,-3.27,Low
10,Lawrence Road,Delhi,Industrial,75,70,2020,2,Feb,70.02,67.42,-4.98,-2.58,Low
10,Lawrence Road,Delhi,Industrial,75,70,2020,3,Mar,70.8,67.49,-4.2,-2.51,Low
10,Lawrence Road,Delhi,Industrial,75,70,2020,4,Apr,71.36,67.65,-3.64,-2.35,Low
10,Lawrence Road,Delhi,Industrial,75,70,2020,5,May,71.34,67.76,-3.66,-2.24,Low
10,Lawrence Road,Delhi,Industrial,75,70,2020,6,Jun,71.58,67.99,-3.42,-2.01,Low
10,Lawrence Road,Delhi,Industrial,75,70,2020,7,Jul,71.38,67.71,-3.62,-2.29,Low
10,Lawrence Road,Delhi,Industrial,75,70,2020,8,Aug,71.08,67.48,-3.92,-2.52,Low
10,Lawrence Road,Delhi,Industrial,75,70,2020,9,Sep,70.72,67.0,-4.28,-3.0,Low
10,Lawrence Road,Delhi,Industrial,75,70,2020,10,Oct,71.13,67.67,-3.87,-2.33,Low
10,Lawrence Road,Delhi,Industrial,75,70,2020,11,Nov,70.85,66.72,-4.15,-3.28,Low
10,Lawrence Road,Delhi,Industrial,75,70,2020,12,Dec,70.52,66.87,-4.48,-3.13,Low
10,Lawrence Road,Delhi,Industrial,75,70,2021,1,Jan,71.58,67.99,-3.42,-2.01,Low
10,Lawrence Road,Delhi,Industrial,75,70,2021,2,Feb,71.65,68.19,-3.35,-1.81,Low
10,Lawrence Road,Delhi,Industrial,75,70,2021,3,Mar,71.94,69.18,-3.06,-0.82,Low
10,Lawrence Road,Delhi,Industrial,75,70,2021,4,Apr,72.45,69.04,-2.55,-0.96,Low
10,Lawrence Road,Delhi,Industrial,75,70,2021,5,May,73.02,69.3,-1.98,-0.7,Low
10,Lawrence Road,Delhi,Industrial,75,70,2021,6,Jun,73.04,69.47,-1.96,-0.53,Low
10,Lawrence Road,Delhi,Industrial,75,70,2021,7,Jul,73.2,69.09,-1.8,-0.91,Low
10,Lawrence Road,Delhi,Industrial,75,70,2021,8,Aug,72.35,69.11,-2.65,-0.89,Low
10,Lawrence Road,Delhi,Industrial,75,70,2021,9,Sep,72.38,69.04,-2.62,-0.96,Low
10,Lawrence Road,Delhi,Industrial,75,70,2021,10,Oct,72.46,68.77,-2.54,-1.23,Low
10,Lawrence Road,Delhi,Industrial,75,70,2021,11,Nov,72.41,68.47,-2.59,-1.53,Low
10,Lawrence Road,Delhi,Industrial,75,70,2021,12,Dec,71.48,68.15,-3.52,-1.85,Low
10,Lawrence Road,Delhi,Industrial,75,70,2022,1,Jan,72.48,69.27,-2.52,-0.73,Low
10,Lawrence Road,Delhi,Industrial,75,70,2022,2,Feb,72.78,69.48,-2.22,-0.52,Low
10,Lawrence Road,Delhi,Industrial,75,70,2022,3,Mar,73.7,69.89,-1.3,-0.11,Low
10,Lawrence Road,Delhi,Industrial,75,70,2022,4,Apr,73.64,70.19,-1.36,0.19,Moderate
10,Lawrence Road,Delhi,Industrial,75,70,2022,5,May,74.3,69.95,-0.7,-0.05,Low
10,Lawrence Road,Delhi,Industrial,75,70,2022,6,Jun,74.35,70.54,-0.65,0.54,Moderate
10,Lawrence Road,Delhi,Industrial,75,70,2022,7,Jul,73.73,70.38,-1.27,0.38,Moderate
10,Lawrence Road,Delhi,Industrial,75,70,2022,8,Aug,73.46,69.93,-1.54,-0.07,Low
10,Lawrence Road,Delhi,Industrial,75,70,2022,9,Sep,73.26,69.8,-1.74,-0.2,Low
10,Lawrence Road,Delhi,Industrial,75,70,2022,10,Oct,73.23,69.71,-1.77,-0.29,Low
10,Lawrence Road,Delhi,Industrial,75,70,2022,11,Nov,73.6,69.53,-1.4,-0.47,Low
10,Lawrence Road,Delhi,Industrial,75,70,2022,12,Dec,72.35,68.87,-2.65,-1.13,Low
10,Lawrence Road,Delhi,Industrial,75,70,2023,1,Jan,72.94,69.34,-2.06,-0.66,Low
10,Lawrence Road,Delhi,Industrial,75,70,2023,2,Feb,73.71,70.0,-1.29,0.0,Low
10,Lawrence Road,Delhi,Industrial,75,70,2023,3,Mar,73.73,70.65,-1.27,0.65,Moderate
10,Lawrence Road,Delhi,Industrial,75,70,2023,4,Apr,74.55,70.34,-0.45,0.34,Moderate
10,Lawrence Road,Delhi,Industrial,75,70,2023,5,May,73.98,71.06,-1.02,1.06,Moderate
10,Lawrence Road,Delhi,Industrial,75,70,2023,6,Jun,74.45,70.47,-0.55,0.47,Moderate
10,Lawrence Road,Delhi,Industrial,75,70,2023,7,Jul,74.66,70.99,-0.34,0.99,Moderate
10,Lawrence Road,Delhi,Industrial,75,70,2023,8,Aug,74.45,70.41,-0.55,0.41,Moderate
10,Lawrence Road,Delhi,Industrial,75,70,2023,9,Sep,74.05,70.37,-0.95,0.37,Moderate
10,Lawrence Road,Delhi,Industrial,75,70,2023,10,Oct,74.29,70.46,-0.71,0.46,Moderate
10,Lawrence Road,Delhi,Industrial,75,70,2023,11,Nov,73.83,70.09,-1.17,0.09,Moderate
10,Lawrence Road,Delhi,Industrial,75,70,2023,12,Dec,73.01,69.64,-1.99,-0.36,Low
10,Lawrence Road,Delhi,Industrial,75,70,2024,1,Jan,73.28,70.08,-1.72,0.08,Moderate
10,Lawrence Road,Delhi,Industrial,75,70,2024,2,Feb,73.65,70.08,-1.35,0.08,Moderate
10,Lawrence Road,Delhi,Industrial,75,70,2024,3,Mar,74.54,70.98,-0.46,0.98,Moderate
10,Lawrence Road,Delhi,Industrial,75,70,2024,4,Apr,75.13,70.59,0.13,0.59,Moderate
10,Lawrence Road,Delhi,Industrial,75,70,2024,5,May,74.95,71.29,-0.05,1.29,Moderate
10,Lawrence Road,Delhi,Industrial,75,70,2024,6,Jun,75.15,71.26,0.15,1.26,Moderate
10,Lawrence Road,Delhi,Industrial,75,70,2024,7,Jul,75.14,70.81,0.14,0.81,Moderate
10,Lawrence Road,Delhi,Industrial,75,70,2024,8,Aug,74.73,70.53,-0.27,0.53,Moderate
10,Lawrence Road,Delhi,Industrial,75,70,2024,9,Sep,74.35,70.76,-0.65,0.76,Moderate
10,Lawrence Road,Delhi,Industrial,75,70,2024,10,Oct,74.3,70.99,-0.7,0.99,Moderate
10,Lawrence Road,Delhi,Industrial,75,70,2024,11,Nov,74.4,70.71,-0.6,0.71,Moderate
10,Lawrence Road,Delhi,Industrial,75,70,2024,12,Dec,73.86,70.47,-1.14,0.47,Moderate
11,Badli,Delhi,Industrial,75,70,2020,1,Jan,69.33,66.31,-5.67,-3.69,Low
11,Badli,Delhi,Industrial,75,70,2020,2,Feb,69.53,66.71,-5.47,-3.29,Low
11,Badli,Delhi,Industrial,75,70,2020,3,Mar,70.11,67.01,-4.89,-2.99,Low
11,Badli,Delhi,Industrial,75,70,2020,4,Apr,70.32,67.07,-4.68,-2.93,Low
11,Badli,Delhi,Industrial,75,70,2020,5,May,70.45,67.75,-4.55,-2.25,Low
11,Badli,Delhi,Industrial,75,70,2020,6,Jun,70.69,67.46,-4.31,-2.54,Low
11,Badli,Delhi,Industrial,75,70,2020,7,Jul,70.42,67.48,-4.58,-2.52,Low
11,Badli,Delhi,Industrial,75,70,2020,8,Aug,70.23,67.35,-4.77,-2.65,Low
11,Badli,Delhi,Industrial,75,70,2020,9,Sep,69.93,67.06,-5.07,-2.94,Low
11,Badli,Delhi,Industrial,75,70,2020,10,Oct,70.09,67.63,-4.91,-2.37,Low
11,Badli,Delhi,Industrial,75,70,2020,11,Nov,69.7,66.96,-5.3,-3.04,Low
11,Badli,Delhi,Industrial,75,70,2020,12,Dec,69.56,66.58,-5.44,-3.42,Low
11,Badli,Delhi,Industrial,75,70,2021,1,Jan,70.65,67.77,-4.35,-2.23,Low
11,Badli,Delhi,Industrial,75,70,2021,2,Feb,70.91,67.97,-4.09,-2.03,Low
11,Badli,Delhi,Industrial,75,70,2021,3,Mar,71.74,68.84,-3.26,-1.16,Low
11,Badli,Delhi,Industrial,75,70,2021,4,Apr,71.76,68.33,-3.24,-1.67,Low
11,Badli,Delhi,Industrial,75,70,2021,5,May,72.18,69.32,-2.82,-0.68,Low
11,Badli,Delhi,Industrial,75,70,2021,6,Jun,72.2,69.33,-2.8,-0.67,Low
11,Badli,Delhi,Industrial,75,70,2021,7,Jul,72.42,68.59,-2.58,-1.41,Low
11,Badli,Delhi,Industrial,75,70,2021,8,Aug,71.84,68.83,-3.16,-1.17,Low
11,Badli,Delhi,Industrial,75,70,2021,9,Sep,71.41,68.36,-3.59,-1.64,Low
11,Badli,Delhi,Industrial,75,70,2021,10,Oct,71.55,68.4,-3.45,-1.6,Low
11,Badli,Delhi,Industrial,75,70,2021,11,Nov,71.24,68.06,-3.76,-1.94,Low
11,Badli,Delhi,Industrial,75,70,2021,12,Dec,70.81,67.75,-4.19,-2.25,Low
11,Badli,Delhi,Industrial,75,70,2022,1,Jan,71.96,68.49,-3.04,-1.51,Low
11,Badli,Delhi,Industrial,75,70,2022,2,Feb,72.18,69.17,-2.82,-0.83,Low
11,Badli,Delhi,Industrial,75,70,2022,3,Mar,72.2,69.47,-2.8,-0.53,Low
11,Badli,Delhi,Industrial,75,70,2022,4,Apr,73.41,69.36,-1.59,-0.64,Low
11,Badli,Delhi,Industrial,75,70,2022,5,May,73.82,69.88,-1.18,-0.12,Low
11,Badli,Delhi,Industrial,75,70,2022,6,Jun,73.42,69.99,-1.58,-0.01,Low
11,Badli,Delhi,Industrial,75,70,2022,7,Jul,73.34,69.72,-1.66,-0.28,Low
11,Badli,Delhi,Industrial,75,70,2022,8,Aug,73.03,69.32,-1.97,-0.68,Low
11,Badli,Delhi,Industrial,75,70,2022,9,Sep,72.74,69.12,-2.26,-0.88,Low
11,Badli,Delhi,Industrial,75,70,2022,10,Oct,72.87,69.42,-2.13,-0.58,Low
11,Badli,Delhi,Industrial,75,70,2022,11,Nov,72.42,69.55,-2.58,-0.45,Low
11,Badli,Delhi,Industrial,75,70,2022,12,Dec,72.27,69.02,-2.73,-0.98,Low
11,Badli,Delhi,Industrial,75,70,2023,1,Jan,72.23,69.14,-2.77,-0.86,Low
11,Badli,Delhi,Industrial,75,70,2023,2,Feb,73.0,69.43,-2.0,-0.57,Low
11,Badli,Delhi,Industrial,75,70,2023,3,Mar,73.88,69.88,-1.12,-0.12,Low
11,Badli,Delhi,Industrial,75,70,2023,4,Apr,73.75,69.94,-1.25,-0.06,Low
11,Badli,Delhi,Industrial,75,70,2023,5,May,74.03,70.17,-0.97,0.17,Moderate
11,Badli,Delhi,Industrial,75,70,2023,6,Jun,74.38,70.59,-0.62,0.59,Moderate
11,Badli,Delhi,Industrial,75,70,2023,7,Jul,73.6,69.83,-1.4,-0.17,Low
11,Badli,Delhi,Industrial,75,70,2023,8,Aug,73.04,70.0,-1.96,0.0,Low
11,Badli,Delhi,Industrial,75,70,2023,9,Sep,73.02,69.37,-1.98,-0.63,Low
11,Badli,Delhi,Industrial,75,70,2023,10,Oct,73.6,70.5,-1.4,0.5,Moderate
11,Badli,Delhi,Industrial,75,70,2023,11,Nov,73.2,69.87,-1.8,-0.13,Low
11,Badli,Delhi,Industrial,75,70,2023,12,Dec,72.62,69.28,-2.38,-0.72,Low
11,Badli,Delhi,Industrial,75,70,2024,1,Jan,73.33,69.64,-1.67,-0.36,Low
11,Badli,Delhi,Industrial,75,70,2024,2,Feb,73.37,69.96,-1.63,-0.04,Low
11,Badli,Delhi,Industrial,75,70,2024,3,Mar,73.73,70.5,-1.27,0.5,Moderate
11,Badli,Delhi,Industrial,75,70,2024,4,Apr,74.26,70.35,-0.74,0.35,Moderate
11,Badli,Delhi,Industrial,75,70,2024,5,May,74.73,70.52,-0.27,0.52,Moderate
11,Badli,Delhi,Industrial,75,70,2024,6,Jun,74.81,70.9,-0.19,0.9,Moderate
11,Badli,Delhi,Industrial,75,70,2024,7,Jul,74.67,70.69,-0.33,0.69,Moderate
11,Badli,Delhi,Industrial,75,70,2024,8,Aug,74.09,70.56,-0.91,0.56,Moderate
11,Badli,Delhi,Industrial,75,70,2024,9,Sep,74.25,70.41,-0.75,0.41,Moderate
11,Badli,Delhi,Industrial,75,70,2024,10,Oct,74.1,70.24,-0.9,0.24,Moderate
11,Badli,Delhi,Industrial,75,70,2024,11,Nov,73.53,70.14,-1.47,0.14,Moderate
11,Badli,Delhi,Industrial,75,70,2024,12,Dec,73.05,69.76,-1.95,-0.24,Low
12,Braham Puri,Delhi,Industrial,75,70,2020,1,Jan,68.71,65.71,-6.29,-4.29,Low
12,Braham Puri,Delhi,Industrial,75,70,2020,2,Feb,68.88,65.9,-6.12,-4.1,Low
12,Braham Puri,Delhi,Industrial,75,70,2020,3,Mar,69.52,65.8,-5.48,-4.2,Low
12,Braham Puri,Delhi,Industrial,75,70,2020,4,Apr,69.67,66.37,-5.33,-3.63,Low
12,Braham Puri,Delhi,Industrial,75,70,2020,5,May,69.9,66.72,-5.1,-3.28,Low
12,Braham Puri,Delhi,Industrial,75,70,2020,6,Jun,70.78,67.04,-4.22,-2.96,Low
12,Braham Puri,Delhi,Industrial,75,70,2020,7,Jul,69.95,66.8,-5.05,-3.2,Low
12,Braham Puri,Delhi,Industrial,75,70,2020,8,Aug,69.74,66.23,-5.26,-3.77,Low
12,Braham Puri,Delhi,Industrial,75,70,2020,9,Sep,69.35,66.14,-5.65,-3.86,Low
12,Braham Puri,Delhi,Industrial,75,70,2020,10,Oct,69.6,66.43,-5.4,-3.57,Low
12,Braham Puri,Delhi,Industrial,75,70,2020,11,Nov,69.44,66.1,-5.56,-3.9,Low
12,Braham Puri,Delhi,Industrial,75,70,2020,12,Dec,68.91,65.94,-6.09,-4.06,Low
12,Braham Puri,Delhi,Industrial,75,70,2021,1,Jan,70.34,66.7,-4.66,-3.3,Low
12,Braham Puri,Delhi,Industrial,75,70,2021,2,Feb,69.66,67.39,-5.34,-2.61,Low
12,Braham Puri,Delhi,Industrial,75,70,2021,3,Mar,70.56,67.56,-4.44,-2.44,Low
12,Braham Puri,Delhi,Industrial,75,70,2021,4,Apr,71.01,67.44,-3.99,-2.56,Low
12,Braham Puri,Delhi,Industrial,75,70,2021,5,May,71.74,68.15,-3.26,-1.85,Low
12,Braham Puri,Delhi,Industrial,75,70,2021,6,Jun,71.66,67.68,-3.34,-2.32,Low
12,Braham Puri,Delhi,Industrial,75,70,2021,7,Jul,71.26,67.98,-3.74,-2.02,Low
12,Braham Puri,Delhi,Industrial,75,70,2021,8,Aug,70.73,67.74,-4.27,-2.26,Low
12,Braham Puri,Delhi,Industrial,75,70,2021,9,Sep,70.9,67.72,-4.1,-2.28,Low
12,Braham Puri,Delhi,Industrial,75,70,2021,10,Oct,71.13,67.61,-3.87,-2.39,Low
12,Braham Puri,Delhi,Industrial,75,70,2021,11,Nov,71.1,67.47,-3.9,-2.53,Low
12,Braham Puri,Delhi,Industrial,75,70,2021,12,Dec,70.19,66.91,-4.81,-3.09,Low
12,Braham Puri,Delhi,Industrial,75,70,2022,1,Jan,71.19,67.82,-3.81,-2.18,Low
12,Braham Puri,Delhi,Industrial,75,70,2022,2,Feb,71.46,68.54,-3.54,-1.46,Low
12,Braham Puri,Delhi,Industrial,75,70,2022,3,Mar,71.76,68.28,-3.24,-1.72,Low
12,Braham Puri,Delhi,Industrial,75,70,2022,4,Apr,72.87,68.76,-2.13,-1.24,Low
12,Braham Puri,Delhi,Industrial,75,70,2022,5,May,72.63,69.21,-2.37,-0.79,Low
12,Braham Puri,Delhi,Industrial,75,70,2022,6,Jun,72.85,69.57,-2.15,-0.43,Low
12,Braham Puri,Delhi,Industrial,75,70,2022,7,Jul,72.77,68.8,-2.23,-1.2,Low
12,Braham Puri,Delhi,Industrial,75,70,2022,8,Aug,72.84,68.58,-2.16,-1.42,Low
12,Braham Puri,Delhi,Industrial,75,70,2022,9,Sep,72.29,68.66,-2.71,-1.34,Low
12,Braham Puri,Delhi,Industrial,75,70,2022,10,Oct,72.63,69.11,-2.37,-0.89,Low
12,Braham Puri,Delhi,Industrial,75,70,2022,11,Nov,72.01,68.35,-2.99,-1.65,Low
12,Braham Puri,Delhi,Industrial,75,70,2022,12,Dec,71.51,67.96,-3.49,-2.04,Low
12,Braham Puri,Delhi,Industrial,75,70,2023,1,Jan,72.4,68.43,-2.6,-1.57,Low
12,Braham Puri,Delhi,Industrial,75,70,2023,2,Feb,72.01,68.64,-2.99,-1.36,Low
12,Braham Puri,Delhi,Industrial,75,70,2023,3,Mar,72.36,68.81,-2.64,-1.19,Low
12,Braham Puri,Delhi,Industrial,75,70,2023,4,Apr,73.4,69.07,-1.6,-0.93,Low
12,Braham Puri,Delhi,Industrial,75,70,2023,5,May,73.14,69.51,-1.86,-0.49,Low
12,Braham Puri,Delhi,Industrial,75,70,2023,6,Jun,73.9,69.74,-1.1,-0.26,Low
12,Braham Puri,Delhi,Industrial,75,70,2023,7,Jul,73.45,69.15,-1.55,-0.85,Low
12,Braham Puri,Delhi,Industrial,75,70,2023,8,Aug,72.54,69.4,-2.46,-0.6,Low
12,Braham Puri,Delhi,Industrial,75,70,2023,9,Sep,72.62,68.95,-2.38,-1.05,Low
12,Braham Puri,Delhi,Industrial,75,70,2023,10,Oct,73.23,69.31,-1.77,-0.69,Low
12,Braham Puri,Delhi,Industrial,75,70,2023,11,Nov,72.71,69.33,-2.29,-0.67,Low
12,Braham Puri,Delhi,Industrial,75,70,2023,12,Dec,71.84,68.69,-3.16,-1.31,Low
12,Braham Puri,Delhi,Industrial,75,70,2024,1,Jan,72.51,68.95,-2.49,-1.05,Low
12,Braham Puri,Delhi,Industrial,75,70,2024,2,Feb,73.08,69.2,-1.92,-0.8,Low
12,Braham Puri,Delhi,Industrial,75,70,2024,3,Mar,73.43,69.71,-1.57,-0.29,Low
12,Braham Puri,Delhi,Industrial,75,70,2024,4,Apr,73.61,69.53,-1.39,-0.47,Low
12,Braham Puri,Delhi,Industrial,75,70,2024,5,May,73.74,69.51,-1.26,-0.49,Low
12,Braham Puri,Delhi,Industrial,75,70,2024,6,Jun,74.71,69.88,-0.29,-0.12,Low
12,Braham Puri,Delhi,Industrial,75,70,2024,7,Jul,73.74,69.74,-1.26,-0.26,Low
12,Braham Puri,Delhi,Industrial,75,70,2024,8,Aug,73.58,69.76,-1.42,-0.24,Low
12,Braham Puri,Delhi,Industrial,75,70,2024,9,Sep,73.52,69.38,-1.48,-0.62,Low
12,Braham Puri,Delhi,Industrial,75,70,2024,10,Oct,73.46,69.76,-1.54,-0.24,Low
12,Braham Puri,Delhi,Industrial,75,70,2024,11,Nov,73.14,69.72,-1.86,-0.28,Low
12,Braham Puri,Delhi,Industrial,75,70,2024,12,Dec,72.72,69.15,-2.28,-0.85,Low
13,Tughlakabad,Delhi,Industrial,75,70,2020,1,Jan,68.27,65.23,-6.73,-4.77,Low
13,Tughlakabad,Delhi,Industrial,75,70,2020,2,Feb,68.35,64.94,-6.65,-5.06,Low
13,Tughlakabad,Delhi,Industrial,75,70,2020,3,Mar,69.0,65.47,-6.0,-4.53,Low
13,Tughlakabad,Delhi,Industrial,75,70,2020,4,Apr,69.17,65.92,-5.83,-4.08,Low
13,Tughlakabad,Delhi,Industrial,75,70,2020,5,May,69.91,66.0,-5.09,-4.0,Low
13,Tughlakabad,Delhi,Industrial,75,70,2020,6,Jun,69.88,66.54,-5.12,-3.46,Low
13,Tughlakabad,Delhi,Industrial,75,70,2020,7,Jul,69.46,66.42,-5.54,-3.58,Low
13,Tughlakabad,Delhi,Industrial,75,70,2020,8,Aug,69.24,65.35,-5.76,-4.65,Low
13,Tughlakabad,Delhi,Industrial,75,70,2020,9,Sep,69.09,65.68,-5.91,-4.32,Low
13,Tughlakabad,Delhi,Industrial,75,70,2020,10,Oct,69.42,65.93,-5.58,-4.07,Low
13,Tughlakabad,Delhi,Industrial,75,70,2020,11,Nov,68.77,65.26,-6.23,-4.74,Low
13,Tughlakabad,Delhi,Industrial,75,70,2020,12,Dec,68.15,64.93,-6.85,-5.07,Low
13,Tughlakabad,Delhi,Industrial,75,70,2021,1,Jan,69.35,66.52,-5.65,-3.48,Low
13,Tughlakabad,Delhi,Industrial,75,70,2021,2,Feb,70.12,66.68,-4.88,-3.32,Low
13,Tughlakabad,Delhi,Industrial,75,70,2021,3,Mar,70.0,67.09,-5.0,-2.91,Low
13,Tughlakabad,Delhi,Industrial,75,70,2021,4,Apr,71.0,67.08,-4.0,-2.92,Low
13,Tughlakabad,Delhi,Industrial,75,70,2021,5,May,70.97,67.4,-4.03,-2.6,Low
13,Tughlakabad,Delhi,Industrial,75,70,2021,6,Jun,71.0,67.73,-4.0,-2.27,Low
13,Tughlakabad,Delhi,Industrial,75,70,2021,7,Jul,70.77,67.38,-4.23,-2.62,Low
13,Tughlakabad,Delhi,Industrial,75,70,2021,8,Aug,70.28,67.01,-4.72,-2.99,Low
13,Tughlakabad,Delhi,Industrial,75,70,2021,9,Sep,70.48,66.93,-4.52,-3.07,Low
13,Tughlakabad,Delhi,Industrial,75,70,2021,10,Oct,70.93,67.12,-4.07,-2.88,Low
13,Tughlakabad,Delhi,Industrial,75,70,2021,11,Nov,70.26,67.09,-4.74,-2.91,Low
13,Tughlakabad,Delhi,Industrial,75,70,2021,12,Dec,69.25,66.15,-5.75,-3.85,Low
13,Tughlakabad,Delhi,Industrial,75,70,2022,1,Jan,70.32,67.65,-4.68,-2.35,Low
13,Tughlakabad,Delhi,Industrial,75,70,2022,2,Feb,70.76,68.11,-4.24,-1.89,Low
13,Tughlakabad,Delhi,Industrial,75,70,2022,3,Mar,71.36,68.04,-3.64,-1.96,Low
13,Tughlakabad,Delhi,Industrial,75,70,2022,4,Apr,72.29,68.6,-2.71,-1.4,Low
13,Tughlakabad,Delhi,Industrial,75,70,2022,5,May,72.72,68.64,-2.28,-1.36,Low
13,Tughlakabad,Delhi,Industrial,75,70,2022,6,Jun,72.66,68.72,-2.34,-1.28,Low
13,Tughlakabad,Delhi,Industrial,75,70,2022,7,Jul,72.19,68.19,-2.81,-1.81,Low
13,Tughlakabad,Delhi,Industrial,75,70,2022,8,Aug,71.5,68.1,-3.5,-1.9,Low
13,Tughlakabad,Delhi,Industrial,75,70,2022,9,Sep,71.46,67.91,-3.54,-2.09,Low
13,Tughlakabad,Delhi,Industrial,75,70,2022,10,Oct,71.87,68.39,-3.13,-1.61,Low
13,Tughlakabad,Delhi,Industrial,75,70,2022,11,Nov,71.42,68.2,-3.58,-1.8,Low
13,Tughlakabad,Delhi,Industrial,75,70,2022,12,Dec,70.51,67.46,-4.49,-2.54,Low
13,Tughlakabad,Delhi,Industrial,75,70,2023,1,Jan,71.12,67.43,-3.88,-2.57,Low
13,Tughlakabad,Delhi,Industrial,75,70,2023,2,Feb,71.48,67.98,-3.52,-2.02,Low
13,Tughlakabad,Delhi,Industrial,75,70,2023,3,Mar,72.48,68.53,-2.52,-1.47,Low
13,Tughlakabad,Delhi,Industrial,75,70,2023,4,Apr,72.24,68.97,-2.76,-1.03,Low
13,Tughlakabad,Delhi,Industrial,75,70,2023,5,May,73.11,68.92,-1.89,-1.08,Low
13,Tughlakabad,Delhi,Industrial,75,70,2023,6,Jun,72.94,68.81,-2.06,-1.19,Low
13,Tughlakabad,Delhi,Industrial,75,70,2023,7,Jul,72.51,68.92,-2.49,-1.08,Low
13,Tughlakabad,Delhi,Industrial,75,70,2023,8,Aug,72.77,68.81,-2.23,-1.19,Low
13,Tughlakabad,Delhi,Industrial,75,70,2023,9,Sep,71.98,68.18,-3.02,-1.82,Low
13,Tughlakabad,Delhi,Industrial,75,70,2023,10,Oct,72.34,68.25,-2.66,-1.75,Low
13,Tughlakabad,Delhi,Industrial,75,70,2023,11,Nov,72.08,68.27,-2.92,-1.73,Low
13,Tughlakabad,Delhi,Industrial,75,70,2023,12,Dec,71.28,67.58,-3.72,-2.42,Low
13,Tughlakabad,Delhi,Industrial,75,70,2024,1,Jan,72.03,68.19,-2.97,-1.81,Low
13,Tughlakabad,Delhi,Industrial,75,70,2024,2,Feb,71.81,67.93,-3.19,-2.07,Low
13,Tughlakabad,Delhi,Industrial,75,70,2024,3,Mar,72.69,69.25,-2.31,-0.75,Low
13,Tughlakabad,Delhi,Industrial,75,70,2024,4,Apr,73.52,69.01,-1.48,-0.99,Low
13,Tughlakabad,Delhi,Industrial,75,70,2024,5,May,73.25,69.39,-1.75,-0.61,Low
13,Tughlakabad,Delhi,Industrial,75,70,2024,6,Jun,73.35,69.56,-1.65,-0.44,Low
13,Tughlakabad,Delhi,Industrial,75,70,2024,7,Jul,73.39,69.45,-1.61,-0.55,Low
13,Tughlakabad,Delhi,Industrial,75,70,2024,8,Aug,72.87,68.96,-2.13,-1.04,Low
13,Tughlakabad,Delhi,Industrial,75,70,2024,9,Sep,72.48,68.73,-2.52,-1.27,Low
13,Tughlakabad,Delhi,Industrial,75,70,2024,10,Oct,72.84,69.17,-2.16,-0.83,Low
13,Tughlakabad,Delhi,Industrial,75,70,2024,11,Nov,72.83,68.64,-2.17,-1.36,Low
13,Tughlakabad,Delhi,Industrial,75,70,2024,12,Dec,72.37,68.35,-2.63,-1.65,Low
14,Adarsh Nagar,Delhi,Residential,55,45,2020,1,Jan,65.09,54.25,10.09,9.25,High
14,Adarsh Nagar,Delhi,Residential,55,45,2020,2,Feb,64.69,54.78,9.69,9.78,High
14,Adarsh Nagar,Delhi,Residential,55,45,2020,3,Mar,66.08,54.94,11.08,9.94,High
14,Adarsh Nagar,Delhi,Residential,55,45,2020,4,Apr,66.32,55.3,11.32,10.3,High
14,Adarsh Nagar,Delhi,Residential,55,45,2020,5,May,66.21,55.29,11.21,10.29,High
14,Adarsh Nagar,Delhi,Residential,55,45,2020,6,Jun,67.0,55.35,12.0,10.35,High
14,Adarsh Nagar,Delhi,Residential,55,45,2020,7,Jul,66.47,55.03,11.47,10.03,High
14,Adarsh Nagar,Delhi,Residential,55,45,2020,8,Aug,66.22,55.09,11.22,10.09,High
14,Adarsh Nagar,Delhi,Residential,55,45,2020,9,Sep,65.5,55.23,10.5,10.23,High
14,Adarsh Nagar,Delhi,Residential,55,45,2020,10,Oct,65.92,55.04,10.92,10.04,High
14,Adarsh Nagar,Delhi,Residential,55,45,2020,11,Nov,65.85,55.13,10.85,10.13,High
14,Adarsh Nagar,Delhi,Residential,55,45,2020,12,Dec,64.95,54.51,9.95,9.51,High
14,Adarsh Nagar,Delhi,Residential,55,45,2021,1,Jan,66.61,55.74,11.61,10.74,High
14,Adarsh Nagar,Delhi,Residential,55,45,2021,2,Feb,66.74,55.73,11.74,10.73,High
14,Adarsh Nagar,Delhi,Residential,55,45,2021,3,Mar,67.09,56.22,12.09,11.22,High
14,Adarsh Nagar,Delhi,Residential,55,45,2021,4,Apr,67.43,55.82,12.43,10.82,High
14,Adarsh Nagar,Delhi,Residential,55,45,2021,5,May,68.11,56.78,13.11,11.78,High
14,Adarsh Nagar,Delhi,Residential,55,45,2021,6,Jun,67.61,56.6,12.61,11.6,High
14,Adarsh Nagar,Delhi,Residential,55,45,2021,7,Jul,67.95,56.91,12.95,11.91,High
14,Adarsh Nagar,Delhi,Residential,55,45,2021,8,Aug,67.51,56.15,12.51,11.15,High
14,Adarsh Nagar,Delhi,Residential,55,45,2021,9,Sep,67.25,56.47,12.25,11.47,High
14,Adarsh Nagar,Delhi,Residential,55,45,2021,10,Oct,67.34,56.24,12.34,11.24,High
14,Adarsh Nagar,Delhi,Residential,55,45,2021,11,Nov,67.08,55.91,12.08,10.91,High
14,Adarsh Nagar,Delhi,Residential,55,45,2021,12,Dec,66.63,56.02,11.63,11.02,High
14,Adarsh Nagar,Delhi,Residential,55,45,2022,1,Jan,67.58,56.25,12.58,11.25,High
14,Adarsh Nagar,Delhi,Residential,55,45,2022,2,Feb,67.63,56.19,12.63,11.19,High
14,Adarsh Nagar,Delhi,Residential,55,45,2022,3,Mar,68.52,56.88,13.52,11.88,High
14,Adarsh Nagar,Delhi,Residential,55,45,2022,4,Apr,68.65,57.74,13.65,12.74,High
14,Adarsh Nagar,Delhi,Residential,55,45,2022,5,May,69.07,57.15,14.07,12.15,High
14,Adarsh Nagar,Delhi,Residential,55,45,2022,6,Jun,69.09,57.73,14.09,12.73,High
14,Adarsh Nagar,Delhi,Residential,55,45,2022,7,Jul,68.83,56.91,13.83,11.91,High
14,Adarsh Nagar,Delhi,Residential,55,45,2022,8,Aug,68.73,56.87,13.73,11.87,High
14,Adarsh Nagar,Delhi,Residential,55,45,2022,9,Sep,68.77,57.12,13.77,12.12,High
14,Adarsh Nagar,Delhi,Residential,55,45,2022,10,Oct,68.39,57.36,13.39,12.36,High
14,Adarsh Nagar,Delhi,Residential,55,45,2022,11,Nov,68.22,56.97,13.22,11.97,High
14,Adarsh Nagar,Delhi,Residential,55,45,2022,12,Dec,67.72,56.23,12.72,11.23,High
14,Adarsh Nagar,Delhi,Residential,55,45,2023,1,Jan,67.74,56.81,12.74,11.81,High
14,Adarsh Nagar,Delhi,Residential,55,45,2023,2,Feb,68.02,56.72,13.02,11.72,High
14,Adarsh Nagar,Delhi,Residential,55,45,2023,3,Mar,68.46,57.28,13.46,12.28,High
14,Adarsh Nagar,Delhi,Residential,55,45,2023,4,Apr,69.62,57.19,14.62,12.19,High
14,Adarsh Nagar,Delhi,Residential,55,45,2023,5,May,69.41,57.88,14.41,12.88,High
14,Adarsh Nagar,Delhi,Residential,55,45,2023,6,Jun,69.58,57.89,14.58,12.89,High
14,Adarsh Nagar,Delhi,Residential,55,45,2023,7,Jul,68.93,57.59,13.93,12.59,High
14,Adarsh Nagar,Delhi,Residential,55,45,2023,8,Aug,68.85,57.5,13.85,12.5,High
14,Adarsh Nagar,Delhi,Residential,55,45,2023,9,Sep,69.0,57.72,14.0,12.72,High
14,Adarsh Nagar,Delhi,Residential,55,45,2023,10,Oct,69.04,57.47,14.04,12.47,High
14,Adarsh Nagar,Delhi,Residential,55,45,2023,11,Nov,68.65,57.03,13.65,12.03,High
14,Adarsh Nagar,Delhi,Residential,55,45,2023,12,Dec,68.08,56.64,13.08,11.64,High
14,Adarsh Nagar,Delhi,Residential,55,45,2024,1,Jan,68.44,57.26,13.44,12.26,High
14,Adarsh Nagar,Delhi,Residential,55,45,2024,2,Feb,68.35,57.43,13.35,12.43,High
14,Adarsh Nagar,Delhi,Residential,55,45,2024,3,Mar,69.53,57.58,14.53,12.58,High
14,Adarsh Nagar,Delhi,Residential,55,45,2024,4,Apr,69.07,57.68,14.07,12.68,High
14,Adarsh Nagar,Delhi,Residential,55,45,2024,5,May,70.22,58.0,15.22,13.0,Critical
14,Adarsh Nagar,Delhi,Residential,55,45,2024,6,Jun,69.85,58.1,14.85,13.1,High
14,Adarsh Nagar,Delhi,Residential,55,45,2024,7,Jul,69.91,58.01,14.91,13.01,High
14,Adarsh Nagar,Delhi,Residential,55,45,2024,8,Aug,69.34,57.63,14.34,12.63,High
14,Adarsh Nagar,Delhi,Residential,55,45,2024,9,Sep,69.1,57.42,14.1,12.42,High
14,Adarsh Nagar,Delhi,Residential,55,45,2024,10,Oct,69.8,57.74,14.8,12.74,High
14,Adarsh Nagar,Delhi,Residential,55,45,2024,11,Nov,69.4,57.8,14.4,12.8,High
14,Adarsh Nagar,Delhi,Residential,55,45,2024,12,Dec,68.75,57.01,13.75,12.01,High
15,Ashok Vihar,Delhi,Residential,55,45,2020,1,Jan,64.4,53.6,9.4,8.6,High
15,Ashok Vihar,Delhi,Residential,55,45,2020,2,Feb,64.27,53.86,9.27,8.86,High
15,Ashok Vihar,Delhi,Residential,55,45,2020,3,Mar,64.81,54.44,9.81,9.44,High
15,Ashok Vihar,Delhi,Residential,55,45,2020,4,Apr,65.38,54.44,10.38,9.44,High
15,Ashok Vihar,Delhi,Residential,55,45,2020,5,May,65.87,54.55,10.87,9.55,High
15,Ashok Vihar,Delhi,Residential,55,45,2020,6,Jun,66.15,54.71,11.15,9.71,High
15,Ashok Vihar,Delhi,Residential,55,45,2020,7,Jul,65.82,54.23,10.82,9.23,High
15,Ashok Vihar,Delhi,Residential,55,45,2020,8,Aug,65.33,54.69,10.33,9.69,High
15,Ashok Vihar,Delhi,Residential,55,45,2020,9,Sep,64.85,54.06,9.85,9.06,High
15,Ashok Vihar,Delhi,Residential,55,45,2020,10,Oct,65.43,54.44,10.43,9.44,High
15,Ashok Vihar,Delhi,Residential,55,45,2020,11,Nov,65.09,54.2,10.09,9.2,High
15,Ashok Vihar,Delhi,Residential,55,45,2020,12,Dec,64.56,53.92,9.56,8.92,High
15,Ashok Vihar,Delhi,Residential,55,45,2021,1,Jan,65.8,54.75,10.8,9.75,High
15,Ashok Vihar,Delhi,Residential,55,45,2021,2,Feb,66.07,55.38,11.07,10.38,High
15,Ashok Vihar,Delhi,Residential,55,45,2021,3,Mar,66.47,55.21,11.47,10.21,High
15,Ashok Vihar,Delhi,Residential,55,45,2021,4,Apr,67.18,55.58,12.18,10.58,High
15,Ashok Vihar,Delhi,Residential,55,45,2021,5,May,66.66,55.97,11.66,10.97,High
15,Ashok Vihar,Delhi,Residential,55,45,2021,6,Jun,67.27,55.98,12.27,10.98,High
15,Ashok Vihar,Delhi,Residential,55,45,2021,7,Jul,67.08,55.74,12.08,10.74,High
15,Ashok Vihar,Delhi,Residential,55,45,2021,8,Aug,66.88,55.41,11.88,10.41,High
15,Ashok Vihar,Delhi,Residential,55,45,2021,9,Sep,66.63,55.35,11.63,10.35,High
15,Ashok Vihar,Delhi,Residential,55,45,2021,10,Oct,66.88,55.72,11.88,10.72,High
15,Ashok Vihar,Delhi,Residential,55,45,2021,11,Nov,66.17,55.52,11.17,10.52,High
15,Ashok Vihar,Delhi,Residential,55,45,2021,12,Dec,65.67,55.06,10.67,10.06,High
15,Ashok Vihar,Delhi,Residential,55,45,2022,1,Jan,66.79,55.87,11.79,10.87,High
15,Ashok Vihar,Delhi,Residential,55,45,2022,2,Feb,66.84,55.63,11.84,10.63,High
15,Ashok Vihar,Delhi,Residential,55,45,2022,3,Mar,67.5,56.04,12.5,11.04,High
15,Ashok Vihar,Delhi,Residential,55,45,2022,4,Apr,68.1,55.98,13.1,10.98,High
15,Ashok Vihar,Delhi,Residential,55,45,2022,5,May,67.94,56.29,12.94,11.29,High
15,Ashok Vihar,Delhi,Residential,55,45,2022,6,Jun,68.64,57.04,13.64,12.04,High
15,Ashok Vihar,Delhi,Residential,55,45,2022,7,Jul,67.97,56.37,12.97,11.37,High
15,Ashok Vihar,Delhi,Residential,55,45,2022,8,Aug,67.72,56.43,12.72,11.43,High
15,Ashok Vihar,Delhi,Residential,55,45,2022,9,Sep,67.27,56.15,12.27,11.15,High
15,Ashok Vihar,Delhi,Residential,55,45,2022,10,Oct,67.94,56.4,12.94,11.4,High
15,Ashok Vihar,Delhi,Residential,55,45,2022,11,Nov,67.45,56.2,12.45,11.2,High
15,Ashok Vihar,Delhi,Residential,55,45,2022,12,Dec,66.12,55.74,11.12,10.74,High
15,Ashok Vihar,Delhi,Residential,55,45,2023,1,Jan,66.94,55.43,11.94,10.43,High
15,Ashok Vihar,Delhi,Residential,55,45,2023,2,Feb,67.43,56.27,12.43,11.27,High
15,Ashok Vihar,Delhi,Residential,55,45,2023,3,Mar,67.87,56.59,12.87,11.59,High
15,Ashok Vihar,Delhi,Residential,55,45,2023,4,Apr,68.7,56.86,13.7,11.86,High
15,Ashok Vihar,Delhi,Residential,55,45,2023,5,May,69.01,56.95,14.01,11.95,High
15,Ashok Vihar,Delhi,Residential,55,45,2023,6,Jun,68.82,56.68,13.82,11.68,High
15,Ashok Vihar,Delhi,Residential,55,45,2023,7,Jul,68.34,56.53,13.34,11.53,High
15,Ashok Vihar,Delhi,Residential,55,45,2023,8,Aug,68.64,56.46,13.64,11.46,High
15,Ashok Vihar,Delhi,Residential,55,45,2023,9,Sep,67.93,56.51,12.93,11.51,High
15,Ashok Vihar,Delhi,Residential,55,45,2023,10,Oct,68.11,56.94,13.11,11.94,High
15,Ashok Vihar,Delhi,Residential,55,45,2023,11,Nov,67.64,56.34,12.64,11.34,High
15,Ashok Vihar,Delhi,Residential,55,45,2023,12,Dec,67.01,55.64,12.01,10.64,High
15,Ashok Vihar,Delhi,Residential,55,45,2024,1,Jan,67.45,56.19,12.45,11.19,High
15,Ashok Vihar,Delhi,Residential,55,45,2024,2,Feb,67.69,56.26,12.69,11.26,High
15,Ashok Vihar,Delhi,Residential,55,45,2024,3,Mar,68.05,56.78,13.05,11.78,High
15,Ashok Vihar,Delhi,Residential,55,45,2024,4,Apr,68.42,57.15,13.42,12.15,High
15,Ashok Vihar,Delhi,Residential,55,45,2024,5,May,69.12,56.91,14.12,11.91,High
15,Ashok Vihar,Delhi,Residential,55,45,2024,6,Jun,69.22,57.25,14.22,12.25,High
15,Ashok Vihar,Delhi,Residential,55,45,2024,7,Jul,68.98,57.37,13.98,12.37,High
15,Ashok Vihar,Delhi,Residential,55,45,2024,8,Aug,68.13,56.92,13.13,11.92,High
15,Ashok Vihar,Delhi,Residential,55,45,2024,9,Sep,68.36,56.93,13.36,11.93,High
15,Ashok Vihar,Delhi,Residential,55,45,2024,10,Oct,68.65,56.85,13.65,11.85,High
15,Ashok Vihar,Delhi,Residential,55,45,2024,11,Nov,68.22,56.54,13.22,11.54,High
15,Ashok Vihar,Delhi,Residential,55,45,2024,12,Dec,67.97,56.3,12.97,11.3,High
16,Defence Colony,Delhi,Residential,55,45,2020,1,Jan,62.18,51.19,7.18,6.19,High
16,Defence Colony,Delhi,Residential,55,45,2020,2,Feb,61.72,51.1,6.72,6.1,High
16,Defence Colony,Delhi,Residential,55,45,2020,3,Mar,62.05,51.48,7.05,6.48,High
16,Defence Colony,Delhi,Residential,55,45,2020,4,Apr,62.97,52.1,7.97,7.1,High
16,Defence Colony,Delhi,Residential,55,45,2020,5,May,62.8,52.38,7.8,7.38,High
16,Defence Colony,Delhi,Residential,55,45,2020,6,Jun,63.28,52.43,8.28,7.43,High
16,Defence Colony,Delhi,Residential,55,45,2020,7,Jul,63.4,52.28,8.4,7.28,High
16,Defence Colony,Delhi,Residential,55,45,2020,8,Aug,62.63,51.72,7.63,6.72,High
16,Defence Colony,Delhi,Residential,55,45,2020,9,Sep,61.96,51.66,6.96,6.66,High
16,Defence Colony,Delhi,Residential,55,45,2020,10,Oct,62.65,51.8,7.65,6.8,High
16,Defence Colony,Delhi,Residential,55,45,2020,11,Nov,62.37,51.72,7.37,6.72,High
16,Defence Colony,Delhi,Residential,55,45,2020,12,Dec,61.74,51.17,6.74,6.17,High
16,Defence Colony,Delhi,Residential,55,45,2021,1,Jan,63.14,52.49,8.14,7.49,High
16,Defence Colony,Delhi,Residential,55,45,2021,2,Feb,63.03,52.88,8.03,7.88,High
16,Defence Colony,Delhi,Residential,55,45,2021,3,Mar,63.88,53.0,8.88,8.0,High
16,Defence Colony,Delhi,Residential,55,45,2021,4,Apr,64.48,53.25,9.48,8.25,High
16,Defence Colony,Delhi,Residential,55,45,2021,5,May,64.84,53.46,9.84,8.46,High
16,Defence Colony,Delhi,Residential,55,45,2021,6,Jun,64.65,53.67,9.65,8.67,High
16,Defence Colony,Delhi,Residential,55,45,2021,7,Jul,64.11,53.32,9.11,8.32,High
16,Defence Colony,Delhi,Residential,55,45,2021,8,Aug,64.09,53.06,9.09,8.06,High
16,Defence Colony,Delhi,Residential,55,45,2021,9,Sep,63.87,52.62,8.87,7.62,High
16,Defence Colony,Delhi,Residential,55,45,2021,10,Oct,63.96,53.22,8.96,8.22,High
16,Defence Colony,Delhi,Residential,55,45,2021,11,Nov,63.84,52.69,8.84,7.69,High
16,Defence Colony,Delhi,Residential,55,45,2021,12,Dec,63.52,52.33,8.52,7.33,High
16,Defence Colony,Delhi,Residential,55,45,2022,1,Jan,64.34,53.19,9.34,8.19,High
16,Defence Colony,Delhi,Residential,55,45,2022,2,Feb,64.14,53.66,9.14,8.66,High
16,Defence Colony,Delhi,Residential,55,45,2022,3,Mar,64.6,53.88,9.6,8.88,High
16,Defence Colony,Delhi,Residential,55,45,2022,4,Apr,65.55,53.77,10.55,8.77,High
16,Defence Colony,Delhi,Residential,55,45,2022,5,May,65.95,54.05,10.95,9.05,High
16,Defence Colony,Delhi,Residential,55,45,2022,6,Jun,65.87,54.35,10.87,9.35,High
16,Defence Colony,Delhi,Residential,55,45,2022,7,Jul,65.37,54.16,10.37,9.16,High
16,Defence Colony,Delhi,Residential,55,45,2022,8,Aug,65.3,53.45,10.3,8.45,High
16,Defence Colony,Delhi,Residential,55,45,2022,9,Sep,65.23,53.37,10.23,8.37,High
16,Defence Colony,Delhi,Residential,55,45,2022,10,Oct,65.36,54.13,10.36,9.13,High
16,Defence Colony,Delhi,Residential,55,45,2022,11,Nov,64.53,53.52,9.53,8.52,High
16,Defence Colony,Delhi,Residential,55,45,2022,12,Dec,63.92,53.16,8.92,8.16,High
16,Defence Colony,Delhi,Residential,55,45,2023,1,Jan,64.42,53.56,9.42,8.56,High
16,Defence Colony,Delhi,Residential,55,45,2023,2,Feb,65.03,53.88,10.03,8.88,High
16,Defence Colony,Delhi,Residential,55,45,2023,3,Mar,65.16,53.96,10.16,8.96,High
16,Defence Colony,Delhi,Residential,55,45,2023,4,Apr,65.28,54.04,10.28,9.04,High
16,Defence Colony,Delhi,Residential,55,45,2023,5,May,66.24,54.72,11.24,9.72,High
16,Defence Colony,Delhi,Residential,55,45,2023,6,Jun,65.89,54.48,10.89,9.48,High
16,Defence Colony,Delhi,Residential,55,45,2023,7,Jul,65.79,54.36,10.79,9.36,High
16,Defence Colony,Delhi,Residential,55,45,2023,8,Aug,65.3,54.18,10.3,9.18,High
16,Defence Colony,Delhi,Residential,55,45,2023,9,Sep,65.18,54.0,10.18,9.0,High
16,Defence Colony,Delhi,Residential,55,45,2023,10,Oct,65.64,54.2,10.64,9.2,High
16,Defence Colony,Delhi,Residential,55,45,2023,11,Nov,65.09,53.88,10.09,8.88,High
16,Defence Colony,Delhi,Residential,55,45,2023,12,Dec,64.58,53.43,9.58,8.43,High
16,Defence Colony,Delhi,Residential,55,45,2024,1,Jan,64.94,54.12,9.94,9.12,High
16,Defence Colony,Delhi,Residential,55,45,2024,2,Feb,65.34,53.94,10.34,8.94,High
16,Defence Colony,Delhi,Residential,55,45,2024,3,Mar,65.97,54.33,10.97,9.33,High
16,Defence Colony,Delhi,Residential,55,45,2024,4,Apr,66.49,54.67,11.49,9.67,High
16,Defence Colony,Delhi,Residential,55,45,2024,5,May,66.47,54.89,11.47,9.89,High
16,Defence Colony,Delhi,Residential,55,45,2024,6,Jun,66.31,54.77,11.31,9.77,High
16,Defence Colony,Delhi,Residential,55,45,2024,7,Jul,66.0,54.73,11.0,9.73,High
16,Defence Colony,Delhi,Residential,55,45,2024,8,Aug,66.43,54.95,11.43,9.95,High
16,Defence Colony,Delhi,Residential,55,45,2024,9,Sep,65.96,54.5,10.96,9.5,High
16,Defence Colony,Delhi,Residential,55,45,2024,10,Oct,65.55,54.49,10.55,9.49,High
16,Defence Colony,Delhi,Residential,55,45,2024,11,Nov,65.5,54.18,10.5,9.18,High
16,Defence Colony,Delhi,Residential,55,45,2024,12,Dec,65.06,53.81,10.06,8.81,High
17,Dwaraka,Delhi,Residential,55,45,2020,1,Jan,61.81,51.75,6.81,6.75,High
17,Dwaraka,Delhi,Residential,55,45,2020,2,Feb,62.23,51.85,7.23,6.85,High
17,Dwaraka,Delhi,Residential,55,45,2020,3,Mar,63.62,52.02,8.62,7.02,High
17,Dwaraka,Delhi,Residential,55,45,2020,4,Apr,62.87,52.34,7.87,7.34,High
17,Dwaraka,Delhi,Residential,55,45,2020,5,May,64.08,52.99,9.08,7.99,High
17,Dwaraka,Delhi,Residential,55,45,2020,6,Jun,63.69,52.9,8.69,7.9,High
17,Dwaraka,Delhi,Residential,55,45,2020,7,Jul,63.48,52.48,8.48,7.48,High
17,Dwaraka,Delhi,Residential,55,45,2020,8,Aug,63.96,52.0,8.96,7.0,High
17,Dwaraka,Delhi,Residential,55,45,2020,9,Sep,63.16,52.29,8.16,7.29,High
17,Dwaraka,Delhi,Residential,55,45,2020,10,Oct,63.57,52.42,8.57,7.42,High
17,Dwaraka,Delhi,Residential,55,45,2020,11,Nov,63.08,52.02,8.08,7.02,High
17,Dwaraka,Delhi,Residential,55,45,2020,12,Dec,62.47,51.63,7.47,6.63,High
17,Dwaraka,Delhi,Residential,55,45,2021,1,Jan,63.86,52.73,8.86,7.73,High
17,Dwaraka,Delhi,Residential,55,45,2021,2,Feb,63.99,52.99,8.99,7.99,High
17,Dwaraka,Delhi,Residential,55,45,2021,3,Mar,64.78,53.39,9.78,8.39,High
17,Dwaraka,Delhi,Residential,55,45,2021,4,Apr,64.46,53.85,9.46,8.85,High
17,Dwaraka,Delhi,Residential,55,45,2021,5,May,64.97,53.67,9.97,8.67,High
17,Dwaraka,Delhi,Residential,55,45,2021,6,Jun,65.25,54.27,10.25,9.27,High
17,Dwaraka,Delhi,Residential,55,45,2021,7,Jul,64.47,54.33,9.47,9.33,High
17,Dwaraka,Delhi,Residential,55,45,2021,8,Aug,64.96,53.54,9.96,8.54,High
17,Dwaraka,Delhi,Residential,55,45,2021,9,Sep,64.49,53.46,9.49,8.46,High
17,Dwaraka,Delhi,Residential,55,45,2021,10,Oct,64.83,53.73,9.83,8.73,High
17,Dwaraka,Delhi,Residential,55,45,2021,11,Nov,64.54,53.32,9.54,8.32,High
17,Dwaraka,Delhi,Residential,55,45,2021,12,Dec,63.75,52.87,8.75,7.87,High
17,Dwaraka,Delhi,Residential,55,45,2022,1,Jan,64.65,53.73,9.65,8.73,High
17,Dwaraka,Delhi,Residential,55,45,2022,2,Feb,65.05,53.11,10.05,8.11,High
17,Dwaraka,Delhi,Residential,55,45,2022,3,Mar,65.66,54.14,10.66,9.14,High
17,Dwaraka,Delhi,Residential,55,45,2022,4,Apr,65.9,54.22,10.9,9.22,High
17,Dwaraka,Delhi,Residential,55,45,2022,5,May,66.48,54.69,11.48,9.69,High
17,Dwaraka,Delhi,Residential,55,45,2022,6,Jun,66.21,54.78,11.21,9.78,High
17,Dwaraka,Delhi,Residential,55,45,2022,7,Jul,65.76,54.12,10.76,9.12,High
17,Dwaraka,Delhi,Residential,55,45,2022,8,Aug,65.54,54.37,10.54,9.37,High
17,Dwaraka,Delhi,Residential,55,45,2022,9,Sep,65.74,54.2,10.74,9.2,High
17,Dwaraka,Delhi,Residential,55,45,2022,10,Oct,65.88,54.4,10.88,9.4,High
17,Dwaraka,Delhi,Residential,55,45,2022,11,Nov,65.24,54.09,10.24,9.09,High
17,Dwaraka,Delhi,Residential,55,45,2022,12,Dec,65.0,53.75,10.0,8.75,High
17,Dwaraka,Delhi,Residential,55,45,2023,1,Jan,65.4,53.94,10.4,8.94,High
17,Dwaraka,Delhi,Residential,55,45,2023,2,Feb,65.39,54.21,10.39,9.21,High
17,Dwaraka,Delhi,Residential,55,45,2023,3,Mar,65.89,54.22,10.89,9.22,High
17,Dwaraka,Delhi,Residential,55,45,2023,4,Apr,66.26,54.45,11.26,9.45,High
17,Dwaraka,Delhi,Residential,55,45,2023,5,May,66.43,54.77,11.43,9.77,High
17,Dwaraka,Delhi,Residential,55,45,2023,6,Jun,66.6,54.94,11.6,9.94,High
17,Dwaraka,Delhi,Residential,55,45,2023,7,Jul,65.93,54.74,10.93,9.74,High
17,Dwaraka,Delhi,Residential,55,45,2023,8,Aug,66.1,54.34,11.1,9.34,High
17,Dwaraka,Delhi,Residential,55,45,2023,9,Sep,66.06,54.59,11.06,9.59,High
17,Dwaraka,Delhi,Residential,55,45,2023,10,Oct,65.7,54.45,10.7,9.45,High
17,Dwaraka,Delhi,Residential,55,45,2023,11,Nov,65.61,54.11,10.61,9.11,High
17,Dwaraka,Delhi,Residential,55,45,2023,12,Dec,65.41,53.86,10.41,8.86,High
17,Dwaraka,Delhi,Residential,55,45,2024,1,Jan,65.53,53.8,10.53,8.8,High
17,Dwaraka,Delhi,Residential,55,45,2024,2,Feb,65.96,54.15,10.96,9.15,High
17,Dwaraka,Delhi,Residential,55,45,2024,3,Mar,66.41,54.86,11.41,9.86,High
17,Dwaraka,Delhi,Residential,55,45,2024,4,Apr,67.14,54.74,12.14,9.74,High
17,Dwaraka,Delhi,Residential,55,45,2024,5,May,66.35,55.24,11.35,10.24,High
17,Dwaraka,Delhi,Residential,55,45,2024,6,Jun,67.75,55.65,12.75,10.65,High
17,Dwaraka,Delhi,Residential,55,45,2024,7,Jul,66.95,55.0,11.95,10.0,High
17,Dwaraka,Delhi,Residential,55,45,2024,8,Aug,66.8,54.71,11.8,9.71,High
17,Dwaraka,Delhi,Residential,55,45,2024,9,Sep,66.52,54.9,11.52,9.9,High
17,Dwaraka,Delhi,Residential,55,45,2024,10,Oct,66.87,55.55,11.87,10.55,High
17,Dwaraka,Delhi,Residential,55,45,2024,11,Nov,66.4,54.6,11.4,9.6,High
17,Dwaraka,Delhi,Residential,55,45,2024,12,Dec,65.69,53.95,10.69,8.95,High
18,Greater Kailash,Delhi,Residential,55,45,2020,1,Jan,60.93,50.32,5.93,5.32,High
18,Greater Kailash,Delhi,Residential,55,45,2020,2,Feb,61.17,50.63,6.17,5.63,High
18,Greater Kailash,Delhi,Residential,55,45,2020,3,Mar,61.69,51.22,6.69,6.22,High
18,Greater Kailash,Delhi,Residential,55,45,2020,4,Apr,62.3,51.2,7.3,6.2,High
18,Greater Kailash,Delhi,Residential,55,45,2020,5,May,62.52,51.43,7.52,6.43,High
18,Greater Kailash,Delhi,Residential,55,45,2020,6,Jun,63.01,51.43,8.01,6.43,High
18,Greater Kailash,Delhi,Residential,55,45,2020,7,Jul,62.24,51.24,7.24,6.24,High
18,Greater Kailash,Delhi,Residential,55,45,2020,8,Aug,61.76,50.94,6.76,5.94,High
18,Greater Kailash,Delhi,Residential,55,45,2020,9,Sep,61.78,51.17,6.78,6.17,High
18,Greater Kailash,Delhi,Residential,55,45,2020,10,Oct,62.17,51.24,7.17,6.24,High
18,Greater Kailash,Delhi,Residential,55,45,2020,11,Nov,62.01,50.87,7.01,5.87,High
18,Greater Kailash,Delhi,Residential,55,45,2020,12,Dec,61.3,50.48,6.3,5.48,High
18,Greater Kailash,Delhi,Residential,55,45,2021,1,Jan,62.57,51.48,7.57,6.48,High
18,Greater Kailash,Delhi,Residential,55,45,2021,2,Feb,62.09,51.77,7.09,6.77,High
18,Greater Kailash,Delhi,Residential,55,45,2021,3,Mar,63.66,52.39,8.66,7.39,High
18,Greater Kailash,Delhi,Residential,55,45,2021,4,Apr,63.94,52.65,8.94,7.65,High
18,Greater Kailash,Delhi,Residential,55,45,2021,5,May,64.02,52.64,9.02,7.64,High
18,Greater Kailash,Delhi,Residential,55,45,2021,6,Jun,64.05,52.74,9.05,7.74,High
18,Greater Kailash,Delhi,Residential,55,45,2021,7,Jul,63.95,52.74,8.95,7.74,High
18,Greater Kailash,Delhi,Residential,55,45,2021,8,Aug,63.47,52.21,8.47,7.21,High
18,Greater Kailash,Delhi,Residential,55,45,2021,9,Sep,63.3,52.32,8.3,7.32,High
18,Greater Kailash,Delhi,Residential,55,45,2021,10,Oct,63.14,51.94,8.14,6.94,High
18,Greater Kailash,Delhi,Residential,55,45,2021,11,Nov,63.06,51.86,8.06,6.86,High
18,Greater Kailash,Delhi,Residential,55,45,2021,12,Dec,62.47,51.67,7.47,6.67,High
18,Greater Kailash,Delhi,Residential,55,45,2022,1,Jan,63.39,52.59,8.39,7.59,High
18,Greater Kailash,Delhi,Residential,55,45,2022,2,Feb,63.78,52.56,8.78,7.56,High
18,Greater Kailash,Delhi,Residential,55,45,2022,3,Mar,64.46,52.67,9.46,7.67,High
18,Greater Kailash,Delhi,Residential,55,45,2022,4,Apr,64.96,53.08,9.96,8.08,High
18,Greater Kailash,Delhi,Residential,55,45,2022,5,May,65.17,53.09,10.17,8.09,High
18,Greater Kailash,Delhi,Residential,55,45,2022,6,Jun,64.81,53.66,9.81,8.66,High
18,Greater Kailash,Delhi,Residential,55,45,2022,7,Jul,64.89,53.02,9.89,8.02,High
18,Greater Kailash,Delhi,Residential,55,45,2022,8,Aug,64.28,53.23,9.28,8.23,High
18,Greater Kailash,Delhi,Residential,55,45,2022,9,Sep,64.0,53.23,9.0,8.23,High
18,Greater Kailash,Delhi,Residential,55,45,2022,10,Oct,64.27,53.23,9.27,8.23,High
18,Greater Kailash,Delhi,Residential,55,45,2022,11,Nov,64.12,52.92,9.12,7.92,High
18,Greater Kailash,Delhi,Residential,55,45,2022,12,Dec,63.46,52.37,8.46,7.37,High
18,Greater Kailash,Delhi,Residential,55,45,2023,1,Jan,63.91,52.4,8.91,7.4,High
18,Greater Kailash,Delhi,Residential,55,45,2023,2,Feb,64.29,52.7,9.29,7.7,High
18,Greater Kailash,Delhi,Residential,55,45,2023,3,Mar,64.64,53.0,9.64,8.0,High
18,Greater Kailash,Delhi,Residential,55,45,2023,4,Apr,64.46,53.36,9.46,8.36,High
18,Greater Kailash,Delhi,Residential,55,45,2023,5,May,66.0,53.76,11.0,8.76,High
18,Greater Kailash,Delhi,Residential,55,45,2023,6,Jun,65.6,53.75,10.6,8.75,High
18,Greater Kailash,Delhi,Residential,55,45,2023,7,Jul,65.21,53.61,10.21,8.61,High
18,Greater Kailash,Delhi,Residential,55,45,2023,8,Aug,64.6,53.52,9.6,8.52,High
18,Greater Kailash,Delhi,Residential,55,45,2023,9,Sep,64.88,53.34,9.88,8.34,High
18,Greater Kailash,Delhi,Residential,55,45,2023,10,Oct,65.01,53.4,10.01,8.4,High
18,Greater Kailash,Delhi,Residential,55,45,2023,11,Nov,64.77,53.22,9.77,8.22,High
18,Greater Kailash,Delhi,Residential,55,45,2023,12,Dec,63.91,52.59,8.91,7.59,High
18,Greater Kailash,Delhi,Residential,55,45,2024,1,Jan,64.43,53.31,9.43,8.31,High
18,Greater Kailash,Delhi,Residential,55,45,2024,2,Feb,64.29,52.91,9.29,7.91,High
18,Greater Kailash,Delhi,Residential,55,45,2024,3,Mar,65.24,53.61,10.24,8.61,High
18,Greater Kailash,Delhi,Residential,55,45,2024,4,Apr,65.64,53.85,10.64,8.85,High
18,Greater Kailash,Delhi,Residential,55,45,2024,5,May,65.84,54.3,10.84,9.3,High
18,Greater Kailash,Delhi,Residential,55,45,2024,6,Jun,65.7,54.03,10.7,9.03,High
18,Greater Kailash,Delhi,Residential,55,45,2024,7,Jul,65.67,53.57,10.67,8.57,High
18,Greater Kailash,Delhi,Residential,55,45,2024,8,Aug,65.36,54.03,10.36,9.03,High
18,Greater Kailash,Delhi,Residential,55,45,2024,9,Sep,65.21,53.65,10.21,8.65,High
18,Greater Kailash,Delhi,Residential,55,45,2024,10,Oct,65.08,53.68,10.08,8.68,High
18,Greater Kailash,Delhi,Residential,55,45,2024,11,Nov,65.01,53.44,10.01,8.44,High
18,Greater Kailash,Delhi,Residential,55,45,2024,12,Dec,64.82,53.21,9.82,8.21,High
19,Inder Puri,Delhi,Residential,55,45,2020,1,Jan,63.42,53.25,8.42,8.25,High
19,Inder Puri,Delhi,Residential,55,45,2020,2,Feb,64.02,53.63,9.02,8.63,High
19,Inder Puri,Delhi,Residential,55,45,2020,3,Mar,64.9,53.6,9.9,8.6,High
19,Inder Puri,Delhi,Residential,55,45,2020,4,Apr,64.7,53.75,9.7,8.75,High
19,Inder Puri,Delhi,Residential,55,45,2020,5,May,65.14,54.29,10.14,9.29,High
19,Inder Puri,Delhi,Residential,55,45,2020,6,Jun,65.65,54.38,10.65,9.38,High
19,Inder Puri,Delhi,Residential,55,45,2020,7,Jul,64.92,54.13,9.92,9.13,High
19,Inder Puri,Delhi,Residential,55,45,2020,8,Aug,64.49,54.32,9.49,9.32,High
19,Inder Puri,Delhi,Residential,55,45,2020,9,Sep,64.1,53.84,9.1,8.84,High
19,Inder Puri,Delhi,Residential,55,45,2020,10,Oct,65.21,54.0,10.21,9.0,High
19,Inder Puri,Delhi,Residential,55,45,2020,11,Nov,64.35,53.63,9.35,8.63,High
19,Inder Puri,Delhi,Residential,55,45,2020,12,Dec,63.75,53.57,8.75,8.57,High
19,Inder Puri,Delhi,Residential,55,45,2021,1,Jan,64.55,54.71,9.55,9.71,High
19,Inder Puri,Delhi,Residential,55,45,2021,2,Feb,64.94,54.55,9.94,9.55,High
19,Inder Puri,Delhi,Residential,55,45,2021,3,Mar,65.79,55.12,10.79,10.12,High
19,Inder Puri,Delhi,Residential,55,45,2021,4,Apr,65.9,55.29,10.9,10.29,High
19,Inder Puri,Delhi,Residential,55,45,2021,5,May,67.11,55.13,12.11,10.13,High
19,Inder Puri,Delhi,Residential,55,45,2021,6,Jun,66.85,55.47,11.85,10.47,High
19,Inder Puri,Delhi,Residential,55,45,2021,7,Jul,66.51,55.3,11.51,10.3,High
19,Inder Puri,Delhi,Residential,55,45,2021,8,Aug,65.94,55.2,10.94,10.2,High
19,Inder Puri,Delhi,Residential,55,45,2021,9,Sep,66.35,54.96,11.35,9.96,High
19,Inder Puri,Delhi,Residential,55,45,2021,10,Oct,66.28,54.94,11.28,9.94,High
19,Inder Puri,Delhi,Residential,55,45,2021,11,Nov,65.56,54.99,10.56,9.99,High
19,Inder Puri,Delhi,Residential,55,45,2021,12,Dec,65.57,54.57,10.57,9.57,High
19,Inder Puri,Delhi,Residential,55,45,2022,1,Jan,66.02,55.1,11.02,10.1,High
19,Inder Puri,Delhi,Residential,55,45,2022,2,Feb,65.99,55.42,10.99,10.42,High
19,Inder Puri,Delhi,Residential,55,45,2022,3,Mar,67.12,55.61,12.12,10.61,High
19,Inder Puri,Delhi,Residential,55,45,2022,4,Apr,67.18,55.95,12.18,10.95,High
19,Inder Puri,Delhi,Residential,55,45,2022,5,May,67.49,56.09,12.49,11.09,High
19,Inder Puri,Delhi,Residential,55,45,2022,6,Jun,68.32,56.25,13.32,11.25,High
19,Inder Puri,Delhi,Residential,55,45,2022,7,Jul,67.31,55.87,12.31,10.87,High
19,Inder Puri,Delhi,Residential,55,45,2022,8,Aug,67.29,55.76,12.29,10.76,High
19,Inder Puri,Delhi,Residential,55,45,2022,9,Sep,66.74,55.96,11.74,10.96,High
19,Inder Puri,Delhi,Residential,55,45,2022,10,Oct,67.45,55.78,12.45,10.78,High
19,Inder Puri,Delhi,Residential,55,45,2022,11,Nov,66.33,55.8,11.33,10.8,High
19,Inder Puri,Delhi,Residential,55,45,2022,12,Dec,66.03,55.36,11.03,10.36,High
19,Inder Puri,Delhi,Residential,55,45,2023,1,Jan,66.01,55.58,11.01,10.58,High
19,Inder Puri,Delhi,Residential,55,45,2023,2,Feb,66.4,55.75,11.4,10.75,High
19,Inder Puri,Delhi,Residential,55,45,2023,3,Mar,67.3,55.81,12.3,10.81,High
19,Inder Puri,Delhi,Residential,55,45,2023,4,Apr,67.6,56.34,12.6,11.34,High
19,Inder Puri,Delhi,Residential,55,45,2023,5,May,68.03,56.52,13.03,11.52,High
19,Inder Puri,Delhi,Residential,55,45,2023,6,Jun,68.69,56.29,13.69,11.29,High
19,Inder Puri,Delhi,Residential,55,45,2023,7,Jul,68.2,56.32,13.2,11.32,High
19,Inder Puri,Delhi,Residential,55,45,2023,8,Aug,67.28,55.83,12.28,10.83,High
19,Inder Puri,Delhi,Residential,55,45,2023,9,Sep,67.25,56.18,12.25,11.18,High
19,Inder Puri,Delhi,Residential,55,45,2023,10,Oct,67.47,56.5,12.47,11.5,High
19,Inder Puri,Delhi,Residential,55,45,2023,11,Nov,66.84,55.9,11.84,10.9,High
19,Inder Puri,Delhi,Residential,55,45,2023,12,Dec,66.29,55.57,11.29,10.57,High
19,Inder Puri,Delhi,Residential,55,45,2024,1,Jan,67.22,55.72,12.22,10.72,High
19,Inder Puri,Delhi,Residential,55,45,2024,2,Feb,66.55,56.04,11.55,11.04,High
19,Inder Puri,Delhi,Residential,55,45,2024,3,Mar,67.91,56.48,12.91,11.48,High
19,Inder Puri,Delhi,Residential,55,45,2024,4,Apr,68.51,56.39,13.51,11.39,High
19,Inder Puri,Delhi,Residential,55,45,2024,5,May,68.67,57.04,13.67,12.04,High
19,Inder Puri,Delhi,Residential,55,45,2024,6,Jun,68.26,57.06,13.26,12.06,High
19,Inder Puri,Delhi,Residential,55,45,2024,7,Jul,68.17,56.68,13.17,11.68,High
19,Inder Puri,Delhi,Residential,55,45,2024,8,Aug,68.09,56.4,13.09,11.4,High
19,Inder Puri,Delhi,Residential,55,45,2024,9,Sep,67.63,56.41,12.63,11.41,High
19,Inder Puri,Delhi,Residential,55,45,2024,10,Oct,67.73,56.38,12.73,11.38,High
19,Inder Puri,Delhi,Residential,55,45,2024,11,Nov,67.87,56.07,12.87,11.07,High
19,Inder Puri,Delhi,Residential,55,45,2024,12,Dec,67.27,55.99,12.27,10.99,High
20,Janak Puri,Delhi,Residential,55,45,2020,1,Jan,62.87,52.46,7.87,7.46,High
20,Janak Puri,Delhi,Residential,55,45,2020,2,Feb,63.8,52.6,8.8,7.6,High
20,Janak Puri,Delhi,Residential,55,45,2020,3,Mar,63.98,53.29,8.98,8.29,High
20,Janak Puri,Delhi,Residential,55,45,2020,4,Apr,64.7,53.35,9.7,8.35,High
20,Janak Puri,Delhi,Residential,55,45,2020,5,May,64.65,53.88,9.65,8.88,High
20,Janak Puri,Delhi,Residential,55,45,2020,6,Jun,65.43,54.0,10.43,9.0,High
20,Janak Puri,Delhi,Residential,55,45,2020,7,Jul,64.62,53.34,9.62,8.34,High
20,Janak Puri,Delhi,Residential,55,45,2020,8,Aug,64.09,53.4,9.09,8.4,High
20,Janak Puri,Delhi,Residential,55,45,2020,9,Sep,64.2,53.48,9.2,8.48,High
20,Janak Puri,Delhi,Residential,55,45,2020,10,Oct,64.46,53.1,9.46,8.1,High
20,Janak Puri,Delhi,Residential,55,45,2020,11,Nov,64.26,52.9,9.26,7.9,High
20,Janak Puri,Delhi,Residential,55,45,2020,12,Dec,63.3,52.75,8.3,7.75,High
20,Janak Puri,Delhi,Residential,55,45,2021,1,Jan,65.2,54.42,10.2,9.42,High
20,Janak Puri,Delhi,Residential,55,45,2021,2,Feb,65.05,53.96,10.05,8.96,High
20,Janak Puri,Delhi,Residential,55,45,2021,3,Mar,65.63,54.58,10.63,9.58,High
20,Janak Puri,Delhi,Residential,55,45,2021,4,Apr,65.82,54.96,10.82,9.96,High
20,Janak Puri,Delhi,Residential,55,45,2021,5,May,66.26,54.9,11.26,9.9,High
20,Janak Puri,Delhi,Residential,55,45,2021,6,Jun,66.57,55.08,11.57,10.08,High
20,Janak Puri,Delhi,Residential,55,45,2021,7,Jul,66.21,54.58,11.21,9.58,High
20,Janak Puri,Delhi,Residential,55,45,2021,8,Aug,65.56,54.28,10.56,9.28,High
20,Janak Puri,Delhi,Residential,55,45,2021,9,Sep,65.61,54.56,10.61,9.56,High
20,Janak Puri,Delhi,Residential,55,45,2021,10,Oct,65.81,54.93,10.81,9.93,High
20,Janak Puri,Delhi,Residential,55,45,2021,11,Nov,65.4,54.43,10.4,9.43,High
20,Janak Puri,Delhi,Residential,55,45,2021,12,Dec,64.53,53.82,9.53,8.82,High
20,Janak Puri,Delhi,Residential,55,45,2022,1,Jan,65.87,54.67,10.87,9.67,High
20,Janak Puri,Delhi,Residential,55,45,2022,2,Feb,65.83,54.69,10.83,9.69,High
20,Janak Puri,Delhi,Residential,55,45,2022,3,Mar,66.12,55.03,11.12,10.03,High
20,Janak Puri,Delhi,Residential,55,45,2022,4,Apr,67.12,55.42,12.12,10.42,High
20,Janak Puri,Delhi,Residential,55,45,2022,5,May,67.33,55.51,12.33,10.51,High
20,Janak Puri,Delhi,Residential,55,45,2022,6,Jun,67.4,55.57,12.4,10.57,High
20,Janak Puri,Delhi,Residential,55,45,2022,7,Jul,67.17,55.48,12.17,10.48,High
20,Janak Puri,Delhi,Residential,55,45,2022,8,Aug,66.82,55.09,11.82,10.09,High
20,Janak Puri,Delhi,Residential,55,45,2022,9,Sep,65.96,55.32,10.96,10.32,High
20,Janak Puri,Delhi,Residential,55,45,2022,10,Oct,66.58,55.13,11.58,10.13,High
20,Janak Puri,Delhi,Residential,55,45,2022,11,Nov,66.57,54.92,11.57,9.92,High
20,Janak Puri,Delhi,Residential,55,45,2022,12,Dec,66.06,54.72,11.06,9.72,High
20,Janak Puri,Delhi,Residential,55,45,2023,1,Jan,66.27,54.53,11.27,9.53,High
20,Janak Puri,Delhi,Residential,55,45,2023,2,Feb,66.6,55.05,11.6,10.05,High
20,Janak Puri,Delhi,Residential,55,45,2023,3,Mar,66.81,55.43,11.81,10.43,High
20,Janak Puri,Delhi,Residential,55,45,2023,4,Apr,66.86,55.68,11.86,10.68,High
20,Janak Puri,Delhi,Residential,55,45,2023,5,May,67.34,55.53,12.34,10.53,High
20,Janak Puri,Delhi,Residential,55,45,2023,6,Jun,67.42,56.22,12.42,11.22,High
20,Janak Puri,Delhi,Residential,55,45,2023,7,Jul,67.24,56.01,12.24,11.01,High
20,Janak Puri,Delhi,Residential,55,45,2023,8,Aug,66.97,55.16,11.97,10.16,High
20,Janak Puri,Delhi,Residential,55,45,2023,9,Sep,66.62,55.65,11.62,10.65,High
20,Janak Puri,Delhi,Residential,55,45,2023,10,Oct,67.06,55.49,12.06,10.49,High
20,Janak Puri,Delhi,Residential,55,45,2023,11,Nov,66.84,55.4,11.84,10.4,High
20,Janak Puri,Delhi,Residential,55,45,2023,12,Dec,66.48,55.19,11.48,10.19,High
20,Janak Puri,Delhi,Residential,55,45,2024,1,Jan,66.51,54.93,11.51,9.93,High
20,Janak Puri,Delhi,Residential,55,45,2024,2,Feb,66.7,55.45,11.7,10.45,High
20,Janak Puri,Delhi,Residential,55,45,2024,3,Mar,67.16,55.61,12.16,10.61,High
20,Janak Puri,Delhi,Residential,55,45,2024,4,Apr,67.89,55.99,12.89,10.99,High
20,Janak Puri,Delhi,Residential,55,45,2024,5,May,68.11,56.05,13.11,11.05,High
20,Janak Puri,Delhi,Residential,55,45,2024,6,Jun,68.24,56.22,13.24,11.22,High
20,Janak Puri,Delhi,Residential,55,45,2024,7,Jul,68.12,56.31,13.12,11.31,High
20,Janak Puri,Delhi,Residential,55,45,2024,8,Aug,67.14,55.71,12.14,10.71,High
20,Janak Puri,Delhi,Residential,55,45,2024,9,Sep,67.03,55.67,12.03,10.67,High
20,Janak Puri,Delhi,Residential,55,45,2024,10,Oct,67.58,55.71,12.58,10.71,High
20,Janak Puri,Delhi,Residential,55,45,2024,11,Nov,67.07,55.5,12.07,10.5,High
20,Janak Puri,Delhi,Residential,55,45,2024,12,Dec,66.75,55.31,11.75,10.31,High
21,Kondli,Delhi,Residential,55,45,2020,1,Jan,62.52,52.24,7.52,7.24,High
21,Kondli,Delhi,Residential,55,45,2020,2,Feb,62.76,52.35,7.76,7.35,High
21,Kondli,Delhi,Residential,55,45,2020,3,Mar,63.92,53.07,8.92,8.07,High
21,Kondli,Delhi,Residential,55,45,2020,4,Apr,63.58,53.17,8.58,8.17,High
21,Kondli,Delhi,Residential,55,45,2020,5,May,64.4,52.97,9.4,7.97,High
21,Kondli,Delhi,Residential,55,45,2020,6,Jun,64.6,53.71,9.6,8.71,High
21,Kondli,Delhi,Residential,55,45,2020,7,Jul,63.72,52.92,8.72,7.92,High
21,Kondli,Delhi,Residential,55,45,2020,8,Aug,63.95,52.95,8.95,7.95,High
21,Kondli,Delhi,Residential,55,45,2020,9,Sep,63.64,52.87,8.64,7.87,High
21,Kondli,Delhi,Residential,55,45,2020,10,Oct,63.8,52.73,8.8,7.73,High
21,Kondli,Delhi,Residential,55,45,2020,11,Nov,63.66,52.93,8.66,7.93,High
21,Kondli,Delhi,Residential,55,45,2020,12,Dec,62.74,52.29,7.74,7.29,High
21,Kondli,Delhi,Residential,55,45,2021,1,Jan,63.72,53.5,8.72,8.5,High
21,Kondli,Delhi,Residential,55,45,2021,2,Feb,64.44,53.59,9.44,8.59,High
21,Kondli,Delhi,Residential,55,45,2021,3,Mar,65.18,53.93,10.18,8.93,High
21,Kondli,Delhi,Residential,55,45,2021,4,Apr,65.44,54.0,10.44,9.0,High
21,Kondli,Delhi,Residential,55,45,2021,5,May,65.59,54.37,10.59,9.37,High
21,Kondli,Delhi,Residential,55,45,2021,6,Jun,65.86,54.53,10.86,9.53,High
21,Kondli,Delhi,Residential,55,45,2021,7,Jul,65.37,54.47,10.37,9.47,High
21,Kondli,Delhi,Residential,55,45,2021,8,Aug,64.99,53.78,9.99,8.78,High
21,Kondli,Delhi,Residential,55,45,2021,9,Sep,65.34,54.28,10.34,9.28,High
21,Kondli,Delhi,Residential,55,45,2021,10,Oct,64.78,54.34,9.78,9.34,High
21,Kondli,Delhi,Residential,55,45,2021,11,Nov,64.67,53.95,9.67,8.95,High
21,Kondli,Delhi,Residential,55,45,2021,12,Dec,64.27,53.45,9.27,8.45,High
21,Kondli,Delhi,Residential,55,45,2022,1,Jan,64.9,53.96,9.9,8.96,High
21,Kondli,Delhi,Residential,55,45,2022,2,Feb,65.07,54.13,10.07,9.13,High
21,Kondli,Delhi,Residential,55,45,2022,3,Mar,65.88,54.56,10.88,9.56,High
21,Kondli,Delhi,Residential,55,45,2022,4,Apr,66.47,55.2,11.47,10.2,High
21,Kondli,Delhi,Residential,55,45,2022,5,May,66.45,55.15,11.45,10.15,High
21,Kondli,Delhi,Residential,55,45,2022,6,Jun,66.92,55.39,11.92,10.39,High
21,Kondli,Delhi,Residential,55,45,2022,7,Jul,66.42,55.15,11.42,10.15,High
21,Kondli,Delhi,Residential,55,45,2022,8,Aug,66.22,54.55,11.22,9.55,High
21,Kondli,Delhi,Residential,55,45,2022,9,Sep,66.12,54.88,11.12,9.88,High
21,Kondli,Delhi,Residential,55,45,2022,10,Oct,65.91,54.91,10.91,9.91,High
21,Kondli,Delhi,Residential,55,45,2022,11,Nov,65.97,54.56,10.97,9.56,High
21,Kondli,Delhi,Residential,55,45,2022,12,Dec,65.47,54.67,10.47,9.67,High
21,Kondli,Delhi,Residential,55,45,2023,1,Jan,65.3,54.12,10.3,9.12,High
21,Kondli,Delhi,Residential,55,45,2023,2,Feb,65.78,54.74,10.78,9.74,High
21,Kondli,Delhi,Residential,55,45,2023,3,Mar,66.24,55.29,11.24,10.29,High
21,Kondli,Delhi,Residential,55,45,2023,4,Apr,66.37,55.34,11.37,10.34,High
21,Kondli,Delhi,Residential,55,45,2023,5,May,66.85,55.74,11.85,10.74,High
21,Kondli,Delhi,Residential,55,45,2023,6,Jun,67.7,55.45,12.7,10.45,High
21,Kondli,Delhi,Residential,55,45,2023,7,Jul,66.66,55.47,11.66,10.47,High
21,Kondli,Delhi,Residential,55,45,2023,8,Aug,66.4,55.09,11.4,10.09,High
21,Kondli,Delhi,Residential,55,45,2023,9,Sep,66.31,54.62,11.31,9.62,High
21,Kondli,Delhi,Residential,55,45,2023,10,Oct,66.5,55.06,11.5,10.06,High
21,Kondli,Delhi,Residential,55,45,2023,11,Nov,66.08,55.19,11.08,10.19,High
21,Kondli,Delhi,Residential,55,45,2023,12,Dec,65.29,54.66,10.29,9.66,High
21,Kondli,Delhi,Residential,55,45,2024,1,Jan,65.93,54.74,10.93,9.74,High
21,Kondli,Delhi,Residential,55,45,2024,2,Feb,66.4,55.07,11.4,10.07,High
21,Kondli,Delhi,Residential,55,45,2024,3,Mar,66.94,55.59,11.94,10.59,High
21,Kondli,Delhi,Residential,55,45,2024,4,Apr,67.12,55.48,12.12,10.48,High
21,Kondli,Delhi,Residential,55,45,2024,5,May,67.23,55.63,12.23,10.63,High
21,Kondli,Delhi,Residential,55,45,2024,6,Jun,68.44,56.25,13.44,11.25,High
21,Kondli,Delhi,Residential,55,45,2024,7,Jul,66.96,55.44,11.96,10.44,High
21,Kondli,Delhi,Residential,55,45,2024,8,Aug,67.12,55.61,12.12,10.61,High
21,Kondli,Delhi,Residential,55,45,2024,9,Sep,66.94,55.35,11.94,10.35,High
21,Kondli,Delhi,Residential,55,45,2024,10,Oct,66.97,55.67,11.97,10.67,High
21,Kondli,Delhi,Residential,55,45,2024,11,Nov,66.72,54.86,11.72,9.86,High
21,Kondli,Delhi,Residential,55,45,2024,12,Dec,66.04,54.73,11.04,9.73,High
22,Mandavali,Delhi,Residential,55,45,2020,1,Jan,62.34,52.2,7.34,7.2,High
22,Mandavali,Delhi,Residential,55,45,2020,2,Feb,62.59,51.74,7.59,6.74,High
22,Mandavali,Delhi,Residential,55,45,2020,3,Mar,63.33,52.3,8.33,7.3,High
22,Mandavali,Delhi,Residential,55,45,2020,4,Apr,63.61,52.52,8.61,7.52,High
22,Mandavali,Delhi,Residential,55,45,2020,5,May,64.31,52.37,9.31,7.37,High
22,Mandavali,Delhi,Residential,55,45,2020,6,Jun,64.12,52.61,9.12,7.61,High
22,Mandavali,Delhi,Residential,55,45,2020,7,Jul,63.74,52.32,8.74,7.32,High
22,Mandavali,Delhi,Residential,55,45,2020,8,Aug,63.2,52.24,8.2,7.24,High
22,Mandavali,Delhi,Residential,55,45,2020,9,Sep,63.34,52.38,8.34,7.38,High
22,Mandavali,Delhi,Residential,55,45,2020,10,Oct,62.99,52.41,7.99,7.41,High
22,Mandavali,Delhi,Residential,55,45,2020,11,Nov,62.82,51.85,7.82,6.85,High
22,Mandavali,Delhi,Residential,55,45,2020,12,Dec,62.35,51.64,7.35,6.64,High
22,Mandavali,Delhi,Residential,55,45,2021,1,Jan,64.31,52.89,9.31,7.89,High
22,Mandavali,Delhi,Residential,55,45,2021,2,Feb,63.56,52.89,8.56,7.89,High
22,Mandavali,Delhi,Residential,55,45,2021,3,Mar,64.76,53.82,9.76,8.82,High
22,Mandavali,Delhi,Residential,55,45,2021,4,Apr,64.5,53.22,9.5,8.22,High
22,Mandavali,Delhi,Residential,55,45,2021,5,May,65.67,53.88,10.67,8.88,High
22,Mandavali,Delhi,Residential,55,45,2021,6,Jun,65.18,54.11,10.18,9.11,High
22,Mandavali,Delhi,Residential,55,45,2021,7,Jul,64.34,53.7,9.34,8.7,High
22,Mandavali,Delhi,Residential,55,45,2021,8,Aug,64.78,53.68,9.78,8.68,High
22,Mandavali,Delhi,Residential,55,45,2021,9,Sep,64.25,53.42,9.25,8.42,High
22,Mandavali,Delhi,Residential,55,45,2021,10,Oct,64.47,53.65,9.47,8.65,High
22,Mandavali,Delhi,Residential,55,45,2021,11,Nov,64.18,53.22,9.18,8.22,High
22,Mandavali,Delhi,Residential,55,45,2021,12,Dec,63.55,53.03,8.55,8.03,High
22,Mandavali,Delhi,Residential,55,45,2022,1,Jan,64.91,53.45,9.91,8.45,High
22,Mandavali,Delhi,Residential,55,45,2022,2,Feb,64.91,53.41,9.91,8.41,High
22,Mandavali,Delhi,Residential,55,45,2022,3,Mar,65.43,54.09,10.43,9.09,High
22,Mandavali,Delhi,Residential,55,45,2022,4,Apr,66.56,54.08,11.56,9.08,High
22,Mandavali,Delhi,Residential,55,45,2022,5,May,66.57,54.7,11.57,9.7,High
22,Mandavali,Delhi,Residential,55,45,2022,6,Jun,66.47,55.05,11.47,10.05,High
22,Mandavali,Delhi,Residential,55,45,2022,7,Jul,66.09,54.48,11.09,9.48,High
22,Mandavali,Delhi,Residential,55,45,2022,8,Aug,65.69,54.44,10.69,9.44,High
22,Mandavali,Delhi,Residential,55,45,2022,9,Sep,65.77,53.97,10.77,8.97,High
22,Mandavali,Delhi,Residential,55,45,2022,10,Oct,65.37,54.26,10.37,9.26,High
22,Mandavali,Delhi,Residential,55,45,2022,11,Nov,65.2,53.99,10.2,8.99,High
22,Mandavali,Delhi,Residential,55,45,2022,12,Dec,65.11,53.51,10.11,8.51,High
22,Mandavali,Delhi,Residential,55,45,2023,1,Jan,65.09,53.81,10.09,8.81,High
22,Mandavali,Delhi,Residential,55,45,2023,2,Feb,65.51,53.55,10.51,8.55,High
22,Mandavali,Delhi,Residential,55,45,2023,3,Mar,65.75,54.44,10.75,9.44,High
22,Mandavali,Delhi,Residential,55,45,2023,4,Apr,66.6,54.5,11.6,9.5,High
22,Mandavali,Delhi,Residential,55,45,2023,5,May,66.13,54.92,11.13,9.92,High
22,Mandavali,Delhi,Residential,55,45,2023,6,Jun,66.64,54.76,11.64,9.76,High
22,Mandavali,Delhi,Residential,55,45,2023,7,Jul,66.24,54.66,11.24,9.66,High
22,Mandavali,Delhi,Residential,55,45,2023,8,Aug,65.95,54.06,10.95,9.06,High
22,Mandavali,Delhi,Residential,55,45,2023,9,Sep,66.12,54.65,11.12,9.65,High
22,Mandavali,Delhi,Residential,55,45,2023,10,Oct,66.26,54.37,11.26,9.37,High
22,Mandavali,Delhi,Residential,55,45,2023,11,Nov,65.75,54.3,10.75,9.3,High
22,Mandavali,Delhi,Residential,55,45,2023,12,Dec,65.35,54.03,10.35,9.03,High
22,Mandavali,Delhi,Residential,55,45,2024,1,Jan,65.42,54.22,10.42,9.22,High
22,Mandavali,Delhi,Residential,55,45,2024,2,Feb,65.91,54.69,10.91,9.69,High
22,Mandavali,Delhi,Residential,55,45,2024,3,Mar,66.58,54.96,11.58,9.96,High
22,Mandavali,Delhi,Residential,55,45,2024,4,Apr,66.82,55.28,11.82,10.28,High
22,Mandavali,Delhi,Residential,55,45,2024,5,May,67.2,55.03,12.2,10.03,High
22,Mandavali,Delhi,Residential,55,45,2024,6,Jun,67.65,55.54,12.65,10.54,High
22,Mandavali,Delhi,Residential,55,45,2024,7,Jul,66.79,55.0,11.79,10.0,High
22,Mandavali,Delhi,Residential,55,45,2024,8,Aug,66.67,54.99,11.67,9.99,High
22,Mandavali,Delhi,Residential,55,45,2024,9,Sep,66.45,54.86,11.45,9.86,High
22,Mandavali,Delhi,Residential,55,45,2024,10,Oct,67.02,55.21,12.02,10.21,High
22,Mandavali,Delhi,Residential,55,45,2024,11,Nov,66.35,54.89,11.35,9.89,High
22,Mandavali,Delhi,Residential,55,45,2024,12,Dec,65.44,54.38,10.44,9.38,High
23,Meera Bagh,Delhi,Residential,55,45,2020,1,Jan,63.55,52.36,8.55,7.36,High
23,Meera Bagh,Delhi,Residential,55,45,2020,2,Feb,63.09,52.47,8.09,7.47,High
23,Meera Bagh,Delhi,Residential,55,45,2020,3,Mar,63.63,52.84,8.63,7.84,High
23,Meera Bagh,Delhi,Residential,55,45,2020,4,Apr,64.21,52.92,9.21,7.92,High
23,Meera Bagh,Delhi,Residential,55,45,2020,5,May,64.6,53.58,9.6,8.58,High
23,Meera Bagh,Delhi,Residential,55,45,2020,6,Jun,64.57,53.9,9.57,8.9,High
23,Meera Bagh,Delhi,Residential,55,45,2020,7,Jul,64.53,53.51,9.53,8.51,High
23,Meera Bagh,Delhi,Residential,55,45,2020,8,Aug,63.94,53.27,8.94,8.27,High
23,Meera Bagh,Delhi,Residential,55,45,2020,9,Sep,63.63,53.18,8.63,8.18,High
23,Meera Bagh,Delhi,Residential,55,45,2020,10,Oct,64.14,53.31,9.14,8.31,High
23,Meera Bagh,Delhi,Residential,55,45,2020,11,Nov,63.51,52.72,8.51,7.72,High
23,Meera Bagh,Delhi,Residential,55,45,2020,12,Dec,63.35,52.31,8.35,7.31,High
23,Meera Bagh,Delhi,Residential,55,45,2021,1,Jan,64.62,53.33,9.62,8.33,High
23,Meera Bagh,Delhi,Residential,55,45,2021,2,Feb,64.91,53.55,9.91,8.55,High
23,Meera Bagh,Delhi,Residential,55,45,2021,3,Mar,65.44,54.33,10.44,9.33,High
23,Meera Bagh,Delhi,Residential,55,45,2021,4,Apr,65.53,54.52,10.53,9.52,High
23,Meera Bagh,Delhi,Residential,55,45,2021,5,May,66.07,54.49,11.07,9.49,High
23,Meera Bagh,Delhi,Residential,55,45,2021,6,Jun,65.95,54.41,10.95,9.41,High
23,Meera Bagh,Delhi,Residential,55,45,2021,7,Jul,65.89,54.19,10.89,9.19,High
23,Meera Bagh,Delhi,Residential,55,45,2021,8,Aug,65.52,54.25,10.52,9.25,High
23,Meera Bagh,Delhi,Residential,55,45,2021,9,Sep,65.47,54.14,10.47,9.14,High
23,Meera Bagh,Delhi,Residential,55,45,2021,10,Oct,65.42,54.55,10.42,9.55,High
23,Meera Bagh,Delhi,Residential,55,45,2021,11,Nov,65.28,54.16,10.28,9.16,High
23,Meera Bagh,Delhi,Residential,55,45,2021,12,Dec,64.72,53.39,9.72,8.39,High
23,Meera Bagh,Delhi,Residential,55,45,2022,1,Jan,65.69,54.42,10.69,9.42,High
23,Meera Bagh,Delhi,Residential,55,45,2022,2,Feb,65.45,54.45,10.45,9.45,High
23,Meera Bagh,Delhi,Residential,55,45,2022,3,Mar,66.29,54.87,11.29,9.87,High
23,Meera Bagh,Delhi,Residential,55,45,2022,4,Apr,66.78,55.39,11.78,10.39,High
23,Meera Bagh,Delhi,Residential,55,45,2022,5,May,67.27,55.04,12.27,10.04,High
23,Meera Bagh,Delhi,Residential,55,45,2022,6,Jun,67.36,55.77,12.36,10.77,High
23,Meera Bagh,Delhi,Residential,55,45,2022,7,Jul,66.9,55.42,11.9,10.42,High
23,Meera Bagh,Delhi,Residential,55,45,2022,8,Aug,67.0,55.2,12.0,10.2,High
23,Meera Bagh,Delhi,Residential,55,45,2022,9,Sep,66.36,55.11,11.36,10.11,High
23,Meera Bagh,Delhi,Residential,55,45,2022,10,Oct,66.54,55.1,11.54,10.1,High
23,Meera Bagh,Delhi,Residential,55,45,2022,11,Nov,66.11,55.11,11.11,10.11,High
23,Meera Bagh,Delhi,Residential,55,45,2022,12,Dec,65.4,54.71,10.4,9.71,High
23,Meera Bagh,Delhi,Residential,55,45,2023,1,Jan,66.02,54.32,11.02,9.32,High
23,Meera Bagh,Delhi,Residential,55,45,2023,2,Feb,66.19,54.38,11.19,9.38,High
23,Meera Bagh,Delhi,Residential,55,45,2023,3,Mar,66.86,55.38,11.86,10.38,High
23,Meera Bagh,Delhi,Residential,55,45,2023,4,Apr,66.95,55.42,11.95,10.42,High
23,Meera Bagh,Delhi,Residential,55,45,2023,5,May,67.89,55.5,12.89,10.5,High
23,Meera Bagh,Delhi,Residential,55,45,2023,6,Jun,67.34,56.1,12.34,11.1,High
23,Meera Bagh,Delhi,Residential,55,45,2023,7,Jul,67.69,55.5,12.69,10.5,High
23,Meera Bagh,Delhi,Residential,55,45,2023,8,Aug,67.15,55.57,12.15,10.57,High
23,Meera Bagh,Delhi,Residential,55,45,2023,9,Sep,66.51,55.1,11.51,10.1,High
23,Meera Bagh,Delhi,Residential,55,45,2023,10,Oct,67.21,55.74,12.21,10.74,High
23,Meera Bagh,Delhi,Residential,55,45,2023,11,Nov,66.74,54.92,11.74,9.92,High
23,Meera Bagh,Delhi,Residential,55,45,2023,12,Dec,66.5,54.59,11.5,9.59,High
23,Meera Bagh,Delhi,Residential,55,45,2024,1,Jan,66.32,55.07,11.32,10.07,High
23,Meera Bagh,Delhi,Residential,55,45,2024,2,Feb,66.99,55.37,11.99,10.37,High
23,Meera Bagh,Delhi,Residential,55,45,2024,3,Mar,67.3,55.69,12.3,10.69,High
23,Meera Bagh,Delhi,Residential,55,45,2024,4,Apr,67.61,55.91,12.61,10.91,High
23,Meera Bagh,Delhi,Residential,55,45,2024,5,May,67.27,55.94,12.27,10.94,High
23,Meera Bagh,Delhi,Residential,55,45,2024,6,Jun,68.16,55.97,13.16,10.97,High
23,Meera Bagh,Delhi,Residential,55,45,2024,7,Jul,67.8,55.86,12.8,10.86,High
23,Meera Bagh,Delhi,Residential,55,45,2024,8,Aug,67.84,56.01,12.84,11.01,High
23,Meera Bagh,Delhi,Residential,55,45,2024,9,Sep,67.08,55.57,12.08,10.57,High
23,Meera Bagh,Delhi,Residential,55,45,2024,10,Oct,67.38,55.71,12.38,10.71,High
23,Meera Bagh,Delhi,Residential,55,45,2024,11,Nov,67.15,55.35,12.15,10.35,High
23,Meera Bagh,Delhi,Residential,55,45,2024,12,Dec,66.22,55.22,11.22,10.22,High
24,Mehrauli,Delhi,Residential,55,45,2020,1,Jan,61.86,50.84,6.86,5.84,High
24,Mehrauli,Delhi,Residential,55,45,2020,2,Feb,62.12,51.07,7.12,6.07,High
24,Mehrauli,Delhi,Residential,55,45,2020,3,Mar,62.56,51.76,7.56,6.76,High
24,Mehrauli,Delhi,Residential,55,45,2020,4,Apr,62.89,51.89,7.89,6.89,High
24,Mehrauli,Delhi,Residential,55,45,2020,5,May,63.07,51.96,8.07,6.96,High
24,Mehrauli,Delhi,Residential,55,45,2020,6,Jun,63.35,52.05,8.35,7.05,High
24,Mehrauli,Delhi,Residential,55,45,2020,7,Jul,62.96,51.59,7.96,6.59,High
24,Mehrauli,Delhi,Residential,55,45,2020,8,Aug,62.58,51.64,7.58,6.64,High
24,Mehrauli,Delhi,Residential,55,45,2020,9,Sep,62.44,51.55,7.44,6.55,High
24,Mehrauli,Delhi,Residential,55,45,2020,10,Oct,62.68,51.9,7.68,6.9,High
24,Mehrauli,Delhi,Residential,55,45,2020,11,Nov,62.62,51.37,7.62,6.37,High
24,Mehrauli,Delhi,Residential,55,45,2020,12,Dec,61.5,50.89,6.5,5.89,High
24,Mehrauli,Delhi,Residential,55,45,2021,1,Jan,62.98,52.13,7.98,7.13,High
24,Mehrauli,Delhi,Residential,55,45,2021,2,Feb,63.11,52.14,8.11,7.14,High
24,Mehrauli,Delhi,Residential,55,45,2021,3,Mar,63.79,52.84,8.79,7.84,High
24,Mehrauli,Delhi,Residential,55,45,2021,4,Apr,64.45,52.89,9.45,7.89,High
24,Mehrauli,Delhi,Residential,55,45,2021,5,May,64.5,53.01,9.5,8.01,High
24,Mehrauli,Delhi,Residential,55,45,2021,6,Jun,64.79,53.23,9.79,8.23,High
24,Mehrauli,Delhi,Residential,55,45,2021,7,Jul,64.54,52.74,9.54,7.74,High
24,Mehrauli,Delhi,Residential,55,45,2021,8,Aug,64.01,52.96,9.01,7.96,High
24,Mehrauli,Delhi,Residential,55,45,2021,9,Sep,63.95,53.34,8.95,8.34,High
24,Mehrauli,Delhi,Residential,55,45,2021,10,Oct,64.19,52.8,9.19,7.8,High
24,Mehrauli,Delhi,Residential,55,45,2021,11,Nov,63.78,52.34,8.78,7.34,High
24,Mehrauli,Delhi,Residential,55,45,2021,12,Dec,63.18,52.13,8.18,7.13,High
24,Mehrauli,Delhi,Residential,55,45,2022,1,Jan,64.33,52.79,9.33,7.79,High
24,Mehrauli,Delhi,Residential,55,45,2022,2,Feb,64.27,52.97,9.27,7.97,High
24,Mehrauli,Delhi,Residential,55,45,2022,3,Mar,65.33,53.44,10.33,8.44,High
24,Mehrauli,Delhi,Residential,55,45,2022,4,Apr,65.76,53.86,10.76,8.86,High
24,Mehrauli,Delhi,Residential,55,45,2022,5,May,65.72,53.97,10.72,8.97,High
24,Mehrauli,Delhi,Residential,55,45,2022,6,Jun,65.9,53.71,10.9,8.71,High
24,Mehrauli,Delhi,Residential,55,45,2022,7,Jul,65.33,53.97,10.33,8.97,High
24,Mehrauli,Delhi,Residential,55,45,2022,8,Aug,65.09,53.32,10.09,8.32,High
24,Mehrauli,Delhi,Residential,55,45,2022,9,Sep,64.89,53.84,9.89,8.84,High
24,Mehrauli,Delhi,Residential,55,45,2022,10,Oct,65.41,53.69,10.41,8.69,High
24,Mehrauli,Delhi,Residential,55,45,2022,11,Nov,65.04,53.33,10.04,8.33,High
24,Mehrauli,Delhi,Residential,55,45,2022,12,Dec,63.77,52.82,8.77,7.82,High
24,Mehrauli,Delhi,Residential,55,45,2023,1,Jan,64.89,53.15,9.89,8.15,High
24,Mehrauli,Delhi,Residential,55,45,2023,2,Feb,64.64,53.34,9.64,8.34,High
24,Mehrauli,Delhi,Residential,55,45,2023,3,Mar,65.78,54.13,10.78,9.13,High
24,Mehrauli,Delhi,Residential,55,45,2023,4,Apr,66.25,53.97,11.25,8.97,High
24,Mehrauli,Delhi,Residential,55,45,2023,5,May,66.07,53.9,11.07,8.9,High
24,Mehrauli,Delhi,Residential,55,45,2023,6,Jun,66.57,54.17,11.57,9.17,High
24,Mehrauli,Delhi,Residential,55,45,2023,7,Jul,65.85,53.88,10.85,8.88,High
24,Mehrauli,Delhi,Residential,55,45,2023,8,Aug,65.35,53.73,10.35,8.73,High
24,Mehrauli,Delhi,Residential,55,45,2023,9,Sep,65.15,53.69,10.15,8.69,High
24,Mehrauli,Delhi,Residential,55,45,2023,10,Oct,65.36,54.17,10.36,9.17,High
24,Mehrauli,Delhi,Residential,55,45,2023,11,Nov,64.92,53.74,9.92,8.74,High
24,Mehrauli,Delhi,Residential,55,45,2023,12,Dec,64.9,53.2,9.9,8.2,High
24,Mehrauli,Delhi,Residential,55,45,2024,1,Jan,64.82,53.55,9.82,8.55,High
24,Mehrauli,Delhi,Residential,55,45,2024,2,Feb,65.49,53.84,10.49,8.84,High
24,Mehrauli,Delhi,Residential,55,45,2024,3,Mar,65.67,54.3,10.67,9.3,High
24,Mehrauli,Delhi,Residential,55,45,2024,4,Apr,65.92,54.54,10.92,9.54,High
24,Mehrauli,Delhi,Residential,55,45,2024,5,May,66.6,54.54,11.6,9.54,High
24,Mehrauli,Delhi,Residential,55,45,2024,6,Jun,66.49,54.62,11.49,9.62,High
24,Mehrauli,Delhi,Residential,55,45,2024,7,Jul,66.43,54.75,11.43,9.75,High
24,Mehrauli,Delhi,Residential,55,45,2024,8,Aug,65.84,54.39,10.84,9.39,High
24,Mehrauli,Delhi,Residential,55,45,2024,9,Sep,65.28,54.08,10.28,9.08,High
24,Mehrauli,Delhi,Residential,55,45,2024,10,Oct,65.99,54.22,10.99,9.22,High
24,Mehrauli,Delhi,Residential,55,45,2024,11,Nov,65.47,53.97,10.47,8.97,High
24,Mehrauli,Delhi,Residential,55,45,2024,12,Dec,65.17,53.66,10.17,8.66,High
25,Moti Bagh,Delhi,Residential,55,45,2020,1,Jan,61.94,51.58,6.94,6.58,High
25,Moti Bagh,Delhi,Residential,55,45,2020,2,Feb,62.55,52.29,7.55,7.29,High
25,Moti Bagh,Delhi,Residential,55,45,2020,3,Mar,62.61,52.5,7.61,7.5,High
25,Moti Bagh,Delhi,Residential,55,45,2020,4,Apr,63.57,53.08,8.57,8.08,High
25,Moti Bagh,Delhi,Residential,55,45,2020,5,May,63.9,53.08,8.9,8.08,High
25,Moti Bagh,Delhi,Residential,55,45,2020,6,Jun,64.24,52.77,9.24,7.77,High
25,Moti Bagh,Delhi,Residential,55,45,2020,7,Jul,63.99,52.94,8.99,7.94,High
25,Moti Bagh,Delhi,Residential,55,45,2020,8,Aug,63.63,53.49,8.63,8.49,High
25,Moti Bagh,Delhi,Residential,55,45,2020,9,Sep,62.78,52.94,7.78,7.94,High
25,Moti Bagh,Delhi,Residential,55,45,2020,10,Oct,63.43,52.86,8.43,7.86,High
25,Moti Bagh,Delhi,Residential,55,45,2020,11,Nov,63.19,52.42,8.19,7.42,High
25,Moti Bagh,Delhi,Residential,55,45,2020,12,Dec,62.46,52.17,7.46,7.17,High
25,Moti Bagh,Delhi,Residential,55,45,2021,1,Jan,63.52,53.35,8.52,8.35,High
25,Moti Bagh,Delhi,Residential,55,45,2021,2,Feb,64.0,53.17,9.0,8.17,High
25,Moti Bagh,Delhi,Residential,55,45,2021,3,Mar,64.59,54.05,9.59,9.05,High
25,Moti Bagh,Delhi,Residential,55,45,2021,4,Apr,64.97,54.07,9.97,9.07,High
25,Moti Bagh,Delhi,Residential,55,45,2021,5,May,65.22,54.35,10.22,9.35,High
25,Moti Bagh,Delhi,Residential,55,45,2021,6,Jun,65.77,54.77,10.77,9.77,High
25,Moti Bagh,Delhi,Residential,55,45,2021,7,Jul,65.16,54.23,10.16,9.23,High
25,Moti Bagh,Delhi,Residential,55,45,2021,8,Aug,64.92,54.16,9.92,9.16,High
25,Moti Bagh,Delhi,Residential,55,45,2021,9,Sep,64.52,53.95,9.52,8.95,High
25,Moti Bagh,Delhi,Residential,55,45,2021,10,Oct,64.85,53.99,9.85,8.99,High
25,Moti Bagh,Delhi,Residential,55,45,2021,11,Nov,64.62,53.75,9.62,8.75,High
25,Moti Bagh,Delhi,Residential,55,45,2021,12,Dec,63.97,53.34,8.97,8.34,High
25,Moti Bagh,Delhi,Residential,55,45,2022,1,Jan,65.29,54.1,10.29,9.1,High
25,Moti Bagh,Delhi,Residential,55,45,2022,2,Feb,65.32,54.01,10.32,9.01,High
25,Moti Bagh,Delhi,Residential,55,45,2022,3,Mar,65.48,54.69,10.48,9.69,High
25,Moti Bagh,Delhi,Residential,55,45,2022,4,Apr,66.32,54.99,11.32,9.99,High
25,Moti Bagh,Delhi,Residential,55,45,2022,5,May,66.25,54.85,11.25,9.85,High
25,Moti Bagh,Delhi,Residential,55,45,2022,6,Jun,66.19,55.02,11.19,10.02,High
25,Moti Bagh,Delhi,Residential,55,45,2022,7,Jul,66.45,54.71,11.45,9.71,High
25,Moti Bagh,Delhi,Residential,55,45,2022,8,Aug,66.06,54.56,11.06,9.56,High
25,Moti Bagh,Delhi,Residential,55,45,2022,9,Sep,65.78,54.27,10.78,9.27,High
25,Moti Bagh,Delhi,Residential,55,45,2022,10,Oct,65.92,54.1,10.92,9.1,High
25,Moti Bagh,Delhi,Residential,55,45,2022,11,Nov,65.55,54.07,10.55,9.07,High
25,Moti Bagh,Delhi,Residential,55,45,2022,12,Dec,65.3,54.16,10.3,9.16,High
25,Moti Bagh,Delhi,Residential,55,45,2023,1,Jan,65.42,54.5,10.42,9.5,High
25,Moti Bagh,Delhi,Residential,55,45,2023,2,Feb,65.26,54.75,10.26,9.75,High
25,Moti Bagh,Delhi,Residential,55,45,2023,3,Mar,66.33,54.75,11.33,9.75,High
25,Moti Bagh,Delhi,Residential,55,45,2023,4,Apr,66.78,54.78,11.78,9.78,High
25,Moti Bagh,Delhi,Residential,55,45,2023,5,May,66.59,55.08,11.59,10.08,High
25,Moti Bagh,Delhi,Residential,55,45,2023,6,Jun,66.87,55.19,11.87,10.19,High
25,Moti Bagh,Delhi,Residential,55,45,2023,7,Jul,66.91,55.05,11.91,10.05,High
25,Moti Bagh,Delhi,Residential,55,45,2023,8,Aug,66.39,54.79,11.39,9.79,High
25,Moti Bagh,Delhi,Residential,55,45,2023,9,Sep,65.64,54.85,10.64,9.85,High
25,Moti Bagh,Delhi,Residential,55,45,2023,10,Oct,65.82,54.99,10.82,9.99,High
25,Moti Bagh,Delhi,Residential,55,45,2023,11,Nov,65.66,55.1,10.66,10.1,High
25,Moti Bagh,Delhi,Residential,55,45,2023,12,Dec,65.63,54.32,10.63,9.32,High
25,Moti Bagh,Delhi,Residential,55,45,2024,1,Jan,66.12,54.43,11.12,9.43,High
25,Moti Bagh,Delhi,Residential,55,45,2024,2,Feb,66.14,54.84,11.14,9.84,High
25,Moti Bagh,Delhi,Residential,55,45,2024,3,Mar,66.67,55.45,11.67,10.45,High
25,Moti Bagh,Delhi,Residential,55,45,2024,4,Apr,67.18,55.46,12.18,10.46,High
25,Moti Bagh,Delhi,Residential,55,45,2024,5,May,66.89,55.41,11.89,10.41,High
25,Moti Bagh,Delhi,Residential,55,45,2024,6,Jun,67.47,55.82,12.47,10.82,High
25,Moti Bagh,Delhi,Residential,55,45,2024,7,Jul,66.82,55.98,11.82,10.98,High
25,Moti Bagh,Delhi,Residential,55,45,2024,8,Aug,67.18,55.42,12.18,10.42,High
25,Moti Bagh,Delhi,Residential,55,45,2024,9,Sep,66.62,55.16,11.62,10.16,High
25,Moti Bagh,Delhi,Residential,55,45,2024,10,Oct,66.56,55.42,11.56,10.42,High
25,Moti Bagh,Delhi,Residential,55,45,2024,11,Nov,66.56,54.85,11.56,9.85,High
25,Moti Bagh,Delhi,Residential,55,45,2024,12,Dec,65.98,54.67,10.98,9.67,High
26,Moti Nagar,Delhi,Residential,55,45,2020,1,Jan,62.42,52.23,7.42,7.23,High
26,Moti Nagar,Delhi,Residential,55,45,2020,2,Feb,63.0,52.98,8.0,7.98,High
26,Moti Nagar,Delhi,Residential,55,45,2020,3,Mar,63.84,52.73,8.84,7.73,High
26,Moti Nagar,Delhi,Residential,55,45,2020,4,Apr,64.22,52.89,9.22,7.89,High
26,Moti Nagar,Delhi,Residential,55,45,2020,5,May,64.67,53.31,9.67,8.31,High
26,Moti Nagar,Delhi,Residential,55,45,2020,6,Jun,64.58,53.87,9.58,8.87,High
26,Moti Nagar,Delhi,Residential,55,45,2020,7,Jul,63.88,53.02,8.88,8.02,High
26,Moti Nagar,Delhi,Residential,55,45,2020,8,Aug,63.75,53.31,8.75,8.31,High
26,Moti Nagar,Delhi,Residential,55,45,2020,9,Sep,63.32,52.43,8.32,7.43,High
26,Moti Nagar,Delhi,Residential,55,45,2020,10,Oct,63.79,53.31,8.79,8.31,High
26,Moti Nagar,Delhi,Residential,55,45,2020,11,Nov,63.9,52.81,8.9,7.81,High
26,Moti Nagar,Delhi,Residential,55,45,2020,12,Dec,62.9,52.73,7.9,7.73,High
26,Moti Nagar,Delhi,Residential,55,45,2021,1,Jan,63.83,53.52,8.83,8.52,High
26,Moti Nagar,Delhi,Residential,55,45,2021,2,Feb,64.55,53.89,9.55,8.89,High
26,Moti Nagar,Delhi,Residential,55,45,2021,3,Mar,64.97,54.21,9.97,9.21,High
26,Moti Nagar,Delhi,Residential,55,45,2021,4,Apr,64.88,54.27,9.88,9.27,High
26,Moti Nagar,Delhi,Residential,55,45,2021,5,May,65.91,54.4,10.91,9.4,High
26,Moti Nagar,Delhi,Residential,55,45,2021,6,Jun,66.01,54.89,11.01,9.89,High
26,Moti Nagar,Delhi,Residential,55,45,2021,7,Jul,65.51,54.53,10.51,9.53,High
26,Moti Nagar,Delhi,Residential,55,45,2021,8,Aug,65.06,54.26,10.06,9.26,High
26,Moti Nagar,Delhi,Residential,55,45,2021,9,Sep,65.25,54.23,10.25,9.23,High
26,Moti Nagar,Delhi,Residential,55,45,2021,10,Oct,65.15,54.44,10.15,9.44,High
26,Moti Nagar,Delhi,Residential,55,45,2021,11,Nov,65.18,53.69,10.18,8.69,High
26,Moti Nagar,Delhi,Residential,55,45,2021,12,Dec,64.69,53.63,9.69,8.63,High
26,Moti Nagar,Delhi,Residential,55,45,2022,1,Jan,65.41,54.54,10.41,9.54,High
26,Moti Nagar,Delhi,Residential,55,45,2022,2,Feb,65.16,54.36,10.16,9.36,High
26,Moti Nagar,Delhi,Residential,55,45,2022,3,Mar,66.03,54.74,11.03,9.74,High
26,Moti Nagar,Delhi,Residential,55,45,2022,4,Apr,66.93,54.93,11.93,9.93,High
26,Moti Nagar,Delhi,Residential,55,45,2022,5,May,66.66,55.34,11.66,10.34,High
26,Moti Nagar,Delhi,Residential,55,45,2022,6,Jun,66.7,55.42,11.7,10.42,High
26,Moti Nagar,Delhi,Residential,55,45,2022,7,Jul,66.68,55.13,11.68,10.13,High
26,Moti Nagar,Delhi,Residential,55,45,2022,8,Aug,66.28,54.89,11.28,9.89,High
26,Moti Nagar,Delhi,Residential,55,45,2022,9,Sep,65.72,54.96,10.72,9.96,High
26,Moti Nagar,Delhi,Residential,55,45,2022,10,Oct,66.74,55.1,11.74,10.1,High
26,Moti Nagar,Delhi,Residential,55,45,2022,11,Nov,66.06,54.94,11.06,9.94,High
26,Moti Nagar,Delhi,Residential,55,45,2022,12,Dec,65.08,54.74,10.08,9.74,High
26,Moti Nagar,Delhi,Residential,55,45,2023,1,Jan,65.75,54.93,10.75,9.93,High
26,Moti Nagar,Delhi,Residential,55,45,2023,2,Feb,65.72,55.16,10.72,10.16,High
26,Moti Nagar,Delhi,Residential,55,45,2023,3,Mar,66.69,55.31,11.69,10.31,High
26,Moti Nagar,Delhi,Residential,55,45,2023,4,Apr,66.96,55.35,11.96,10.35,High
26,Moti Nagar,Delhi,Residential,55,45,2023,5,May,67.5,55.63,12.5,10.63,High
26,Moti Nagar,Delhi,Residential,55,45,2023,6,Jun,66.91,55.58,11.91,10.58,High
26,Moti Nagar,Delhi,Residential,55,45,2023,7,Jul,66.95,55.56,11.95,10.56,High
26,Moti Nagar,Delhi,Residential,55,45,2023,8,Aug,66.69,55.54,11.69,10.54,High
26,Moti Nagar,Delhi,Residential,55,45,2023,9,Sep,66.01,55.23,11.01,10.23,High
26,Moti Nagar,Delhi,Residential,55,45,2023,10,Oct,66.25,55.55,11.25,10.55,High
26,Moti Nagar,Delhi,Residential,55,45,2023,11,Nov,66.38,55.18,11.38,10.18,High
26,Moti Nagar,Delhi,Residential,55,45,2023,12,Dec,65.58,54.96,10.58,9.96,High
26,Moti Nagar,Delhi,Residential,55,45,2024,1,Jan,66.46,55.12,11.46,10.12,High
26,Moti Nagar,Delhi,Residential,55,45,2024,2,Feb,66.37,55.32,11.37,10.32,High
26,Moti Nagar,Delhi,Residential,55,45,2024,3,Mar,66.82,55.77,11.82,10.77,High
26,Moti Nagar,Delhi,Residential,55,45,2024,4,Apr,67.81,56.01,12.81,11.01,High
26,Moti Nagar,Delhi,Residential,55,45,2024,5,May,67.52,56.07,12.52,11.07,High
26,Moti Nagar,Delhi,Residential,55,45,2024,6,Jun,67.58,56.31,12.58,11.31,High
26,Moti Nagar,Delhi,Residential,55,45,2024,7,Jul,67.61,55.53,12.61,10.53,High
26,Moti Nagar,Delhi,Residential,55,45,2024,8,Aug,66.91,55.64,11.91,10.64,High
26,Moti Nagar,Delhi,Residential,55,45,2024,9,Sep,66.92,55.36,11.92,10.36,High
26,Moti Nagar,Delhi,Residential,55,45,2024,10,Oct,67.3,55.85,12.3,10.85,High
26,Moti Nagar,Delhi,Residential,55,45,2024,11,Nov,66.85,55.35,11.85,10.35,High
26,Moti Nagar,Delhi,Residential,55,45,2024,12,Dec,66.56,55.43,11.56,10.43,High
27,Mukherji Nagar,Delhi,Residential,55,45,2020,1,Jan,63.98,53.28,8.98,8.28,High
27,Mukherji Nagar,Delhi,Residential,55,45,2020,2,Feb,64.42,53.53,9.42,8.53,High
27,Mukherji Nagar,Delhi,Residential,55,45,2020,3,Mar,64.87,54.15,9.87,9.15,High
27,Mukherji Nagar,Delhi,Residential,55,45,2020,4,Apr,64.82,54.46,9.82,9.46,High
27,Mukherji Nagar,Delhi,Residential,55,45,2020,5,May,65.62,54.32,10.62,9.32,High
27,Mukherji Nagar,Delhi,Residential,55,45,2020,6,Jun,65.78,54.59,10.78,9.59,High
27,Mukherji Nagar,Delhi,Residential,55,45,2020,7,Jul,64.97,54.6,9.97,9.6,High
27,Mukherji Nagar,Delhi,Residential,55,45,2020,8,Aug,65.11,54.19,10.11,9.19,High
27,Mukherji Nagar,Delhi,Residential,55,45,2020,9,Sep,65.14,53.8,10.14,8.8,High
27,Mukherji Nagar,Delhi,Residential,55,45,2020,10,Oct,65.22,54.15,10.22,9.15,High
27,Mukherji Nagar,Delhi,Residential,55,45,2020,11,Nov,65.01,53.47,10.01,8.47,High
27,Mukherji Nagar,Delhi,Residential,55,45,2020,12,Dec,64.18,53.38,9.18,8.38,High
27,Mukherji Nagar,Delhi,Residential,55,45,2021,1,Jan,65.61,54.69,10.61,9.69,High
27,Mukherji Nagar,Delhi,Residential,55,45,2021,2,Feb,65.52,54.66,10.52,9.66,High
27,Mukherji Nagar,Delhi,Residential,55,45,2021,3,Mar,66.27,55.02,11.27,10.02,High
27,Mukherji Nagar,Delhi,Residential,55,45,2021,4,Apr,66.91,55.33,11.91,10.33,High
27,Mukherji Nagar,Delhi,Residential,55,45,2021,5,May,66.27,55.53,11.27,10.53,High
27,Mukherji Nagar,Delhi,Residential,55,45,2021,6,Jun,66.94,55.47,11.94,10.47,High
27,Mukherji Nagar,Delhi,Residential,55,45,2021,7,Jul,66.49,55.52,11.49,10.52,High
27,Mukherji Nagar,Delhi,Residential,55,45,2021,8,Aug,66.83,55.36,11.83,10.36,High
27,Mukherji Nagar,Delhi,Residential,55,45,2021,9,Sep,66.15,55.29,11.15,10.29,High
27,Mukherji Nagar,Delhi,Residential,55,45,2021,10,Oct,66.39,55.26,11.39,10.26,High
27,Mukherji Nagar,Delhi,Residential,55,45,2021,11,Nov,65.91,54.75,10.91,9.75,High
27,Mukherji Nagar,Delhi,Residential,55,45,2021,12,Dec,65.5,54.73,10.5,9.73,High
27,Mukherji Nagar,Delhi,Residential,55,45,2022,1,Jan,66.48,55.22,11.48,10.22,High
27,Mukherji Nagar,Delhi,Residential,55,45,2022,2,Feb,66.46,55.62,11.46,10.62,High
27,Mukherji Nagar,Delhi,Residential,55,45,2022,3,Mar,66.97,56.06,11.97,11.06,High
27,Mukherji Nagar,Delhi,Residential,55,45,2022,4,Apr,67.45,55.95,12.45,10.95,High
27,Mukherji Nagar,Delhi,Residential,55,45,2022,5,May,67.63,56.2,12.63,11.2,High
27,Mukherji Nagar,Delhi,Residential,55,45,2022,6,Jun,68.44,56.6,13.44,11.6,High
27,Mukherji Nagar,Delhi,Residential,55,45,2022,7,Jul,68.04,56.3,13.04,11.3,High
27,Mukherji Nagar,Delhi,Residential,55,45,2022,8,Aug,67.22,55.93,12.22,10.93,High
27,Mukherji Nagar,Delhi,Residential,55,45,2022,9,Sep,67.1,56.17,12.1,11.17,High
27,Mukherji Nagar,Delhi,Residential,55,45,2022,10,Oct,67.2,56.28,12.2,11.28,High
27,Mukherji Nagar,Delhi,Residential,55,45,2022,11,Nov,67.42,56.17,12.42,11.17,High
27,Mukherji Nagar,Delhi,Residential,55,45,2022,12,Dec,66.5,55.54,11.5,10.54,High
27,Mukherji Nagar,Delhi,Residential,55,45,2023,1,Jan,67.47,55.48,12.47,10.48,High
27,Mukherji Nagar,Delhi,Residential,55,45,2023,2,Feb,66.72,55.42,11.72,10.42,High
27,Mukherji Nagar,Delhi,Residential,55,45,2023,3,Mar,67.88,55.82,12.88,10.82,High
27,Mukherji Nagar,Delhi,Residential,55,45,2023,4,Apr,68.01,56.49,13.01,11.49,High
27,Mukherji Nagar,Delhi,Residential,55,45,2023,5,May,68.45,56.69,13.45,11.69,High
27,Mukherji Nagar,Delhi,Residential,55,45,2023,6,Jun,68.66,57.06,13.66,12.06,High
27,Mukherji Nagar,Delhi,Residential,55,45,2023,7,Jul,67.96,56.36,12.96,11.36,High
27,Mukherji Nagar,Delhi,Residential,55,45,2023,8,Aug,67.71,56.47,12.71,11.47,High
27,Mukherji Nagar,Delhi,Residential,55,45,2023,9,Sep,67.93,56.29,12.93,11.29,High
27,Mukherji Nagar,Delhi,Residential,55,45,2023,10,Oct,68.2,56.16,13.2,11.16,High
27,Mukherji Nagar,Delhi,Residential,55,45,2023,11,Nov,68.02,56.4,13.02,11.4,High
27,Mukherji Nagar,Delhi,Residential,55,45,2023,12,Dec,67.18,56.06,12.18,11.06,High
27,Mukherji Nagar,Delhi,Residential,55,45,2024,1,Jan,66.99,55.9,11.99,10.9,High
27,Mukherji Nagar,Delhi,Residential,55,45,2024,2,Feb,67.42,56.34,12.42,11.34,High
27,Mukherji Nagar,Delhi,Residential,55,45,2024,3,Mar,67.94,56.75,12.94,11.75,High
27,Mukherji Nagar,Delhi,Residential,55,45,2024,4,Apr,68.94,56.94,13.94,11.94,High
27,Mukherji Nagar,Delhi,Residential,55,45,2024,5,May,68.97,56.8,13.97,11.8,High
27,Mukherji Nagar,Delhi,Residential,55,45,2024,6,Jun,68.89,57.45,13.89,12.45,High
27,Mukherji Nagar,Delhi,Residential,55,45,2024,7,Jul,68.89,56.89,13.89,11.89,High
27,Mukherji Nagar,Delhi,Residential,55,45,2024,8,Aug,68.3,56.29,13.3,11.29,High
27,Mukherji Nagar,Delhi,Residential,55,45,2024,9,Sep,67.93,56.98,12.93,11.98,High
27,Mukherji Nagar,Delhi,Residential,55,45,2024,10,Oct,68.08,56.84,13.08,11.84,High
27,Mukherji Nagar,Delhi,Residential,55,45,2024,11,Nov,68.35,56.25,13.35,11.25,High
27,Mukherji Nagar,Delhi,Residential,55,45,2024,12,Dec,67.55,56.29,12.55,11.29,High
28,Nand Nagri,Delhi,Residential,55,45,2020,1,Jan,63.3,53.17,8.3,8.17,High
28,Nand Nagri,Delhi,Residential,55,45,2020,2,Feb,63.08,53.01,8.08,8.01,High
28,Nand Nagri,Delhi,Residential,55,45,2020,3,Mar,64.06,53.35,9.06,8.35,High
28,Nand Nagri,Delhi,Residential,55,45,2020,4,Apr,64.61,53.25,9.61,8.25,High
28,Nand Nagri,Delhi,Residential,55,45,2020,5,May,64.86,53.23,9.86,8.23,High
28,Nand Nagri,Delhi,Residential,55,45,2020,6,Jun,65.15,53.86,10.15,8.86,High
28,Nand Nagri,Delhi,Residential,55,45,2020,7,Jul,64.76,53.71,9.76,8.71,High
28,Nand Nagri,Delhi,Residential,55,45,2020,8,Aug,64.39,53.33,9.39,8.33,High
28,Nand Nagri,Delhi,Residential,55,45,2020,9,Sep,63.88,53.06,8.88,8.06,High
28,Nand Nagri,Delhi,Residential,55,45,2020,10,Oct,64.6,53.69,9.6,8.69,High
28,Nand Nagri,Delhi,Residential,55,45,2020,11,Nov,63.94,53.11,8.94,8.11,High
28,Nand Nagri,Delhi,Residential,55,45,2020,12,Dec,63.17,52.93,8.17,7.93,High
28,Nand Nagri,Delhi,Residential,55,45,2021,1,Jan,64.87,54.19,9.87,9.19,High
28,Nand Nagri,Delhi,Residential,55,45,2021,2,Feb,64.68,53.92,9.68,8.92,High
28,Nand Nagri,Delhi,Residential,55,45,2021,3,Mar,65.56,54.53,10.56,9.53,High
28,Nand Nagri,Delhi,Residential,55,45,2021,4,Apr,65.85,54.43,10.85,9.43,High
28,Nand Nagri,Delhi,Residential,55,45,2021,5,May,66.42,54.94,11.42,9.94,High
28,Nand Nagri,Delhi,Residential,55,45,2021,6,Jun,66.17,55.27,11.17,10.27,High
28,Nand Nagri,Delhi,Residential,55,45,2021,7,Jul,66.29,54.73,11.29,9.73,High
28,Nand Nagri,Delhi,Residential,55,45,2021,8,Aug,65.72,54.61,10.72,9.61,High
28,Nand Nagri,Delhi,Residential,55,45,2021,9,Sep,65.28,54.41,10.28,9.41,High
28,Nand Nagri,Delhi,Residential,55,45,2021,10,Oct,65.16,54.78,10.16,9.78,High
28,Nand Nagri,Delhi,Residential,55,45,2021,11,Nov,65.01,54.6,10.01,9.6,High
28,Nand Nagri,Delhi,Residential,55,45,2021,12,Dec,64.72,53.86,9.72,8.86,High
28,Nand Nagri,Delhi,Residential,55,45,2022,1,Jan,65.54,54.44,10.54,9.44,High
28,Nand Nagri,Delhi,Residential,55,45,2022,2,Feb,66.25,54.2,11.25,9.2,High
28,Nand Nagri,Delhi,Residential,55,45,2022,3,Mar,66.82,55.17,11.82,10.17,High
28,Nand Nagri,Delhi,Residential,55,45,2022,4,Apr,66.6,55.08,11.6,10.08,High
28,Nand Nagri,Delhi,Residential,55,45,2022,5,May,67.62,55.31,12.62,10.31,High
28,Nand Nagri,Delhi,Residential,55,45,2022,6,Jun,67.11,55.93,12.11,10.93,High
28,Nand Nagri,Delhi,Residential,55,45,2022,7,Jul,67.08,55.21,12.08,10.21,High
28,Nand Nagri,Delhi,Residential,55,45,2022,8,Aug,66.75,54.99,11.75,9.99,High
28,Nand Nagri,Delhi,Residential,55,45,2022,9,Sep,66.78,55.31,11.78,10.31,High
28,Nand Nagri,Delhi,Residential,55,45,2022,10,Oct,66.83,55.37,11.83,10.37,High
28,Nand Nagri,Delhi,Residential,55,45,2022,11,Nov,66.84,55.0,11.84,10.0,High
28,Nand Nagri,Delhi,Residential,55,45,2022,12,Dec,65.5,54.69,10.5,9.69,High
28,Nand Nagri,Delhi,Residential,55,45,2023,1,Jan,66.62,54.6,11.62,9.6,High
28,Nand Nagri,Delhi,Residential,55,45,2023,2,Feb,66.21,55.08,11.21,10.08,High
28,Nand Nagri,Delhi,Residential,55,45,2023,3,Mar,66.89,55.2,11.89,10.2,High
28,Nand Nagri,Delhi,Residential,55,45,2023,4,Apr,67.58,56.06,12.58,11.06,High
28,Nand Nagri,Delhi,Residential,55,45,2023,5,May,67.65,55.62,12.65,10.62,High
28,Nand Nagri,Delhi,Residential,55,45,2023,6,Jun,67.41,56.05,12.41,11.05,High
28,Nand Nagri,Delhi,Residential,55,45,2023,7,Jul,67.68,55.8,12.68,10.8,High
28,Nand Nagri,Delhi,Residential,55,45,2023,8,Aug,67.1,55.38,12.1,10.38,High
28,Nand Nagri,Delhi,Residential,55,45,2023,9,Sep,66.63,55.57,11.63,10.57,High
28,Nand Nagri,Delhi,Residential,55,45,2023,10,Oct,67.33,55.29,12.33,10.29,High
28,Nand Nagri,Delhi,Residential,55,45,2023,11,Nov,67.2,55.41,12.2,10.41,High
28,Nand Nagri,Delhi,Residential,55,45,2023,12,Dec,66.55,54.63,11.55,9.63,High
28,Nand Nagri,Delhi,Residential,55,45,2024,1,Jan,66.26,55.17,11.26,10.17,High
28,Nand Nagri,Delhi,Residential,55,45,2024,2,Feb,66.93,55.76,11.93,10.76,High
28,Nand Nagri,Delhi,Residential,55,45,2024,3,Mar,67.58,55.75,12.58,10.75,High
28,Nand Nagri,Delhi,Residential,55,45,2024,4,Apr,67.54,56.25,12.54,11.25,High
28,Nand Nagri,Delhi,Residential,55,45,2024,5,May,67.86,56.53,12.86,11.53,High
28,Nand Nagri,Delhi,Residential,55,45,2024,6,Jun,68.23,56.72,13.23,11.72,High
28,Nand Nagri,Delhi,Residential,55,45,2024,7,Jul,68.07,56.07,13.07,11.07,High
28,Nand Nagri,Delhi,Residential,55,45,2024,8,Aug,67.47,55.83,12.47,10.83,High
28,Nand Nagri,Delhi,Residential,55,45,2024,9,Sep,67.51,55.82,12.51,10.82,High
28,Nand Nagri,Delhi,Residential,55,45,2024,10,Oct,67.45,55.97,12.45,10.97,High
28,Nand Nagri,Delhi,Residential,55,45,2024,11,Nov,67.32,55.27,12.32,10.27,High
28,Nand Nagri,Delhi,Residential,55,45,2024,12,Dec,66.81,55.1,11.81,10.1,High
29,Naraouji Nagar,Delhi,Residential,55,45,2020,1,Jan,61.81,51.06,6.81,6.06,High
29,Naraouji Nagar,Delhi,Residential,55,45,2020,2,Feb,61.85,51.33,6.85,6.33,High
29,Naraouji Nagar,Delhi,Residential,55,45,2020,3,Mar,62.72,52.39,7.72,7.39,High
29,Naraouji Nagar,Delhi,Residential,55,45,2020,4,Apr,63.17,52.24,8.17,7.24,High
29,Naraouji Nagar,Delhi,Residential,55,45,2020,5,May,63.7,52.43,8.7,7.43,High
29,Naraouji Nagar,Delhi,Residential,55,45,2020,6,Jun,63.78,52.36,8.78,7.36,High
29,Naraouji Nagar,Delhi,Residential,55,45,2020,7,Jul,63.76,52.66,8.76,7.66,High
29,Naraouji Nagar,Delhi,Residential,55,45,2020,8,Aug,62.68,51.9,7.68,6.9,High
29,Naraouji Nagar,Delhi,Residential,55,45,2020,9,Sep,62.83,51.81,7.83,6.81,High
29,Naraouji Nagar,Delhi,Residential,55,45,2020,10,Oct,63.23,52.05,8.23,7.05,High
29,Naraouji Nagar,Delhi,Residential,55,45,2020,11,Nov,63.34,52.14,8.34,7.14,High
29,Naraouji Nagar,Delhi,Residential,55,45,2020,12,Dec,62.25,51.71,7.25,6.71,High
29,Naraouji Nagar,Delhi,Residential,55,45,2021,1,Jan,63.78,52.49,8.78,7.49,High
29,Naraouji Nagar,Delhi,Residential,55,45,2021,2,Feb,63.5,52.82,8.5,7.82,High
29,Naraouji Nagar,Delhi,Residential,55,45,2021,3,Mar,64.52,53.23,9.52,8.23,High
29,Naraouji Nagar,Delhi,Residential,55,45,2021,4,Apr,64.31,53.24,9.31,8.24,High
29,Naraouji Nagar,Delhi,Residential,55,45,2021,5,May,64.98,53.58,9.98,8.58,High
29,Naraouji Nagar,Delhi,Residential,55,45,2021,6,Jun,65.69,53.52,10.69,8.52,High
29,Naraouji Nagar,Delhi,Residential,55,45,2021,7,Jul,64.93,53.8,9.93,8.8,High
29,Naraouji Nagar,Delhi,Residential,55,45,2021,8,Aug,65.07,53.22,10.07,8.22,High
29,Naraouji Nagar,Delhi,Residential,55,45,2021,9,Sep,64.42,53.31,9.42,8.31,High
29,Naraouji Nagar,Delhi,Residential,55,45,2021,10,Oct,64.55,53.38,9.55,8.38,High
29,Naraouji Nagar,Delhi,Residential,55,45,2021,11,Nov,64.31,52.59,9.31,7.59,High
29,Naraouji Nagar,Delhi,Residential,55,45,2021,12,Dec,63.77,52.73,8.77,7.73,High
29,Naraouji Nagar,Delhi,Residential,55,45,2022,1,Jan,64.44,53.71,9.44,8.71,High
29,Naraouji Nagar,Delhi,Residential,55,45,2022,2,Feb,64.53,53.42,9.53,8.42,High
29,Naraouji Nagar,Delhi,Residential,55,45,2022,3,Mar,65.8,53.73,10.8,8.73,High
29,Naraouji Nagar,Delhi,Residential,55,45,2022,4,Apr,65.56,54.07,10.56,9.07,High
29,Naraouji Nagar,Delhi,Residential,55,45,2022,5,May,66.21,54.34,11.21,9.34,High
29,Naraouji Nagar,Delhi,Residential,55,45,2022,6,Jun,65.88,54.39,10.88,9.39,High
29,Naraouji Nagar,Delhi,Residential,55,45,2022,7,Jul,65.65,54.18,10.65,9.18,High
29,Naraouji Nagar,Delhi,Residential,55,45,2022,8,Aug,65.61,54.08,10.61,9.08,High
29,Naraouji Nagar,Delhi,Residential,55,45,2022,9,Sep,64.86,54.11,9.86,9.11,High
29,Naraouji Nagar,Delhi,Residential,55,45,2022,10,Oct,65.56,54.38,10.56,9.38,High
29,Naraouji Nagar,Delhi,Residential,55,45,2022,11,Nov,65.31,54.02,10.31,9.02,High
29,Naraouji Nagar,Delhi,Residential,55,45,2022,12,Dec,64.72,53.67,9.72,8.67,High
29,Naraouji Nagar,Delhi,Residential,55,45,2023,1,Jan,65.03,53.58,10.03,8.58,High
29,Naraouji Nagar,Delhi,Residential,55,45,2023,2,Feb,65.67,53.98,10.67,8.98,High
29,Naraouji Nagar,Delhi,Residential,55,45,2023,3,Mar,65.84,53.94,10.84,8.94,High
29,Naraouji Nagar,Delhi,Residential,55,45,2023,4,Apr,65.78,54.46,10.78,9.46,High
29,Naraouji Nagar,Delhi,Residential,55,45,2023,5,May,66.44,54.48,11.44,9.48,High
29,Naraouji Nagar,Delhi,Residential,55,45,2023,6,Jun,66.64,55.12,11.64,10.12,High
29,Naraouji Nagar,Delhi,Residential,55,45,2023,7,Jul,66.37,54.27,11.37,9.27,High
29,Naraouji Nagar,Delhi,Residential,55,45,2023,8,Aug,65.87,54.14,10.87,9.14,High
29,Naraouji Nagar,Delhi,Residential,55,45,2023,9,Sep,65.6,54.12,10.6,9.12,High
29,Naraouji Nagar,Delhi,Residential,55,45,2023,10,Oct,65.78,54.15,10.78,9.15,High
29,Naraouji Nagar,Delhi,Residential,55,45,2023,11,Nov,65.57,53.99,10.57,8.99,High
29,Naraouji Nagar,Delhi,Residential,55,45,2023,12,Dec,64.27,54.11,9.27,9.11,High
29,Naraouji Nagar,Delhi,Residential,55,45,2024,1,Jan,65.67,53.92,10.67,8.92,High
29,Naraouji Nagar,Delhi,Residential,55,45,2024,2,Feb,65.6,53.97,10.6,8.97,High
29,Naraouji Nagar,Delhi,Residential,55,45,2024,3,Mar,66.62,54.98,11.62,9.98,High
29,Naraouji Nagar,Delhi,Residential,55,45,2024,4,Apr,66.64,55.0,11.64,10.0,High
29,Naraouji Nagar,Delhi,Residential,55,45,2024,5,May,66.94,54.73,11.94,9.73,High
29,Naraouji Nagar,Delhi,Residential,55,45,2024,6,Jun,67.0,55.23,12.0,10.23,High
29,Naraouji Nagar,Delhi,Residential,55,45,2024,7,Jul,66.59,54.86,11.59,9.86,High
29,Naraouji Nagar,Delhi,Residential,55,45,2024,8,Aug,66.38,54.68,11.38,9.68,High
29,Naraouji Nagar,Delhi,Residential,55,45,2024,9,Sep,66.21,54.39,11.21,9.39,High
29,Naraouji Nagar,Delhi,Residential,55,45,2024,10,Oct,66.22,54.54,11.22,9.54,High
29,Naraouji Nagar,Delhi,Residential,55,45,2024,11,Nov,66.34,54.08,11.34,9.08,High
29,Naraouji Nagar,Delhi,Residential,55,45,2024,12,Dec,65.79,54.38,10.79,9.38,High
30,New Friends Colony,Delhi,Residential,55,45,2020,1,Jan,61.22,50.08,6.22,5.08,High
30,New Friends Colony,Delhi,Residential,55,45,2020,2,Feb,61.41,50.79,6.41,5.79,High
30,New Friends Colony,Delhi,Residential,55,45,2020,3,Mar,61.85,51.1,6.85,6.1,High
30,New Friends Colony,Delhi,Residential,55,45,2020,4,Apr,62.88,51.53,7.88,6.53,High
30,New Friends Colony,Delhi,Residential,55,45,2020,5,May,62.57,51.28,7.57,6.28,High
30,New Friends Colony,Delhi,Residential,55,45,2020,6,Jun,62.92,51.76,7.92,6.76,High
30,New Friends Colony,Delhi,Residential,55,45,2020,7,Jul,62.72,51.39,7.72,6.39,High
30,New Friends Colony,Delhi,Residential,55,45,2020,8,Aug,62.43,51.69,7.43,6.69,High
30,New Friends Colony,Delhi,Residential,55,45,2020,9,Sep,62.3,51.19,7.3,6.19,High
30,New Friends Colony,Delhi,Residential,55,45,2020,10,Oct,62.25,51.33,7.25,6.33,High
30,New Friends Colony,Delhi,Residential,55,45,2020,11,Nov,62.3,50.97,7.3,5.97,High
30,New Friends Colony,Delhi,Residential,55,45,2020,12,Dec,61.41,50.71,6.41,5.71,High
30,New Friends Colony,Delhi,Residential,55,45,2021,1,Jan,62.57,51.53,7.57,6.53,High
30,New Friends Colony,Delhi,Residential,55,45,2021,2,Feb,62.98,51.99,7.98,6.99,High
30,New Friends Colony,Delhi,Residential,55,45,2021,3,Mar,63.63,52.29,8.63,7.29,High
30,New Friends Colony,Delhi,Residential,55,45,2021,4,Apr,64.21,52.42,9.21,7.42,High
30,New Friends Colony,Delhi,Residential,55,45,2021,5,May,64.63,52.45,9.63,7.45,High
30,New Friends Colony,Delhi,Residential,55,45,2021,6,Jun,64.51,53.1,9.51,8.1,High
30,New Friends Colony,Delhi,Residential,55,45,2021,7,Jul,63.8,52.78,8.8,7.78,High
30,New Friends Colony,Delhi,Residential,55,45,2021,8,Aug,64.02,52.06,9.02,7.06,High
30,New Friends Colony,Delhi,Residential,55,45,2021,9,Sep,63.63,51.9,8.63,6.9,High
30,New Friends Colony,Delhi,Residential,55,45,2021,10,Oct,63.46,52.93,8.46,7.93,High
30,New Friends Colony,Delhi,Residential,55,45,2021,11,Nov,63.25,52.07,8.25,7.07,High
30,New Friends Colony,Delhi,Residential,55,45,2021,12,Dec,62.75,52.31,7.75,7.31,High
30,New Friends Colony,Delhi,Residential,55,45,2022,1,Jan,63.24,52.29,8.24,7.29,High
30,New Friends Colony,Delhi,Residential,55,45,2022,2,Feb,64.27,53.07,9.27,8.07,High
30,New Friends Colony,Delhi,Residential,55,45,2022,3,Mar,64.47,52.85,9.47,7.85,High
30,New Friends Colony,Delhi,Residential,55,45,2022,4,Apr,65.42,53.62,10.42,8.62,High
30,New Friends Colony,Delhi,Residential,55,45,2022,5,May,65.37,53.34,10.37,8.34,High
30,New Friends Colony,Delhi,Residential,55,45,2022,6,Jun,65.39,53.67,10.39,8.67,High
30,New Friends Colony,Delhi,Residential,55,45,2022,7,Jul,65.08,53.69,10.08,8.69,High
30,New Friends Colony,Delhi,Residential,55,45,2022,8,Aug,64.92,52.98,9.92,7.98,High
30,New Friends Colony,Delhi,Residential,55,45,2022,9,Sep,64.84,53.16,9.84,8.16,High
30,New Friends Colony,Delhi,Residential,55,45,2022,10,Oct,64.87,53.59,9.87,8.59,High
30,New Friends Colony,Delhi,Residential,55,45,2022,11,Nov,64.12,52.99,9.12,7.99,High
30,New Friends Colony,Delhi,Residential,55,45,2022,12,Dec,63.67,52.29,8.67,7.29,High
30,New Friends Colony,Delhi,Residential,55,45,2023,1,Jan,64.19,53.3,9.19,8.3,High
30,New Friends Colony,Delhi,Residential,55,45,2023,2,Feb,63.84,52.99,8.84,7.99,High
30,New Friends Colony,Delhi,Residential,55,45,2023,3,Mar,65.06,53.42,10.06,8.42,High
30,New Friends Colony,Delhi,Residential,55,45,2023,4,Apr,65.27,53.34,10.27,8.34,High
30,New Friends Colony,Delhi,Residential,55,45,2023,5,May,65.66,53.65,10.66,8.65,High
30,New Friends Colony,Delhi,Residential,55,45,2023,6,Jun,65.25,54.24,10.25,9.24,High
30,New Friends Colony,Delhi,Residential,55,45,2023,7,Jul,65.64,53.71,10.64,8.71,High
30,New Friends Colony,Delhi,Residential,55,45,2023,8,Aug,65.16,53.71,10.16,8.71,High
30,New Friends Colony,Delhi,Residential,55,45,2023,9,Sep,64.96,53.58,9.96,8.58,High
30,New Friends Colony,Delhi,Residential,55,45,2023,10,Oct,65.03,53.86,10.03,8.86,High
30,New Friends Colony,Delhi,Residential,55,45,2023,11,Nov,64.88,53.34,9.88,8.34,High
30,New Friends Colony,Delhi,Residential,55,45,2023,12,Dec,63.88,52.96,8.88,7.96,High
30,New Friends Colony,Delhi,Residential,55,45,2024,1,Jan,64.39,53.07,9.39,8.07,High
30,New Friends Colony,Delhi,Residential,55,45,2024,2,Feb,64.6,53.19,9.6,8.19,High
30,New Friends Colony,Delhi,Residential,55,45,2024,3,Mar,65.93,54.07,10.93,9.07,High
30,New Friends Colony,Delhi,Residential,55,45,2024,4,Apr,66.28,53.76,11.28,8.76,High
30,New Friends Colony,Delhi,Residential,55,45,2024,5,May,66.12,53.94,11.12,8.94,High
30,New Friends Colony,Delhi,Residential,55,45,2024,6,Jun,66.13,54.22,11.13,9.22,High
30,New Friends Colony,Delhi,Residential,55,45,2024,7,Jul,66.21,54.02,11.21,9.02,High
30,New Friends Colony,Delhi,Residential,55,45,2024,8,Aug,65.87,54.02,10.87,9.02,High
30,New Friends Colony,Delhi,Residential,55,45,2024,9,Sep,65.98,53.5,10.98,8.5,High
30,New Friends Colony,Delhi,Residential,55,45,2024,10,Oct,65.91,54.23,10.91,9.23,High
30,New Friends Colony,Delhi,Residential,55,45,2024,11,Nov,65.06,53.9,10.06,8.9,High
30,New Friends Colony,Delhi,Residential,55,45,2024,12,Dec,64.78,53.25,9.78,8.25,High
31,Paschim Vihar,Delhi,Residential,55,45,2020,1,Jan,62.49,52.06,7.49,7.06,High
31,Paschim Vihar,Delhi,Residential,55,45,2020,2,Feb,63.41,52.4,8.41,7.4,High
31,Paschim Vihar,Delhi,Residential,55,45,2020,3,Mar,63.7,52.64,8.7,7.64,High
31,Paschim Vihar,Delhi,Residential,55,45,2020,4,Apr,63.71,53.22,8.71,8.22,High
31,Paschim Vihar,Delhi,Residential,55,45,2020,5,May,63.86,53.12,8.86,8.12,High
31,Paschim Vihar,Delhi,Residential,55,45,2020,6,Jun,64.41,53.42,9.41,8.42,High
31,Paschim Vihar,Delhi,Residential,55,45,2020,7,Jul,63.96,53.18,8.96,8.18,High
31,Paschim Vihar,Delhi,Residential,55,45,2020,8,Aug,63.87,53.05,8.87,8.05,High
31,Paschim Vihar,Delhi,Residential,55,45,2020,9,Sep,63.25,52.74,8.25,7.74,High
31,Paschim Vihar,Delhi,Residential,55,45,2020,10,Oct,64.0,53.18,9.0,8.18,High
31,Paschim Vihar,Delhi,Residential,55,45,2020,11,Nov,63.06,52.77,8.06,7.77,High
31,Paschim Vihar,Delhi,Residential,55,45,2020,12,Dec,62.31,52.31,7.31,7.31,High
31,Paschim Vihar,Delhi,Residential,55,45,2021,1,Jan,64.57,53.21,9.57,8.21,High
31,Paschim Vihar,Delhi,Residential,55,45,2021,2,Feb,64.09,53.75,9.09,8.75,High
31,Paschim Vihar,Delhi,Residential,55,45,2021,3,Mar,64.51,53.87,9.51,8.87,High
31,Paschim Vihar,Delhi,Residential,55,45,2021,4,Apr,65.45,54.07,10.45,9.07,High
31,Paschim Vihar,Delhi,Residential,55,45,2021,5,May,65.54,54.55,10.54,9.55,High
31,Paschim Vihar,Delhi,Residential,55,45,2021,6,Jun,65.91,54.65,10.91,9.65,High
31,Paschim Vihar,Delhi,Residential,55,45,2021,7,Jul,65.32,54.37,10.32,9.37,High
31,Paschim Vihar,Delhi,Residential,55,45,2021,8,Aug,65.07,54.19,10.07,9.19,High
31,Paschim Vihar,Delhi,Residential,55,45,2021,9,Sep,64.78,53.96,9.78,8.96,High
31,Paschim Vihar,Delhi,Residential,55,45,2021,10,Oct,64.85,54.19,9.85,9.19,High
31,Paschim Vihar,Delhi,Residential,55,45,2021,11,Nov,64.6,53.68,9.6,8.68,High
31,Paschim Vihar,Delhi,Residential,55,45,2021,12,Dec,64.26,53.54,9.26,8.54,High
31,Paschim Vihar,Delhi,Residential,55,45,2022,1,Jan,65.3,54.01,10.3,9.01,High
31,Paschim Vihar,Delhi,Residential,55,45,2022,2,Feb,65.4,54.41,10.4,9.41,High
31,Paschim Vihar,Delhi,Residential,55,45,2022,3,Mar,66.01,54.53,11.01,9.53,High
31,Paschim Vihar,Delhi,Residential,55,45,2022,4,Apr,66.34,54.97,11.34,9.97,High
31,Paschim Vihar,Delhi,Residential,55,45,2022,5,May,66.6,54.68,11.6,9.68,High
31,Paschim Vihar,Delhi,Residential,55,45,2022,6,Jun,66.84,55.74,11.84,10.74,High
31,Paschim Vihar,Delhi,Residential,55,45,2022,7,Jul,66.31,54.85,11.31,9.85,High
31,Paschim Vihar,Delhi,Residential,55,45,2022,8,Aug,66.19,54.86,11.19,9.86,High
31,Paschim Vihar,Delhi,Residential,55,45,2022,9,Sep,66.2,54.45,11.2,9.45,High
31,Paschim Vihar,Delhi,Residential,55,45,2022,10,Oct,66.28,55.02,11.28,10.02,High
31,Paschim Vihar,Delhi,Residential,55,45,2022,11,Nov,65.76,54.67,10.76,9.67,High
31,Paschim Vihar,Delhi,Residential,55,45,2022,12,Dec,65.46,54.37,10.46,9.37,High
31,Paschim Vihar,Delhi,Residential,55,45,2023,1,Jan,65.21,54.56,10.21,9.56,High
31,Paschim Vihar,Delhi,Residential,55,45,2023,2,Feb,65.68,54.61,10.68,9.61,High
31,Paschim Vihar,Delhi,Residential,55,45,2023,3,Mar,66.32,54.97,11.32,9.97,High
31,Paschim Vihar,Delhi,Residential,55,45,2023,4,Apr,67.0,55.18,12.0,10.18,High
31,Paschim Vihar,Delhi,Residential,55,45,2023,5,May,66.72,55.32,11.72,10.32,High
31,Paschim Vihar,Delhi,Residential,55,45,2023,6,Jun,67.24,55.85,12.24,10.85,High
31,Paschim Vihar,Delhi,Residential,55,45,2023,7,Jul,66.95,55.13,11.95,10.13,High
31,Paschim Vihar,Delhi,Residential,55,45,2023,8,Aug,67.12,55.15,12.12,10.15,High
31,Paschim Vihar,Delhi,Residential,55,45,2023,9,Sep,66.62,54.97,11.62,9.97,High
31,Paschim Vihar,Delhi,Residential,55,45,2023,10,Oct,66.63,55.37,11.63,10.37,High
31,Paschim Vihar,Delhi,Residential,55,45,2023,11,Nov,66.5,55.11,11.5,10.11,High
31,Paschim Vihar,Delhi,Residential,55,45,2023,12,Dec,65.82,54.44,10.82,9.44,High
31,Paschim Vihar,Delhi,Residential,55,45,2024,1,Jan,65.86,54.87,10.86,9.87,High
31,Paschim Vihar,Delhi,Residential,55,45,2024,2,Feb,66.43,54.96,11.43,9.96,High
31,Paschim Vihar,Delhi,Residential,55,45,2024,3,Mar,67.07,55.69,12.07,10.69,High
31,Paschim Vihar,Delhi,Residential,55,45,2024,4,Apr,66.97,55.43,11.97,10.43,High
31,Paschim Vihar,Delhi,Residential,55,45,2024,5,May,67.46,55.86,12.46,10.86,High
31,Paschim Vihar,Delhi,Residential,55,45,2024,6,Jun,67.57,56.27,12.57,11.27,High
31,Paschim Vihar,Delhi,Residential,55,45,2024,7,Jul,67.41,55.71,12.41,10.71,High
31,Paschim Vihar,Delhi,Residential,55,45,2024,8,Aug,66.64,55.24,11.64,10.24,High
31,Paschim Vihar,Delhi,Residential,55,45,2024,9,Sep,66.87,54.97,11.87,9.97,High
31,Paschim Vihar,Delhi,Residential,55,45,2024,10,Oct,67.25,55.57,12.25,10.57,High
31,Paschim Vihar,Delhi,Residential,55,45,2024,11,Nov,67.51,55.76,12.51,10.76,High
31,Paschim Vihar,Delhi,Residential,55,45,2024,12,Dec,66.05,54.88,11.05,9.88,High
32,Patel Nagar,Delhi,Residential,55,45,2020,1,Jan,63.55,52.94,8.55,7.94,High
32,Patel Nagar,Delhi,Residential,55,45,2020,2,Feb,63.09,52.44,8.09,7.44,High
32,Patel Nagar,Delhi,Residential,55,45,2020,3,Mar,63.94,53.32,8.94,8.32,High
32,Patel Nagar,Delhi,Residential,55,45,2020,4,Apr,64.62,53.61,9.62,8.61,High
32,Patel Nagar,Delhi,Residential,55,45,2020,5,May,64.5,53.14,9.5,8.14,High
32,Patel Nagar,Delhi,Residential,55,45,2020,6,Jun,65.21,53.63,10.21,8.63,High
32,Patel Nagar,Delhi,Residential,55,45,2020,7,Jul,64.1,53.53,9.1,8.53,High
32,Patel Nagar,Delhi,Residential,55,45,2020,8,Aug,64.5,53.28,9.5,8.28,High
32,Patel Nagar,Delhi,Residential,55,45,2020,9,Sep,63.99,53.17,8.99,8.17,High
32,Patel Nagar,Delhi,Residential,55,45,2020,10,Oct,64.21,53.13,9.21,8.13,High
32,Patel Nagar,Delhi,Residential,55,45,2020,11,Nov,63.82,53.2,8.82,8.2,High
32,Patel Nagar,Delhi,Residential,55,45,2020,12,Dec,63.48,52.73,8.48,7.73,High
32,Patel Nagar,Delhi,Residential,55,45,2021,1,Jan,64.45,53.76,9.45,8.76,High
32,Patel Nagar,Delhi,Residential,55,45,2021,2,Feb,64.36,54.04,9.36,9.04,High
32,Patel Nagar,Delhi,Residential,55,45,2021,3,Mar,65.86,54.11,10.86,9.11,High
32,Patel Nagar,Delhi,Residential,55,45,2021,4,Apr,65.75,54.67,10.75,9.67,High
32,Patel Nagar,Delhi,Residential,55,45,2021,5,May,66.51,54.71,11.51,9.71,High
32,Patel Nagar,Delhi,Residential,55,45,2021,6,Jun,66.23,54.61,11.23,9.61,High
32,Patel Nagar,Delhi,Residential,55,45,2021,7,Jul,66.03,55.11,11.03,10.11,High
32,Patel Nagar,Delhi,Residential,55,45,2021,8,Aug,65.77,54.5,10.77,9.5,High
32,Patel Nagar,Delhi,Residential,55,45,2021,9,Sep,65.58,54.4,10.58,9.4,High
32,Patel Nagar,Delhi,Residential,55,45,2021,10,Oct,65.5,54.76,10.5,9.76,High
32,Patel Nagar,Delhi,Residential,55,45,2021,11,Nov,65.46,54.3,10.46,9.3,High
32,Patel Nagar,Delhi,Residential,55,45,2021,12,Dec,64.56,54.16,9.56,9.16,High
32,Patel Nagar,Delhi,Residential,55,45,2022,1,Jan,65.87,54.39,10.87,9.39,High
32,Patel Nagar,Delhi,Residential,55,45,2022,2,Feb,66.15,54.6,11.15,9.6,High
32,Patel Nagar,Delhi,Residential,55,45,2022,3,Mar,66.3,54.95,11.3,9.95,High
32,Patel Nagar,Delhi,Residential,55,45,2022,4,Apr,66.46,55.39,11.46,10.39,High
32,Patel Nagar,Delhi,Residential,55,45,2022,5,May,66.74,55.25,11.74,10.25,High
32,Patel Nagar,Delhi,Residential,55,45,2022,6,Jun,66.88,55.68,11.88,10.68,High
32,Patel Nagar,Delhi,Residential,55,45,2022,7,Jul,66.96,55.33,11.96,10.33,High
32,Patel Nagar,Delhi,Residential,55,45,2022,8,Aug,66.44,54.97,11.44,9.97,High
32,Patel Nagar,Delhi,Residential,55,45,2022,9,Sep,66.62,54.99,11.62,9.99,High
32,Patel Nagar,Delhi,Residential,55,45,2022,10,Oct,66.78,55.12,11.78,10.12,High
32,Patel Nagar,Delhi,Residential,55,45,2022,11,Nov,66.45,55.26,11.45,10.26,High
32,Patel Nagar,Delhi,Residential,55,45,2022,12,Dec,65.95,54.52,10.95,9.52,High
32,Patel Nagar,Delhi,Residential,55,45,2023,1,Jan,66.16,54.75,11.16,9.75,High
32,Patel Nagar,Delhi,Residential,55,45,2023,2,Feb,66.3,54.93,11.3,9.93,High
32,Patel Nagar,Delhi,Residential,55,45,2023,3,Mar,66.86,55.44,11.86,10.44,High
32,Patel Nagar,Delhi,Residential,55,45,2023,4,Apr,67.05,55.4,12.05,10.4,High
32,Patel Nagar,Delhi,Residential,55,45,2023,5,May,67.25,55.48,12.25,10.48,High
32,Patel Nagar,Delhi,Residential,55,45,2023,6,Jun,67.5,56.03,12.5,11.03,High
32,Patel Nagar,Delhi,Residential,55,45,2023,7,Jul,67.18,55.8,12.18,10.8,High
32,Patel Nagar,Delhi,Residential,55,45,2023,8,Aug,67.11,55.11,12.11,10.11,High
32,Patel Nagar,Delhi,Residential,55,45,2023,9,Sep,67.06,55.56,12.06,10.56,High
32,Patel Nagar,Delhi,Residential,55,45,2023,10,Oct,66.85,55.68,11.85,10.68,High
32,Patel Nagar,Delhi,Residential,55,45,2023,11,Nov,66.59,55.32,11.59,10.32,High
32,Patel Nagar,Delhi,Residential,55,45,2023,12,Dec,65.88,54.54,10.88,9.54,High
32,Patel Nagar,Delhi,Residential,55,45,2024,1,Jan,66.5,55.18,11.5,10.18,High
32,Patel Nagar,Delhi,Residential,55,45,2024,2,Feb,66.7,55.16,11.7,10.16,High
32,Patel Nagar,Delhi,Residential,55,45,2024,3,Mar,67.3,55.85,12.3,10.85,High
32,Patel Nagar,Delhi,Residential,55,45,2024,4,Apr,67.79,56.04,12.79,11.04,High
32,Patel Nagar,Delhi,Residential,55,45,2024,5,May,67.93,56.43,12.93,11.43,High
32,Patel Nagar,Delhi,Residential,55,45,2024,6,Jun,68.01,56.5,13.01,11.5,High
32,Patel Nagar,Delhi,Residential,55,45,2024,7,Jul,68.2,56.2,13.2,11.2,High
32,Patel Nagar,Delhi,Residential,55,45,2024,8,Aug,67.55,55.79,12.55,10.79,High
32,Patel Nagar,Delhi,Residential,55,45,2024,9,Sep,67.66,55.52,12.66,10.52,High
32,Patel Nagar,Delhi,Residential,55,45,2024,10,Oct,67.36,55.92,12.36,10.92,High
32,Patel Nagar,Delhi,Residential,55,45,2024,11,Nov,67.61,55.78,12.61,10.78,High
32,Patel Nagar,Delhi,Residential,55,45,2024,12,Dec,66.46,55.24,11.46,10.24,High
33,Prehladpur,Delhi,Residential,55,45,2020,1,Jan,61.35,50.86,6.35,5.86,High
33,Prehladpur,Delhi,Residential,55,45,2020,2,Feb,61.94,50.93,6.94,5.93,High
33,Prehladpur,Delhi,Residential,55,45,2020,3,Mar,62.7,51.77,7.7,6.77,High
33,Prehladpur,Delhi,Residential,55,45,2020,4,Apr,62.97,51.71,7.97,6.71,High
33,Prehladpur,Delhi,Residential,55,45,2020,5,May,62.96,51.71,7.96,6.71,High
33,Prehladpur,Delhi,Residential,55,45,2020,6,Jun,63.07,52.3,8.07,7.3,High
33,Prehladpur,Delhi,Residential,55,45,2020,7,Jul,63.12,51.68,8.12,6.68,High
33,Prehladpur,Delhi,Residential,55,45,2020,8,Aug,62.41,51.67,7.41,6.67,High
33,Prehladpur,Delhi,Residential,55,45,2020,9,Sep,61.95,51.72,6.95,6.72,High
33,Prehladpur,Delhi,Residential,55,45,2020,10,Oct,62.32,51.76,7.32,6.76,High
33,Prehladpur,Delhi,Residential,55,45,2020,11,Nov,62.09,51.34,7.09,6.34,High
33,Prehladpur,Delhi,Residential,55,45,2020,12,Dec,61.6,51.06,6.6,6.06,High
33,Prehladpur,Delhi,Residential,55,45,2021,1,Jan,62.81,52.05,7.81,7.05,High
33,Prehladpur,Delhi,Residential,55,45,2021,2,Feb,63.18,52.73,8.18,7.73,High
33,Prehladpur,Delhi,Residential,55,45,2021,3,Mar,63.73,53.0,8.73,8.0,High
33,Prehladpur,Delhi,Residential,55,45,2021,4,Apr,63.75,53.03,8.75,8.03,High
33,Prehladpur,Delhi,Residential,55,45,2021,5,May,64.13,52.9,9.13,7.9,High
33,Prehladpur,Delhi,Residential,55,45,2021,6,Jun,64.42,53.64,9.42,8.64,High
33,Prehladpur,Delhi,Residential,55,45,2021,7,Jul,64.44,53.15,9.44,8.15,High
33,Prehladpur,Delhi,Residential,55,45,2021,8,Aug,63.52,52.86,8.52,7.86,High
33,Prehladpur,Delhi,Residential,55,45,2021,9,Sep,63.78,52.84,8.78,7.84,High
33,Prehladpur,Delhi,Residential,55,45,2021,10,Oct,63.44,52.82,8.44,7.82,High
33,Prehladpur,Delhi,Residential,55,45,2021,11,Nov,63.58,52.81,8.58,7.81,High
33,Prehladpur,Delhi,Residential,55,45,2021,12,Dec,62.45,52.27,7.45,7.27,High
33,Prehladpur,Delhi,Residential,55,45,2022,1,Jan,63.94,53.07,8.94,8.07,High
33,Prehladpur,Delhi,Residential,55,45,2022,2,Feb,64.27,53.22,9.27,8.22,High
33,Prehladpur,Delhi,Residential,55,45,2022,3,Mar,64.5,53.12,9.5,8.12,High
33,Prehladpur,Delhi,Residential,55,45,2022,4,Apr,65.0,53.9,10.0,8.9,High
33,Prehladpur,Delhi,Residential,55,45,2022,5,May,65.75,54.04,10.75,9.04,High
33,Prehladpur,Delhi,Residential,55,45,2022,6,Jun,65.71,54.18,10.71,9.18,High
33,Prehladpur,Delhi,Residential,55,45,2022,7,Jul,65.06,53.77,10.06,8.77,High
33,Prehladpur,Delhi,Residential,55,45,2022,8,Aug,65.32,53.41,10.32,8.41,High
33,Prehladpur,Delhi,Residential,55,45,2022,9,Sep,65.1,53.44,10.1,8.44,High
33,Prehladpur,Delhi,Residential,55,45,2022,10,Oct,65.23,53.42,10.23,8.42,High
33,Prehladpur,Delhi,Residential,55,45,2022,11,Nov,64.75,53.25,9.75,8.25,High
33,Prehladpur,Delhi,Residential,55,45,2022,12,Dec,63.65,53.04,8.65,8.04,High
33,Prehladpur,Delhi,Residential,55,45,2023,1,Jan,64.55,53.03,9.55,8.03,High
33,Prehladpur,Delhi,Residential,55,45,2023,2,Feb,64.13,53.38,9.13,8.38,High
33,Prehladpur,Delhi,Residential,55,45,2023,3,Mar,65.08,53.91,10.08,8.91,High
33,Prehladpur,Delhi,Residential,55,45,2023,4,Apr,65.74,53.99,10.74,8.99,High
33,Prehladpur,Delhi,Residential,55,45,2023,5,May,66.26,54.24,11.26,9.24,High
33,Prehladpur,Delhi,Residential,55,45,2023,6,Jun,65.91,54.08,10.91,9.08,High
33,Prehladpur,Delhi,Residential,55,45,2023,7,Jul,65.53,54.03,10.53,9.03,High
33,Prehladpur,Delhi,Residential,55,45,2023,8,Aug,65.54,53.99,10.54,8.99,High
33,Prehladpur,Delhi,Residential,55,45,2023,9,Sep,64.81,53.83,9.81,8.83,High
33,Prehladpur,Delhi,Residential,55,45,2023,10,Oct,65.47,54.31,10.47,9.31,High
33,Prehladpur,Delhi,Residential,55,45,2023,11,Nov,65.22,53.85,10.22,8.85,High
33,Prehladpur,Delhi,Residential,55,45,2023,12,Dec,64.42,53.38,9.42,8.38,High
33,Prehladpur,Delhi,Residential,55,45,2024,1,Jan,65.11,53.33,10.11,8.33,High
33,Prehladpur,Delhi,Residential,55,45,2024,2,Feb,64.91,53.65,9.91,8.65,High
33,Prehladpur,Delhi,Residential,55,45,2024,3,Mar,65.69,54.45,10.69,9.45,High
33,Prehladpur,Delhi,Residential,55,45,2024,4,Apr,65.85,53.92,10.85,8.92,High
33,Prehladpur,Delhi,Residential,55,45,2024,5,May,66.2,54.78,11.2,9.78,High
33,Prehladpur,Delhi,Residential,55,45,2024,6,Jun,66.63,54.89,11.63,9.89,High
33,Prehladpur,Delhi,Residential,55,45,2024,7,Jul,66.03,54.24,11.03,9.24,High
33,Prehladpur,Delhi,Residential,55,45,2024,8,Aug,65.93,54.13,10.93,9.13,High
33,Prehladpur,Delhi,Residential,55,45,2024,9,Sep,66.15,54.31,11.15,9.31,High
33,Prehladpur,Delhi,Residential,55,45,2024,10,Oct,65.65,54.28,10.65,9.28,High
33,Prehladpur,Delhi,Residential,55,45,2024,11,Nov,65.48,54.05,10.48,9.05,High
33,Prehladpur,Delhi,Residential,55,45,2024,12,Dec,65.18,53.74,10.18,8.74,High
34,R.K. Puram,Delhi,Residential,55,45,2020,1,Jan,61.92,51.78,6.92,6.78,High
34,R.K. Puram,Delhi,Residential,55,45,2020,2,Feb,62.31,51.75,7.31,6.75,High
34,R.K. Puram,Delhi,Residential,55,45,2020,3,Mar,62.75,52.07,7.75,7.07,High
34,R.K. Puram,Delhi,Residential,55,45,2020,4,Apr,63.38,51.82,8.38,6.82,High
34,R.K. Puram,Delhi,Residential,55,45,2020,5,May,64.1,52.66,9.1,7.66,High
34,R.K. Puram,Delhi,Residential,55,45,2020,6,Jun,63.7,52.38,8.7,7.38,High
34,R.K. Puram,Delhi,Residential,55,45,2020,7,Jul,63.49,52.32,8.49,7.32,High
34,R.K. Puram,Delhi,Residential,55,45,2020,8,Aug,63.19,52.14,8.19,7.14,High
34,R.K. Puram,Delhi,Residential,55,45,2020,9,Sep,63.03,52.29,8.03,7.29,High
34,R.K. Puram,Delhi,Residential,55,45,2020,10,Oct,63.24,51.99,8.24,6.99,High
34,R.K. Puram,Delhi,Residential,55,45,2020,11,Nov,63.14,52.23,8.14,7.23,High
34,R.K. Puram,Delhi,Residential,55,45,2020,12,Dec,62.99,51.28,7.99,6.28,High
34,R.K. Puram,Delhi,Residential,55,45,2021,1,Jan,63.56,52.18,8.56,7.18,High
34,R.K. Puram,Delhi,Residential,55,45,2021,2,Feb,63.84,52.69,8.84,7.69,High
34,R.K. Puram,Delhi,Residential,55,45,2021,3,Mar,64.78,53.05,9.78,8.05,High
34,R.K. Puram,Delhi,Residential,55,45,2021,4,Apr,64.28,53.31,9.28,8.31,High
34,R.K. Puram,Delhi,Residential,55,45,2021,5,May,64.51,53.75,9.51,8.75,High
34,R.K. Puram,Delhi,Residential,55,45,2021,6,Jun,64.68,53.81,9.68,8.81,High
34,R.K. Puram,Delhi,Residential,55,45,2021,7,Jul,64.28,53.44,9.28,8.44,High
34,R.K. Puram,Delhi,Residential,55,45,2021,8,Aug,64.91,53.37,9.91,8.37,High
34,R.K. Puram,Delhi,Residential,55,45,2021,9,Sep,64.08,53.19,9.08,8.19,High
34,R.K. Puram,Delhi,Residential,55,45,2021,10,Oct,64.5,53.49,9.5,8.49,High
34,R.K. Puram,Delhi,Residential,55,45,2021,11,Nov,63.86,53.22,8.86,8.22,High
34,R.K. Puram,Delhi,Residential,55,45,2021,12,Dec,62.92,52.57,7.92,7.57,High
34,R.K. Puram,Delhi,Residential,55,45,2022,1,Jan,64.38,53.43,9.38,8.43,High
34,R.K. Puram,Delhi,Residential,55,45,2022,2,Feb,64.71,53.22,9.71,8.22,High
34,R.K. Puram,Delhi,Residential,55,45,2022,3,Mar,65.05,53.94,10.05,8.94,High
34,R.K. Puram,Delhi,Residential,55,45,2022,4,Apr,65.68,53.98,10.68,8.98,High
34,R.K. Puram,Delhi,Residential,55,45,2022,5,May,65.88,54.44,10.88,9.44,High
34,R.K. Puram,Delhi,Residential,55,45,2022,6,Jun,66.07,54.48,11.07,9.48,High
34,R.K. Puram,Delhi,Residential,55,45,2022,7,Jul,66.34,53.92,11.34,8.92,High
34,R.K. Puram,Delhi,Residential,55,45,2022,8,Aug,65.04,54.16,10.04,9.16,High
34,R.K. Puram,Delhi,Residential,55,45,2022,9,Sep,65.13,53.84,10.13,8.84,High
34,R.K. Puram,Delhi,Residential,55,45,2022,10,Oct,65.3,54.05,10.3,9.05,High
34,R.K. Puram,Delhi,Residential,55,45,2022,11,Nov,65.6,53.96,10.6,8.96,High
34,R.K. Puram,Delhi,Residential,55,45,2022,12,Dec,64.82,53.12,9.82,8.12,High
34,R.K. Puram,Delhi,Residential,55,45,2023,1,Jan,64.61,53.03,9.61,8.03,High
34,R.K. Puram,Delhi,Residential,55,45,2023,2,Feb,64.9,53.99,9.9,8.99,High
34,R.K. Puram,Delhi,Residential,55,45,2023,3,Mar,65.83,54.16,10.83,9.16,High
34,R.K. Puram,Delhi,Residential,55,45,2023,4,Apr,66.09,54.26,11.09,9.26,High
34,R.K. Puram,Delhi,Residential,55,45,2023,5,May,66.45,54.75,11.45,9.75,High
34,R.K. Puram,Delhi,Residential,55,45,2023,6,Jun,66.2,54.86,11.2,9.86,High
34,R.K. Puram,Delhi,Residential,55,45,2023,7,Jul,66.43,54.42,11.43,9.42,High
34,R.K. Puram,Delhi,Residential,55,45,2023,8,Aug,66.08,54.86,11.08,9.86,High
34,R.K. Puram,Delhi,Residential,55,45,2023,9,Sep,65.67,54.28,10.67,9.28,High
34,R.K. Puram,Delhi,Residential,55,45,2023,10,Oct,65.72,54.44,10.72,9.44,High
34,R.K. Puram,Delhi,Residential,55,45,2023,11,Nov,65.72,54.14,10.72,9.14,High
34,R.K. Puram,Delhi,Residential,55,45,2023,12,Dec,64.75,53.74,9.75,8.74,High
34,R.K. Puram,Delhi,Residential,55,45,2024,1,Jan,65.77,54.09,10.77,9.09,High
34,R.K. Puram,Delhi,Residential,55,45,2024,2,Feb,65.84,54.15,10.84,9.15,High
34,R.K. Puram,Delhi,Residential,55,45,2024,3,Mar,66.39,54.66,11.39,9.66,High
34,R.K. Puram,Delhi,Residential,55,45,2024,4,Apr,66.36,54.86,11.36,9.86,High
34,R.K. Puram,Delhi,Residential,55,45,2024,5,May,66.65,54.87,11.65,9.87,High
34,R.K. Puram,Delhi,Residential,55,45,2024,6,Jun,67.15,55.26,12.15,10.26,High
34,R.K. Puram,Delhi,Residential,55,45,2024,7,Jul,66.4,55.11,11.4,10.11,High
34,R.K. Puram,Delhi,Residential,55,45,2024,8,Aug,66.54,54.56,11.54,9.56,High
34,R.K. Puram,Delhi,Residential,55,45,2024,9,Sep,65.82,54.57,10.82,9.57,High
34,R.K. Puram,Delhi,Residential,55,45,2024,10,Oct,66.29,54.82,11.29,9.82,High
34,R.K. Puram,Delhi,Residential,55,45,2024,11,Nov,66.01,54.1,11.01,9.1,High
34,R.K. Puram,Delhi,Residential,55,45,2024,12,Dec,65.4,54.04,10.4,9.04,High
35,Rajpura Road,Delhi,Residential,55,45,2020,1,Jan,63.66,52.86,8.66,7.86,High
35,Rajpura Road,Delhi,Residential,55,45,2020,2,Feb,64.12,52.82,9.12,7.82,High
35,Rajpura Road,Delhi,Residential,55,45,2020,3,Mar,64.63,53.56,9.63,8.56,High
35,Rajpura Road,Delhi,Residential,55,45,2020,4,Apr,64.91,53.82,9.91,8.82,High
35,Rajpura Road,Delhi,Residential,55,45,2020,5,May,65.28,53.92,10.28,8.92,High
35,Rajpura Road,Delhi,Residential,55,45,2020,6,Jun,64.93,54.48,9.93,9.48,High
35,Rajpura Road,Delhi,Residential,55,45,2020,7,Jul,64.77,53.94,9.77,8.94,High
35,Rajpura Road,Delhi,Residential,55,45,2020,8,Aug,64.81,53.49,9.81,8.49,High
35,Rajpura Road,Delhi,Residential,55,45,2020,9,Sep,64.45,53.48,9.45,8.48,High
35,Rajpura Road,Delhi,Residential,55,45,2020,10,Oct,64.47,53.81,9.47,8.81,High
35,Rajpura Road,Delhi,Residential,55,45,2020,11,Nov,63.82,53.34,8.82,8.34,High
35,Rajpura Road,Delhi,Residential,55,45,2020,12,Dec,63.94,53.28,8.94,8.28,High
35,Rajpura Road,Delhi,Residential,55,45,2021,1,Jan,64.88,54.25,9.88,9.25,High
35,Rajpura Road,Delhi,Residential,55,45,2021,2,Feb,65.03,54.67,10.03,9.67,High
35,Rajpura Road,Delhi,Residential,55,45,2021,3,Mar,65.65,54.85,10.65,9.85,High
35,Rajpura Road,Delhi,Residential,55,45,2021,4,Apr,66.39,54.84,11.39,9.84,High
35,Rajpura Road,Delhi,Residential,55,45,2021,5,May,66.79,54.89,11.79,9.89,High
35,Rajpura Road,Delhi,Residential,55,45,2021,6,Jun,67.01,55.33,12.01,10.33,High
35,Rajpura Road,Delhi,Residential,55,45,2021,7,Jul,66.14,54.72,11.14,9.72,High
35,Rajpura Road,Delhi,Residential,55,45,2021,8,Aug,65.79,54.69,10.79,9.69,High
35,Rajpura Road,Delhi,Residential,55,45,2021,9,Sep,65.55,54.77,10.55,9.77,High
35,Rajpura Road,Delhi,Residential,55,45,2021,10,Oct,66.14,55.04,11.14,10.04,High
35,Rajpura Road,Delhi,Residential,55,45,2021,11,Nov,65.68,54.48,10.68,9.48,High
35,Rajpura Road,Delhi,Residential,55,45,2021,12,Dec,64.78,54.66,9.78,9.66,High
35,Rajpura Road,Delhi,Residential,55,45,2022,1,Jan,65.72,55.23,10.72,10.23,High
35,Rajpura Road,Delhi,Residential,55,45,2022,2,Feb,66.04,55.1,11.04,10.1,High
35,Rajpura Road,Delhi,Residential,55,45,2022,3,Mar,66.97,55.75,11.97,10.75,High
35,Rajpura Road,Delhi,Residential,55,45,2022,4,Apr,67.07,55.62,12.07,10.62,High
35,Rajpura Road,Delhi,Residential,55,45,2022,5,May,67.39,55.97,12.39,10.97,High
35,Rajpura Road,Delhi,Residential,55,45,2022,6,Jun,67.82,56.1,12.82,11.1,High
35,Rajpura Road,Delhi,Residential,55,45,2022,7,Jul,67.35,56.13,12.35,11.13,High
35,Rajpura Road,Delhi,Residential,55,45,2022,8,Aug,67.0,55.66,12.0,10.66,High
35,Rajpura Road,Delhi,Residential,55,45,2022,9,Sep,66.32,54.97,11.32,9.97,High
35,Rajpura Road,Delhi,Residential,55,45,2022,10,Oct,67.0,55.68,12.0,10.68,High
35,Rajpura Road,Delhi,Residential,55,45,2022,11,Nov,66.47,55.45,11.47,10.45,High
35,Rajpura Road,Delhi,Residential,55,45,2022,12,Dec,65.98,55.23,10.98,10.23,High
35,Rajpura Road,Delhi,Residential,55,45,2023,1,Jan,66.32,55.05,11.32,10.05,High
35,Rajpura Road,Delhi,Residential,55,45,2023,2,Feb,66.75,55.36,11.75,10.36,High
35,Rajpura Road,Delhi,Residential,55,45,2023,3,Mar,67.23,55.7,12.23,10.7,High
35,Rajpura Road,Delhi,Residential,55,45,2023,4,Apr,67.34,56.02,12.34,11.02,High
35,Rajpura Road,Delhi,Residential,55,45,2023,5,May,67.8,56.3,12.8,11.3,High
35,Rajpura Road,Delhi,Residential,55,45,2023,6,Jun,67.93,56.03,12.93,11.03,High
35,Rajpura Road,Delhi,Residential,55,45,2023,7,Jul,67.49,56.26,12.49,11.26,High
35,Rajpura Road,Delhi,Residential,55,45,2023,8,Aug,67.23,55.85,12.23,10.85,High
35,Rajpura Road,Delhi,Residential,55,45,2023,9,Sep,67.35,55.66,12.35,10.66,High
35,Rajpura Road,Delhi,Residential,55,45,2023,10,Oct,66.91,55.97,11.91,10.97,High
35,Rajpura Road,Delhi,Residential,55,45,2023,11,Nov,66.88,55.51,11.88,10.51,High
35,Rajpura Road,Delhi,Residential,55,45,2023,12,Dec,66.36,55.4,11.36,10.4,High
35,Rajpura Road,Delhi,Residential,55,45,2024,1,Jan,66.8,55.66,11.8,10.66,High
35,Rajpura Road,Delhi,Residential,55,45,2024,2,Feb,67.45,55.73,12.45,10.73,High
35,Rajpura Road,Delhi,Residential,55,45,2024,3,Mar,67.67,56.1,12.67,11.1,High
35,Rajpura Road,Delhi,Residential,55,45,2024,4,Apr,67.79,56.28,12.79,11.28,High
35,Rajpura Road,Delhi,Residential,55,45,2024,5,May,68.18,56.67,13.18,11.67,High
35,Rajpura Road,Delhi,Residential,55,45,2024,6,Jun,69.09,56.66,14.09,11.66,High
35,Rajpura Road,Delhi,Residential,55,45,2024,7,Jul,68.0,56.49,13.0,11.49,High
35,Rajpura Road,Delhi,Residential,55,45,2024,8,Aug,67.9,56.35,12.9,11.35,High
35,Rajpura Road,Delhi,Residential,55,45,2024,9,Sep,67.92,55.71,12.92,10.71,High
35,Rajpura Road,Delhi,Residential,55,45,2024,10,Oct,67.2,56.3,12.2,11.3,High
35,Rajpura Road,Delhi,Residential,55,45,2024,11,Nov,67.77,55.79,12.77,10.79,High
35,Rajpura Road,Delhi,Residential,55,45,2024,12,Dec,66.15,55.81,11.15,10.81,High
36,Rana Pratap Bagh,Delhi,Residential,55,45,2020,1,Jan,63.76,52.98,8.76,7.98,High
36,Rana Pratap Bagh,Delhi,Residential,55,45,2020,2,Feb,63.65,53.21,8.65,8.21,High
36,Rana Pratap Bagh,Delhi,Residential,55,45,2020,3,Mar,64.53,53.67,9.53,8.67,High
36,Rana Pratap Bagh,Delhi,Residential,55,45,2020,4,Apr,65.02,53.43,10.02,8.43,High
36,Rana Pratap Bagh,Delhi,Residential,55,45,2020,5,May,64.99,53.97,9.99,8.97,High
36,Rana Pratap Bagh,Delhi,Residential,55,45,2020,6,Jun,65.34,54.29,10.34,9.29,High
36,Rana Pratap Bagh,Delhi,Residential,55,45,2020,7,Jul,65.2,53.73,10.2,8.73,High
36,Rana Pratap Bagh,Delhi,Residential,55,45,2020,8,Aug,64.71,54.01,9.71,9.01,High
36,Rana Pratap Bagh,Delhi,Residential,55,45,2020,9,Sep,64.96,53.7,9.96,8.7,High
36,Rana Pratap Bagh,Delhi,Residential,55,45,2020,10,Oct,64.78,53.64,9.78,8.64,High
36,Rana Pratap Bagh,Delhi,Residential,55,45,2020,11,Nov,63.8,53.87,8.8,8.87,High
36,Rana Pratap Bagh,Delhi,Residential,55,45,2020,12,Dec,63.8,53.54,8.8,8.54,High
36,Rana Pratap Bagh,Delhi,Residential,55,45,2021,1,Jan,64.76,54.5,9.76,9.5,High
36,Rana Pratap Bagh,Delhi,Residential,55,45,2021,2,Feb,65.77,54.68,10.77,9.68,High
36,Rana Pratap Bagh,Delhi,Residential,55,45,2021,3,Mar,65.97,55.0,10.97,10.0,High
36,Rana Pratap Bagh,Delhi,Residential,55,45,2021,4,Apr,65.91,55.47,10.91,10.47,High
36,Rana Pratap Bagh,Delhi,Residential,55,45,2021,5,May,66.45,55.5,11.45,10.5,High
36,Rana Pratap Bagh,Delhi,Residential,55,45,2021,6,Jun,66.41,55.36,11.41,10.36,High
36,Rana Pratap Bagh,Delhi,Residential,55,45,2021,7,Jul,66.76,55.23,11.76,10.23,High
36,Rana Pratap Bagh,Delhi,Residential,55,45,2021,8,Aug,66.46,55.08,11.46,10.08,High
36,Rana Pratap Bagh,Delhi,Residential,55,45,2021,9,Sep,65.44,55.18,10.44,10.18,High
36,Rana Pratap Bagh,Delhi,Residential,55,45,2021,10,Oct,65.95,55.34,10.95,10.34,High
36,Rana Pratap Bagh,Delhi,Residential,55,45,2021,11,Nov,65.81,54.59,10.81,9.59,High
36,Rana Pratap Bagh,Delhi,Residential,55,45,2021,12,Dec,65.24,54.94,10.24,9.94,High
36,Rana Pratap Bagh,Delhi,Residential,55,45,2022,1,Jan,66.22,55.09,11.22,10.09,High
36,Rana Pratap Bagh,Delhi,Residential,55,45,2022,2,Feb,66.57,55.34,11.57,10.34,High
36,Rana Pratap Bagh,Delhi,Residential,55,45,2022,3,Mar,66.95,55.48,11.95,10.48,High
36,Rana Pratap Bagh,Delhi,Residential,55,45,2022,4,Apr,67.36,56.11,12.36,11.11,High
36,Rana Pratap Bagh,Delhi,Residential,55,45,2022,5,May,67.39,56.38,12.39,11.38,High
36,Rana Pratap Bagh,Delhi,Residential,55,45,2022,6,Jun,67.78,56.12,12.78,11.12,High
36,Rana Pratap Bagh,Delhi,Residential,55,45,2022,7,Jul,67.65,55.94,12.65,10.94,High
36,Rana Pratap Bagh,Delhi,Residential,55,45,2022,8,Aug,67.29,55.74,12.29,10.74,High
36,Rana Pratap Bagh,Delhi,Residential,55,45,2022,9,Sep,66.89,55.8,11.89,10.8,High
36,Rana Pratap Bagh,Delhi,Residential,55,45,2022,10,Oct,67.17,55.5,12.17,10.5,High
36,Rana Pratap Bagh,Delhi,Residential,55,45,2022,11,Nov,66.52,55.79,11.52,10.79,High
36,Rana Pratap Bagh,Delhi,Residential,55,45,2022,12,Dec,66.17,55.1,11.17,10.1,High
36,Rana Pratap Bagh,Delhi,Residential,55,45,2023,1,Jan,66.16,55.18,11.16,10.18,High
36,Rana Pratap Bagh,Delhi,Residential,55,45,2023,2,Feb,66.19,55.58,11.19,10.58,High
36,Rana Pratap Bagh,Delhi,Residential,55,45,2023,3,Mar,67.15,55.81,12.15,10.81,High
36,Rana Pratap Bagh,Delhi,Residential,55,45,2023,4,Apr,67.68,56.27,12.68,11.27,High
36,Rana Pratap Bagh,Delhi,Residential,55,45,2023,5,May,68.52,56.1,13.52,11.1,High
36,Rana Pratap Bagh,Delhi,Residential,55,45,2023,6,Jun,68.49,56.79,13.49,11.79,High
36,Rana Pratap Bagh,Delhi,Residential,55,45,2023,7,Jul,67.61,56.34,12.61,11.34,High
36,Rana Pratap Bagh,Delhi,Residential,55,45,2023,8,Aug,67.39,56.14,12.39,11.14,High
36,Rana Pratap Bagh,Delhi,Residential,55,45,2023,9,Sep,67.68,56.12,12.68,11.12,High
36,Rana Pratap Bagh,Delhi,Residential,55,45,2023,10,Oct,67.63,56.11,12.63,11.11,High
36,Rana Pratap Bagh,Delhi,Residential,55,45,2023,11,Nov,66.83,55.86,11.83,10.86,High
36,Rana Pratap Bagh,Delhi,Residential,55,45,2023,12,Dec,66.9,55.19,11.9,10.19,High
36,Rana Pratap Bagh,Delhi,Residential,55,45,2024,1,Jan,66.74,55.83,11.74,10.83,High
36,Rana Pratap Bagh,Delhi,Residential,55,45,2024,2,Feb,66.95,55.84,11.95,10.84,High
36,Rana Pratap Bagh,Delhi,Residential,55,45,2024,3,Mar,67.69,56.13,12.69,11.13,High
36,Rana Pratap Bagh,Delhi,Residential,55,45,2024,4,Apr,67.96,56.74,12.96,11.74,High
36,Rana Pratap Bagh,Delhi,Residential,55,45,2024,5,May,68.17,56.48,13.17,11.48,High
36,Rana Pratap Bagh,Delhi,Residential,55,45,2024,6,Jun,68.54,57.15,13.54,12.15,High
36,Rana Pratap Bagh,Delhi,Residential,55,45,2024,7,Jul,68.25,56.61,13.25,11.61,High
36,Rana Pratap Bagh,Delhi,Residential,55,45,2024,8,Aug,68.01,56.15,13.01,11.15,High
36,Rana Pratap Bagh,Delhi,Residential,55,45,2024,9,Sep,67.92,56.48,12.92,11.48,High
36,Rana Pratap Bagh,Delhi,Residential,55,45,2024,10,Oct,67.9,56.8,12.9,11.8,High
36,Rana Pratap Bagh,Delhi,Residential,55,45,2024,11,Nov,67.42,56.53,12.42,11.53,High
36,Rana Pratap Bagh,Delhi,Residential,55,45,2024,12,Dec,67.14,55.83,12.14,10.83,High
37,Shalimar Bagh,Delhi,Residential,55,45,2020,1,Jan,64.1,53.38,9.1,8.38,High
37,Shalimar Bagh,Delhi,Residential,55,45,2020,2,Feb,64.61,53.38,9.61,8.38,High
37,Shalimar Bagh,Delhi,Residential,55,45,2020,3,Mar,64.71,54.21,9.71,9.21,High
37,Shalimar Bagh,Delhi,Residential,55,45,2020,4,Apr,65.15,54.38,10.15,9.38,High
37,Shalimar Bagh,Delhi,Residential,55,45,2020,5,May,66.02,54.32,11.02,9.32,High
37,Shalimar Bagh,Delhi,Residential,55,45,2020,6,Jun,65.97,54.37,10.97,9.37,High
37,Shalimar Bagh,Delhi,Residential,55,45,2020,7,Jul,65.59,54.34,10.59,9.34,High
37,Shalimar Bagh,Delhi,Residential,55,45,2020,8,Aug,65.22,53.97,10.22,8.97,High
37,Shalimar Bagh,Delhi,Residential,55,45,2020,9,Sep,64.48,54.1,9.48,9.1,High
37,Shalimar Bagh,Delhi,Residential,55,45,2020,10,Oct,64.58,54.14,9.58,9.14,High
37,Shalimar Bagh,Delhi,Residential,55,45,2020,11,Nov,65.04,53.94,10.04,8.94,High
37,Shalimar Bagh,Delhi,Residential,55,45,2020,12,Dec,64.69,53.71,9.69,8.71,High
37,Shalimar Bagh,Delhi,Residential,55,45,2021,1,Jan,65.34,54.61,10.34,9.61,High
37,Shalimar Bagh,Delhi,Residential,55,45,2021,2,Feb,65.69,54.48,10.69,9.48,High
37,Shalimar Bagh,Delhi,Residential,55,45,2021,3,Mar,66.06,55.09,11.06,10.09,High
37,Shalimar Bagh,Delhi,Residential,55,45,2021,4,Apr,66.19,55.41,11.19,10.41,High
37,Shalimar Bagh,Delhi,Residential,55,45,2021,5,May,66.94,55.27,11.94,10.27,High
37,Shalimar Bagh,Delhi,Residential,55,45,2021,6,Jun,67.3,55.94,12.3,10.94,High
37,Shalimar Bagh,Delhi,Residential,55,45,2021,7,Jul,66.86,55.44,11.86,10.44,High
37,Shalimar Bagh,Delhi,Residential,55,45,2021,8,Aug,66.65,55.44,11.65,10.44,High
37,Shalimar Bagh,Delhi,Residential,55,45,2021,9,Sep,66.38,55.04,11.38,10.04,High
37,Shalimar Bagh,Delhi,Residential,55,45,2021,10,Oct,66.57,55.64,11.57,10.64,High
37,Shalimar Bagh,Delhi,Residential,55,45,2021,11,Nov,66.05,55.52,11.05,10.52,High
37,Shalimar Bagh,Delhi,Residential,55,45,2021,12,Dec,65.47,54.71,10.47,9.71,High
37,Shalimar Bagh,Delhi,Residential,55,45,2022,1,Jan,66.33,55.34,11.33,10.34,High
37,Shalimar Bagh,Delhi,Residential,55,45,2022,2,Feb,66.26,55.39,11.26,10.39,High
37,Shalimar Bagh,Delhi,Residential,55,45,2022,3,Mar,67.03,55.93,12.03,10.93,High
37,Shalimar Bagh,Delhi,Residential,55,45,2022,4,Apr,67.95,56.23,12.95,11.23,High
37,Shalimar Bagh,Delhi,Residential,55,45,2022,5,May,67.41,56.71,12.41,11.71,High
37,Shalimar Bagh,Delhi,Residential,55,45,2022,6,Jun,68.27,56.34,13.27,11.34,High
37,Shalimar Bagh,Delhi,Residential,55,45,2022,7,Jul,67.84,56.24,12.84,11.24,High
37,Shalimar Bagh,Delhi,Residential,55,45,2022,8,Aug,67.33,56.04,12.33,11.04,High
37,Shalimar Bagh,Delhi,Residential,55,45,2022,9,Sep,67.15,55.82,12.15,10.82,High
37,Shalimar Bagh,Delhi,Residential,55,45,2022,10,Oct,67.33,55.81,12.33,10.81,High
37,Shalimar Bagh,Delhi,Residential,55,45,2022,11,Nov,67.24,55.92,12.24,10.92,High
37,Shalimar Bagh,Delhi,Residential,55,45,2022,12,Dec,66.73,55.56,11.73,10.56,High
37,Shalimar Bagh,Delhi,Residential,55,45,2023,1,Jan,66.98,55.49,11.98,10.49,High
37,Shalimar Bagh,Delhi,Residential,55,45,2023,2,Feb,67.31,55.53,12.31,10.53,High
37,Shalimar Bagh,Delhi,Residential,55,45,2023,3,Mar,67.47,56.01,12.47,11.01,High
37,Shalimar Bagh,Delhi,Residential,55,45,2023,4,Apr,68.37,56.59,13.37,11.59,High
37,Shalimar Bagh,Delhi,Residential,55,45,2023,5,May,68.52,56.81,13.52,11.81,High
37,Shalimar Bagh,Delhi,Residential,55,45,2023,6,Jun,68.38,56.87,13.38,11.87,High
37,Shalimar Bagh,Delhi,Residential,55,45,2023,7,Jul,68.17,56.67,13.17,11.67,High
37,Shalimar Bagh,Delhi,Residential,55,45,2023,8,Aug,67.87,56.22,12.87,11.22,High
37,Shalimar Bagh,Delhi,Residential,55,45,2023,9,Sep,67.84,56.38,12.84,11.38,High
37,Shalimar Bagh,Delhi,Residential,55,45,2023,10,Oct,67.73,56.39,12.73,11.39,High
37,Shalimar Bagh,Delhi,Residential,55,45,2023,11,Nov,67.34,55.6,12.34,10.6,High
37,Shalimar Bagh,Delhi,Residential,55,45,2023,12,Dec,67.05,55.82,12.05,10.82,High
37,Shalimar Bagh,Delhi,Residential,55,45,2024,1,Jan,67.47,55.61,12.47,10.61,High
37,Shalimar Bagh,Delhi,Residential,55,45,2024,2,Feb,67.51,55.76,12.51,10.76,High
37,Shalimar Bagh,Delhi,Residential,55,45,2024,3,Mar,68.54,56.38,13.54,11.38,High
37,Shalimar Bagh,Delhi,Residential,55,45,2024,4,Apr,68.91,56.99,13.91,11.99,High
37,Shalimar Bagh,Delhi,Residential,55,45,2024,5,May,68.67,56.77,13.67,11.77,High
37,Shalimar Bagh,Delhi,Residential,55,45,2024,6,Jun,69.19,57.03,14.19,12.03,High
37,Shalimar Bagh,Delhi,Residential,55,45,2024,7,Jul,68.73,56.8,13.73,11.8,High
37,Shalimar Bagh,Delhi,Residential,55,45,2024,8,Aug,67.95,56.25,12.95,11.25,High
37,Shalimar Bagh,Delhi,Residential,55,45,2024,9,Sep,68.26,56.49,13.26,11.49,High
37,Shalimar Bagh,Delhi,Residential,55,45,2024,10,Oct,68.26,56.94,13.26,11.94,High
37,Shalimar Bagh,Delhi,Residential,55,45,2024,11,Nov,68.39,56.45,13.39,11.45,High
37,Shalimar Bagh,Delhi,Residential,55,45,2024,12,Dec,67.41,56.2,12.41,11.2,High
38,Shanti Vihar,Delhi,Residential,55,45,2020,1,Jan,61.96,51.64,6.96,6.64,High
38,Shanti Vihar,Delhi,Residential,55,45,2020,2,Feb,62.64,51.94,7.64,6.94,High
38,Shanti Vihar,Delhi,Residential,55,45,2020,3,Mar,62.62,52.05,7.62,7.05,High
38,Shanti Vihar,Delhi,Residential,55,45,2020,4,Apr,63.28,52.42,8.28,7.42,High
38,Shanti Vihar,Delhi,Residential,55,45,2020,5,May,63.92,52.9,8.92,7.9,High
38,Shanti Vihar,Delhi,Residential,55,45,2020,6,Jun,63.88,52.7,8.88,7.7,High
38,Shanti Vihar,Delhi,Residential,55,45,2020,7,Jul,63.89,52.56,8.89,7.56,High
38,Shanti Vihar,Delhi,Residential,55,45,2020,8,Aug,63.62,52.36,8.62,7.36,High
38,Shanti Vihar,Delhi,Residential,55,45,2020,9,Sep,62.81,51.93,7.81,6.93,High
38,Shanti Vihar,Delhi,Residential,55,45,2020,10,Oct,62.91,52.53,7.91,7.53,High
38,Shanti Vihar,Delhi,Residential,55,45,2020,11,Nov,63.3,52.47,8.3,7.47,High
38,Shanti Vihar,Delhi,Residential,55,45,2020,12,Dec,62.61,51.93,7.61,6.93,High
38,Shanti Vihar,Delhi,Residential,55,45,2021,1,Jan,63.55,52.57,8.55,7.57,High
38,Shanti Vihar,Delhi,Residential,55,45,2021,2,Feb,64.11,53.08,9.11,8.08,High
38,Shanti Vihar,Delhi,Residential,55,45,2021,3,Mar,64.53,53.48,9.53,8.48,High
38,Shanti Vihar,Delhi,Residential,55,45,2021,4,Apr,64.98,53.86,9.98,8.86,High
38,Shanti Vihar,Delhi,Residential,55,45,2021,5,May,65.52,53.91,10.52,8.91,High
38,Shanti Vihar,Delhi,Residential,55,45,2021,6,Jun,65.61,54.1,10.61,9.1,High
38,Shanti Vihar,Delhi,Residential,55,45,2021,7,Jul,64.88,53.85,9.88,8.85,High
38,Shanti Vihar,Delhi,Residential,55,45,2021,8,Aug,64.35,53.71,9.35,8.71,High
38,Shanti Vihar,Delhi,Residential,55,45,2021,9,Sep,64.2,53.46,9.2,8.46,High
38,Shanti Vihar,Delhi,Residential,55,45,2021,10,Oct,64.49,53.71,9.49,8.71,High
38,Shanti Vihar,Delhi,Residential,55,45,2021,11,Nov,64.39,52.98,9.39,7.98,High
38,Shanti Vihar,Delhi,Residential,55,45,2021,12,Dec,63.91,52.78,8.91,7.78,High
38,Shanti Vihar,Delhi,Residential,55,45,2022,1,Jan,64.92,53.5,9.92,8.5,High
38,Shanti Vihar,Delhi,Residential,55,45,2022,2,Feb,65.0,53.51,10.0,8.51,High
38,Shanti Vihar,Delhi,Residential,55,45,2022,3,Mar,65.35,54.01,10.35,9.01,High
38,Shanti Vihar,Delhi,Residential,55,45,2022,4,Apr,66.11,54.64,11.11,9.64,High
38,Shanti Vihar,Delhi,Residential,55,45,2022,5,May,66.0,54.72,11.0,9.72,High
38,Shanti Vihar,Delhi,Residential,55,45,2022,6,Jun,65.86,54.46,10.86,9.46,High
38,Shanti Vihar,Delhi,Residential,55,45,2022,7,Jul,65.76,54.13,10.76,9.13,High
38,Shanti Vihar,Delhi,Residential,55,45,2022,8,Aug,65.3,54.28,10.3,9.28,High
38,Shanti Vihar,Delhi,Residential,55,45,2022,9,Sep,65.45,54.18,10.45,9.18,High
38,Shanti Vihar,Delhi,Residential,55,45,2022,10,Oct,65.87,54.35,10.87,9.35,High
38,Shanti Vihar,Delhi,Residential,55,45,2022,11,Nov,65.56,53.99,10.56,8.99,High
38,Shanti Vihar,Delhi,Residential,55,45,2022,12,Dec,64.5,53.81,9.5,8.81,High
38,Shanti Vihar,Delhi,Residential,55,45,2023,1,Jan,64.95,53.61,9.95,8.61,High
38,Shanti Vihar,Delhi,Residential,55,45,2023,2,Feb,65.26,53.82,10.26,8.82,High
38,Shanti Vihar,Delhi,Residential,55,45,2023,3,Mar,65.8,54.47,10.8,9.47,High
38,Shanti Vihar,Delhi,Residential,55,45,2023,4,Apr,66.39,54.42,11.39,9.42,High
38,Shanti Vihar,Delhi,Residential,55,45,2023,5,May,66.48,55.01,11.48,10.01,High
38,Shanti Vihar,Delhi,Residential,55,45,2023,6,Jun,66.92,55.42,11.92,10.42,High
38,Shanti Vihar,Delhi,Residential,55,45,2023,7,Jul,66.7,54.93,11.7,9.93,High
38,Shanti Vihar,Delhi,Residential,55,45,2023,8,Aug,65.75,54.65,10.75,9.65,High
38,Shanti Vihar,Delhi,Residential,55,45,2023,9,Sep,65.89,54.29,10.89,9.29,High
38,Shanti Vihar,Delhi,Residential,55,45,2023,10,Oct,66.14,54.79,11.14,9.79,High
38,Shanti Vihar,Delhi,Residential,55,45,2023,11,Nov,65.93,54.12,10.93,9.12,High
38,Shanti Vihar,Delhi,Residential,55,45,2023,12,Dec,65.39,53.77,10.39,8.77,High
38,Shanti Vihar,Delhi,Residential,55,45,2024,1,Jan,65.65,54.14,10.65,9.14,High
38,Shanti Vihar,Delhi,Residential,55,45,2024,2,Feb,65.75,54.55,10.75,9.55,High
38,Shanti Vihar,Delhi,Residential,55,45,2024,3,Mar,66.14,55.19,11.14,10.19,High
38,Shanti Vihar,Delhi,Residential,55,45,2024,4,Apr,66.34,54.88,11.34,9.88,High
38,Shanti Vihar,Delhi,Residential,55,45,2024,5,May,67.19,55.32,12.19,10.32,High
38,Shanti Vihar,Delhi,Residential,55,45,2024,6,Jun,67.27,55.39,12.27,10.39,High
38,Shanti Vihar,Delhi,Residential,55,45,2024,7,Jul,67.0,55.05,12.0,10.05,High
38,Shanti Vihar,Delhi,Residential,55,45,2024,8,Aug,66.95,55.07,11.95,10.07,High
38,Shanti Vihar,Delhi,Residential,55,45,2024,9,Sep,66.62,54.61,11.62,9.61,High
38,Shanti Vihar,Delhi,Residential,55,45,2024,10,Oct,66.58,54.94,11.58,9.94,High
38,Shanti Vihar,Delhi,Residential,55,45,2024,11,Nov,66.05,54.77,11.05,9.77,High
38,Shanti Vihar,Delhi,Residential,55,45,2024,12,Dec,65.57,54.43,10.57,9.43,High
39,Tilak Nagar,Delhi,Residential,55,45,2020,1,Jan,62.83,52.74,7.83,7.74,High
39,Tilak Nagar,Delhi,Residential,55,45,2020,2,Feb,63.08,52.64,8.08,7.64,High
39,Tilak Nagar,Delhi,Residential,55,45,2020,3,Mar,64.1,52.89,9.1,7.89,High
39,Tilak Nagar,Delhi,Residential,55,45,2020,4,Apr,64.51,52.95,9.51,7.95,High
39,Tilak Nagar,Delhi,Residential,55,45,2020,5,May,64.96,53.4,9.96,8.4,High
39,Tilak Nagar,Delhi,Residential,55,45,2020,6,Jun,64.65,53.54,9.65,8.54,High
39,Tilak Nagar,Delhi,Residential,55,45,2020,7,Jul,64.6,53.18,9.6,8.18,High
39,Tilak Nagar,Delhi,Residential,55,45,2020,8,Aug,63.91,53.06,8.91,8.06,High
39,Tilak Nagar,Delhi,Residential,55,45,2020,9,Sep,63.61,53.36,8.61,8.36,High
39,Tilak Nagar,Delhi,Residential,55,45,2020,10,Oct,63.96,53.37,8.96,8.37,High
39,Tilak Nagar,Delhi,Residential,55,45,2020,11,Nov,63.85,52.7,8.85,7.7,High
39,Tilak Nagar,Delhi,Residential,55,45,2020,12,Dec,63.2,52.66,8.2,7.66,High
39,Tilak Nagar,Delhi,Residential,55,45,2021,1,Jan,64.45,53.84,9.45,8.84,High
39,Tilak Nagar,Delhi,Residential,55,45,2021,2,Feb,64.96,53.98,9.96,8.98,High
39,Tilak Nagar,Delhi,Residential,55,45,2021,3,Mar,65.19,53.98,10.19,8.98,High
39,Tilak Nagar,Delhi,Residential,55,45,2021,4,Apr,65.55,54.44,10.55,9.44,High
39,Tilak Nagar,Delhi,Residential,55,45,2021,5,May,66.14,54.17,11.14,9.17,High
39,Tilak Nagar,Delhi,Residential,55,45,2021,6,Jun,66.2,54.83,11.2,9.83,High
39,Tilak Nagar,Delhi,Residential,55,45,2021,7,Jul,65.73,54.76,10.73,9.76,High
39,Tilak Nagar,Delhi,Residential,55,45,2021,8,Aug,65.61,54.56,10.61,9.56,High
39,Tilak Nagar,Delhi,Residential,55,45,2021,9,Sep,65.25,54.39,10.25,9.39,High
39,Tilak Nagar,Delhi,Residential,55,45,2021,10,Oct,65.91,54.66,10.91,9.66,High
39,Tilak Nagar,Delhi,Residential,55,45,2021,11,Nov,64.93,54.05,9.93,9.05,High
39,Tilak Nagar,Delhi,Residential,55,45,2021,12,Dec,64.51,53.8,9.51,8.8,High
39,Tilak Nagar,Delhi,Residential,55,45,2022,1,Jan,65.67,54.13,10.67,9.13,High
39,Tilak Nagar,Delhi,Residential,55,45,2022,2,Feb,65.72,54.1,10.72,9.1,High
39,Tilak Nagar,Delhi,Residential,55,45,2022,3,Mar,66.66,54.8,11.66,9.8,High
39,Tilak Nagar,Delhi,Residential,55,45,2022,4,Apr,66.71,55.04,11.71,10.04,High
39,Tilak Nagar,Delhi,Residential,55,45,2022,5,May,67.29,54.73,12.29,9.73,High
39,Tilak Nagar,Delhi,Residential,55,45,2022,6,Jun,67.2,55.48,12.2,10.48,High
39,Tilak Nagar,Delhi,Residential,55,45,2022,7,Jul,66.69,55.55,11.69,10.55,High
39,Tilak Nagar,Delhi,Residential,55,45,2022,8,Aug,66.28,55.15,11.28,10.15,High
39,Tilak Nagar,Delhi,Residential,55,45,2022,9,Sep,66.39,55.15,11.39,10.15,High
39,Tilak Nagar,Delhi,Residential,55,45,2022,10,Oct,66.33,54.95,11.33,9.95,High
39,Tilak Nagar,Delhi,Residential,55,45,2022,11,Nov,66.47,54.89,11.47,9.89,High
39,Tilak Nagar,Delhi,Residential,55,45,2022,12,Dec,65.21,54.29,10.21,9.29,High
39,Tilak Nagar,Delhi,Residential,55,45,2023,1,Jan,66.0,54.77,11.0,9.77,High
39,Tilak Nagar,Delhi,Residential,55,45,2023,2,Feb,65.93,54.22,10.93,9.22,High
39,Tilak Nagar,Delhi,Residential,55,45,2023,3,Mar,66.83,54.96,11.83,9.96,High
39,Tilak Nagar,Delhi,Residential,55,45,2023,4,Apr,66.6,54.83,11.6,9.83,High
39,Tilak Nagar,Delhi,Residential,55,45,2023,5,May,67.6,55.63,12.6,10.63,High
39,Tilak Nagar,Delhi,Residential,55,45,2023,6,Jun,67.54,56.08,12.54,11.08,High
39,Tilak Nagar,Delhi,Residential,55,45,2023,7,Jul,67.36,55.82,12.36,10.82,High
39,Tilak Nagar,Delhi,Residential,55,45,2023,8,Aug,66.55,55.29,11.55,10.29,High
39,Tilak Nagar,Delhi,Residential,55,45,2023,9,Sep,66.3,55.15,11.3,10.15,High
39,Tilak Nagar,Delhi,Residential,55,45,2023,10,Oct,66.84,55.53,11.84,10.53,High
39,Tilak Nagar,Delhi,Residential,55,45,2023,11,Nov,66.61,55.22,11.61,10.22,High
39,Tilak Nagar,Delhi,Residential,55,45,2023,12,Dec,66.18,55.13,11.18,10.13,High
39,Tilak Nagar,Delhi,Residential,55,45,2024,1,Jan,66.32,54.81,11.32,9.81,High
39,Tilak Nagar,Delhi,Residential,55,45,2024,2,Feb,66.66,55.04,11.66,10.04,High
39,Tilak Nagar,Delhi,Residential,55,45,2024,3,Mar,67.57,55.54,12.57,10.54,High
39,Tilak Nagar,Delhi,Residential,55,45,2024,4,Apr,67.46,55.71,12.46,10.71,High
39,Tilak Nagar,Delhi,Residential,55,45,2024,5,May,68.08,55.97,13.08,10.97,High
39,Tilak Nagar,Delhi,Residential,55,45,2024,6,Jun,67.94,56.53,12.94,11.53,High
39,Tilak Nagar,Delhi,Residential,55,45,2024,7,Jul,67.49,55.91,12.49,10.91,High
39,Tilak Nagar,Delhi,Residential,55,45,2024,8,Aug,67.56,55.37,12.56,10.37,High
39,Tilak Nagar,Delhi,Residential,55,45,2024,9,Sep,67.32,55.39,12.32,10.39,High
39,Tilak Nagar,Delhi,Residential,55,45,2024,10,Oct,67.61,55.61,12.61,10.61,High
39,Tilak Nagar,Delhi,Residential,55,45,2024,11,Nov,67.27,55.72,12.27,10.72,High
39,Tilak Nagar,Delhi,Residential,55,45,2024,12,Dec,66.72,55.15,11.72,10.15,High
40,Vasant Kunj,Delhi,Residential,55,45,2020,1,Jan,60.64,50.08,5.64,5.08,High
40,Vasant Kunj,Delhi,Residential,55,45,2020,2,Feb,61.27,50.26,6.27,5.26,High
40,Vasant Kunj,Delhi,Residential,55,45,2020,3,Mar,61.24,50.93,6.24,5.93,High
40,Vasant Kunj,Delhi,Residential,55,45,2020,4,Apr,61.7,50.81,6.7,5.81,High
40,Vasant Kunj,Delhi,Residential,55,45,2020,5,May,61.84,51.1,6.84,6.1,High
40,Vasant Kunj,Delhi,Residential,55,45,2020,6,Jun,62.38,51.45,7.38,6.45,High
40,Vasant Kunj,Delhi,Residential,55,45,2020,7,Jul,62.24,51.21,7.24,6.21,High
40,Vasant Kunj,Delhi,Residential,55,45,2020,8,Aug,61.65,50.86,6.65,5.86,High
40,Vasant Kunj,Delhi,Residential,55,45,2020,9,Sep,61.63,51.05,6.63,6.05,High
40,Vasant Kunj,Delhi,Residential,55,45,2020,10,Oct,61.73,50.91,6.73,5.91,High
40,Vasant Kunj,Delhi,Residential,55,45,2020,11,Nov,61.15,50.41,6.15,5.41,High
40,Vasant Kunj,Delhi,Residential,55,45,2020,12,Dec,60.97,50.42,5.97,5.42,High
40,Vasant Kunj,Delhi,Residential,55,45,2021,1,Jan,62.24,51.37,7.24,6.37,High
40,Vasant Kunj,Delhi,Residential,55,45,2021,2,Feb,62.65,51.5,7.65,6.5,High
40,Vasant Kunj,Delhi,Residential,55,45,2021,3,Mar,63.14,51.99,8.14,6.99,High
40,Vasant Kunj,Delhi,Residential,55,45,2021,4,Apr,63.15,52.32,8.15,7.32,High
40,Vasant Kunj,Delhi,Residential,55,45,2021,5,May,63.7,52.47,8.7,7.47,High
40,Vasant Kunj,Delhi,Residential,55,45,2021,6,Jun,63.82,52.59,8.82,7.59,High
40,Vasant Kunj,Delhi,Residential,55,45,2021,7,Jul,64.0,52.54,9.0,7.54,High
40,Vasant Kunj,Delhi,Residential,55,45,2021,8,Aug,63.28,52.12,8.28,7.12,High
40,Vasant Kunj,Delhi,Residential,55,45,2021,9,Sep,63.15,52.1,8.15,7.1,High
40,Vasant Kunj,Delhi,Residential,55,45,2021,10,Oct,63.11,52.14,8.11,7.14,High
40,Vasant Kunj,Delhi,Residential,55,45,2021,11,Nov,62.78,51.27,7.78,6.27,High
40,Vasant Kunj,Delhi,Residential,55,45,2021,12,Dec,62.25,51.4,7.25,6.4,High
40,Vasant Kunj,Delhi,Residential,55,45,2022,1,Jan,63.5,52.1,8.5,7.1,High
40,Vasant Kunj,Delhi,Residential,55,45,2022,2,Feb,63.0,52.29,8.0,7.29,High
40,Vasant Kunj,Delhi,Residential,55,45,2022,3,Mar,63.64,52.79,8.64,7.79,High
40,Vasant Kunj,Delhi,Residential,55,45,2022,4,Apr,64.37,53.09,9.37,8.09,High
40,Vasant Kunj,Delhi,Residential,55,45,2022,5,May,64.4,53.11,9.4,8.11,High
40,Vasant Kunj,Delhi,Residential,55,45,2022,6,Jun,64.46,53.44,9.46,8.44,High
40,Vasant Kunj,Delhi,Residential,55,45,2022,7,Jul,64.53,53.1,9.53,8.1,High
40,Vasant Kunj,Delhi,Residential,55,45,2022,8,Aug,64.1,52.88,9.1,7.88,High
40,Vasant Kunj,Delhi,Residential,55,45,2022,9,Sep,64.3,52.64,9.3,7.64,High
40,Vasant Kunj,Delhi,Residential,55,45,2022,10,Oct,64.13,52.68,9.13,7.68,High
40,Vasant Kunj,Delhi,Residential,55,45,2022,11,Nov,63.58,52.62,8.58,7.62,High
40,Vasant Kunj,Delhi,Residential,55,45,2022,12,Dec,63.48,52.15,8.48,7.15,High
40,Vasant Kunj,Delhi,Residential,55,45,2023,1,Jan,63.44,52.32,8.44,7.32,High
40,Vasant Kunj,Delhi,Residential,55,45,2023,2,Feb,63.57,52.66,8.57,7.66,High
40,Vasant Kunj,Delhi,Residential,55,45,2023,3,Mar,63.93,53.26,8.93,8.26,High
40,Vasant Kunj,Delhi,Residential,55,45,2023,4,Apr,64.53,53.34,9.53,8.34,High
40,Vasant Kunj,Delhi,Residential,55,45,2023,5,May,64.68,53.53,9.68,8.53,High
40,Vasant Kunj,Delhi,Residential,55,45,2023,6,Jun,65.37,53.68,10.37,8.68,High
40,Vasant Kunj,Delhi,Residential,55,45,2023,7,Jul,64.55,53.35,9.55,8.35,High
40,Vasant Kunj,Delhi,Residential,55,45,2023,8,Aug,64.2,53.05,9.2,8.05,High
40,Vasant Kunj,Delhi,Residential,55,45,2023,9,Sep,64.56,53.16,9.56,8.16,High
40,Vasant Kunj,Delhi,Residential,55,45,2023,10,Oct,64.5,53.01,9.5,8.01,High
40,Vasant Kunj,Delhi,Residential,55,45,2023,11,Nov,64.36,52.9,9.36,7.9,High
40,Vasant Kunj,Delhi,Residential,55,45,2023,12,Dec,63.02,52.66,8.02,7.66,High
40,Vasant Kunj,Delhi,Residential,55,45,2024,1,Jan,63.99,53.04,8.99,8.04,High
40,Vasant Kunj,Delhi,Residential,55,45,2024,2,Feb,63.93,52.36,8.93,7.36,High
40,Vasant Kunj,Delhi,Residential,55,45,2024,3,Mar,64.87,53.46,9.87,8.46,High
40,Vasant Kunj,Delhi,Residential,55,45,2024,4,Apr,64.78,53.4,9.78,8.4,High
40,Vasant Kunj,Delhi,Residential,55,45,2024,5,May,66.19,53.74,11.19,8.74,High
40,Vasant Kunj,Delhi,Residential,55,45,2024,6,Jun,65.88,53.87,10.88,8.87,High
40,Vasant Kunj,Delhi,Residential,55,45,2024,7,Jul,64.78,53.67,9.78,8.67,High
40,Vasant Kunj,Delhi,Residential,55,45,2024,8,Aug,64.93,53.42,9.93,8.42,High
40,Vasant Kunj,Delhi,Residential,55,45,2024,9,Sep,64.77,53.45,9.77,8.45,High
40,Vasant Kunj,Delhi,Residential,55,45,2024,10,Oct,64.96,53.35,9.96,8.35,High
40,Vasant Kunj,Delhi,Residential,55,45,2024,11,Nov,64.82,52.91,9.82,7.91,High
40,Vasant Kunj,Delhi,Residential,55,45,2024,12,Dec,63.59,53.05,8.59,8.05,High
41,Yamuna Vihar,Delhi,Residential,55,45,2020,1,Jan,64.43,53.79,9.43,8.79,High
41,Yamuna Vihar,Delhi,Residential,55,45,2020,2,Feb,64.15,53.86,9.15,8.86,High
41,Yamuna Vihar,Delhi,Residential,55,45,2020,3,Mar,65.03,54.08,10.03,9.08,High
41,Yamuna Vihar,Delhi,Residential,55,45,2020,4,Apr,65.32,54.73,10.32,9.73,High
41,Yamuna Vihar,Delhi,Residential,55,45,2020,5,May,66.16,54.72,11.16,9.72,High
41,Yamuna Vihar,Delhi,Residential,55,45,2020,6,Jun,66.19,54.62,11.19,9.62,High
41,Yamuna Vihar,Delhi,Residential,55,45,2020,7,Jul,65.76,54.54,10.76,9.54,High
41,Yamuna Vihar,Delhi,Residential,55,45,2020,8,Aug,65.38,54.45,10.38,9.45,High
41,Yamuna Vihar,Delhi,Residential,55,45,2020,9,Sep,65.43,54.23,10.43,9.23,High
41,Yamuna Vihar,Delhi,Residential,55,45,2020,10,Oct,65.46,54.54,10.46,9.54,High
41,Yamuna Vihar,Delhi,Residential,55,45,2020,11,Nov,64.96,54.26,9.96,9.26,High
41,Yamuna Vihar,Delhi,Residential,55,45,2020,12,Dec,64.19,53.9,9.19,8.9,High
41,Yamuna Vihar,Delhi,Residential,55,45,2021,1,Jan,65.68,55.05,10.68,10.05,High
41,Yamuna Vihar,Delhi,Residential,55,45,2021,2,Feb,65.92,55.36,10.92,10.36,High
41,Yamuna Vihar,Delhi,Residential,55,45,2021,3,Mar,66.73,55.39,11.73,10.39,High
41,Yamuna Vihar,Delhi,Residential,55,45,2021,4,Apr,67.12,55.56,12.12,10.56,High
41,Yamuna Vihar,Delhi,Residential,55,45,2021,5,May,67.35,56.12,12.35,11.12,High
41,Yamuna Vihar,Delhi,Residential,55,45,2021,6,Jun,66.92,56.22,11.92,11.22,High
41,Yamuna Vihar,Delhi,Residential,55,45,2021,7,Jul,66.88,55.75,11.88,10.75,High
41,Yamuna Vihar,Delhi,Residential,55,45,2021,8,Aug,67.04,55.57,12.04,10.57,High
41,Yamuna Vihar,Delhi,Residential,55,45,2021,9,Sep,66.3,55.62,11.3,10.62,High
41,Yamuna Vihar,Delhi,Residential,55,45,2021,10,Oct,66.87,55.77,11.87,10.77,High
41,Yamuna Vihar,Delhi,Residential,55,45,2021,11,Nov,66.69,55.61,11.69,10.61,High
41,Yamuna Vihar,Delhi,Residential,55,45,2021,12,Dec,65.26,54.99,10.26,9.99,High
41,Yamuna Vihar,Delhi,Residential,55,45,2022,1,Jan,66.56,55.8,11.56,10.8,High
41,Yamuna Vihar,Delhi,Residential,55,45,2022,2,Feb,66.24,56.41,11.24,11.41,High
41,Yamuna Vihar,Delhi,Residential,55,45,2022,3,Mar,67.63,56.33,12.63,11.33,High
41,Yamuna Vihar,Delhi,Residential,55,45,2022,4,Apr,68.2,56.97,13.2,11.97,High
41,Yamuna Vihar,Delhi,Residential,55,45,2022,5,May,68.42,56.89,13.42,11.89,High
41,Yamuna Vihar,Delhi,Residential,55,45,2022,6,Jun,68.43,56.87,13.43,11.87,High
41,Yamuna Vihar,Delhi,Residential,55,45,2022,7,Jul,67.88,56.43,12.88,11.43,High
41,Yamuna Vihar,Delhi,Residential,55,45,2022,8,Aug,67.53,56.13,12.53,11.13,High
41,Yamuna Vihar,Delhi,Residential,55,45,2022,9,Sep,67.48,55.96,12.48,10.96,High
41,Yamuna Vihar,Delhi,Residential,55,45,2022,10,Oct,67.75,56.49,12.75,11.49,High
41,Yamuna Vihar,Delhi,Residential,55,45,2022,11,Nov,67.44,56.1,12.44,11.1,High
41,Yamuna Vihar,Delhi,Residential,55,45,2022,12,Dec,67.57,56.07,12.57,11.07,High
41,Yamuna Vihar,Delhi,Residential,55,45,2023,1,Jan,66.79,56.05,11.79,11.05,High
41,Yamuna Vihar,Delhi,Residential,55,45,2023,2,Feb,67.15,56.0,12.15,11.0,High
41,Yamuna Vihar,Delhi,Residential,55,45,2023,3,Mar,67.56,56.69,12.56,11.69,High
41,Yamuna Vihar,Delhi,Residential,55,45,2023,4,Apr,68.13,56.99,13.13,11.99,High
41,Yamuna Vihar,Delhi,Residential,55,45,2023,5,May,68.85,57.27,13.85,12.27,High
41,Yamuna Vihar,Delhi,Residential,55,45,2023,6,Jun,68.59,57.3,13.59,12.3,High
41,Yamuna Vihar,Delhi,Residential,55,45,2023,7,Jul,68.56,56.81,13.56,11.81,High
41,Yamuna Vihar,Delhi,Residential,55,45,2023,8,Aug,67.91,57.02,12.91,12.02,High
41,Yamuna Vihar,Delhi,Residential,55,45,2023,9,Sep,67.96,56.73,12.96,11.73,High
41,Yamuna Vihar,Delhi,Residential,55,45,2023,10,Oct,67.89,56.56,12.89,11.56,High
41,Yamuna Vihar,Delhi,Residential,55,45,2023,11,Nov,67.66,56.48,12.66,11.48,High
41,Yamuna Vihar,Delhi,Residential,55,45,2023,12,Dec,66.93,56.1,11.93,11.1,High
41,Yamuna Vihar,Delhi,Residential,55,45,2024,1,Jan,67.18,56.18,12.18,11.18,High
41,Yamuna Vihar,Delhi,Residential,55,45,2024,2,Feb,67.97,56.72,12.97,11.72,High
41,Yamuna Vihar,Delhi,Residential,55,45,2024,3,Mar,68.3,56.8,13.3,11.8,High
41,Yamuna Vihar,Delhi,Residential,55,45,2024,4,Apr,68.54,57.13,13.54,12.13,High
41,Yamuna Vihar,Delhi,Residential,55,45,2024,5,May,69.26,57.59,14.26,12.59,High
41,Yamuna Vihar,Delhi,Residential,55,45,2024,6,Jun,69.18,57.37,14.18,12.37,High
41,Yamuna Vihar,Delhi,Residential,55,45,2024,7,Jul,68.97,57.14,13.97,12.14,High
41,Yamuna Vihar,Delhi,Residential,55,45,2024,8,Aug,68.47,57.37,13.47,12.37,High
41,Yamuna Vihar,Delhi,Residential,55,45,2024,9,Sep,68.61,57.03,13.61,12.03,High
41,Yamuna Vihar,Delhi,Residential,55,45,2024,10,Oct,68.28,57.24,13.28,12.24,High
41,Yamuna Vihar,Delhi,Residential,55,45,2024,11,Nov,68.57,56.82,13.57,11.82,High
41,Yamuna Vihar,Delhi,Residential,55,45,2024,12,Dec,68.04,56.76,13.04,11.76,High
